source_id,source_ident,state,name,historical_name,municipality,latitude_deg,longitude_deg,elevation_ft,status,include,notes,source_url
894491E591,,AK,(Original) Huslia Airport,,Huslia,65.702,-156.382,,HISTORICAL_INFORMATIONAL,yes,,https://www.airfields-freeman.com/AK/Airfields_AK_E.htm
4A708035FB,,AK,(Original) Point Barrow Airfield / Barrow Naval Arctic Research Laboratory Airfield / Original Point Barrow Airport,,Barrow,71.338,-156.639,,HISTORICAL_INFORMATIONAL,yes,,https://www.airfields-freeman.com/AK/Airfields_AK_E.htm
99B39E5396,,AK,Alexai Point Army Airfield,,Attu Island,52.816,173.297,,HISTORICAL_INFORMATIONAL,yes,,https://www.airfields-freeman.com/AK/Airfields_AK_W.htm
764D8AFE6B,,AK,Amchitka Army Airfield / Naval Air Facility Amchitka / Amchitka Air Force Base,,Amchitka Island,51.38,179.27,,HISTORICAL_INFORMATIONAL,yes,,https://www.airfields-freeman.com/AK/Airfields_AK_W.htm
CBF00E841A,,AK,Anchorage Aviation Field / Delaney Park Airfield,,Anchorage,61.213,-149.899,,HISTORICAL_INFORMATIONAL,yes,,https://www.airfields-freeman.com/AK/Airfields_AK_E.htm
952F0839F7,,AK,Deering Airport (original location),,Deering,66.079,-162.734,,HISTORICAL_INFORMATIONAL,yes,,https://www.airfields-freeman.com/AK/Airfields_AK_W.htm
B6C3D47748,,AK,Fort Glenn North Satellite Army Airfield / North Shore Airfield,,Umnak Island,53.375,-167.895,,HISTORICAL_INFORMATIONAL,yes,,https://www.airfields-freeman.com/AK/Airfields_AK_W.htm
3F2B4B4CBF,,AK,Fort Randall Army Airfield Satellite Field,,Cold Bay,55.176,-162.646,,HISTORICAL_INFORMATIONAL,yes,,https://www.airfields-freeman.com/AK/Airfields_AK_W.htm
343D8C4B15,,AK,Miller Army Airfield,,Cape Chiniak,57.616,-152.194,,HISTORICAL_INFORMATIONAL,yes,,https://www.airfields-freeman.com/AK/Airfields_AK_E.htm
6227A067B6,,AK,Naval Air Station Sitka,,Sitka,57.053,-135.352,,HISTORICAL_INFORMATIONAL,yes,,https://www.airfields-freeman.com/AK/Airfields_AK_E.htm
51CFB64B33,,AK,Newtok Airport (EWU / WWT),,Newtok,60.938,-164.64,,HISTORICAL_INFORMATIONAL,yes,,https://www.airfields-freeman.com/AK/Airfields_AK_W.htm
AD055EE27E,,AK,Nuiqsut Airport (original location),,Nuiqsut,70.217,-150.972,,HISTORICAL_INFORMATIONAL,yes,,https://www.airfields-freeman.com/AK/Airfields_AK_E.htm
50EDADF803,,AK,Ogliuga Army Airfield,,Ogliuga Island,51.606,-178.656,,HISTORICAL_INFORMATIONAL,yes,,https://www.airfields-freeman.com/AK/Airfields_AK_W.htm
0CA9952987,,AK,Phillips Field,,Fairbanks,64.85,-147.793,,HISTORICAL_INFORMATIONAL,yes,,https://www.airfields-freeman.com/AK/Airfields_AK_E.htm
818EDC261C,,AK,Point Spencer Army Airfield/ Point Spencer Air Force Base,,Point Spencer,65.277,-166.849,,HISTORICAL_INFORMATIONAL,yes,,https://www.airfields-freeman.com/AK/Airfields_AK_W.htm
71E84C4301,,AK,Sagwon Airport (SAG),,Sagwon,69.378,-148.689,,HISTORICAL_INFORMATIONAL,yes,,https://www.airfields-freeman.com/AK/Airfields_AK_E.htm
01D4BED1EB,,AK,Shishmaref Airport (original location),,Shishmaref,66.256,-166.058,,HISTORICAL_INFORMATIONAL,yes,,https://www.airfields-freeman.com/AK/Airfields_AK_W.htm
FF8AF33F05,,AK,"Wasilla Airport (orignal location) (LWA, Z16)",,Wasilla,61.584,-149.458,,HISTORICAL_INFORMATIONAL,yes,,https://www.airfields-freeman.com/AK/Airfields_AK_E.htm
7AAAA78051,,AK,Weeks Field,,Fairbanks,64.838,-147.73,,HISTORICAL_INFORMATIONAL,yes,,https://www.airfields-freeman.com/AK/Airfields_AK_E.htm
1660657A82,,AK,Western Shemya Army Airfield,,Shemya Island,52.72,174.08,,HISTORICAL_INFORMATIONAL,yes,,https://www.airfields-freeman.com/AK/Airfields_AK_W.htm
AC4484D9D1,,AL,(Original) Atmore Airport / Atmore Intermediate Field,,Atmore,31.08,-87.58,,HISTORICAL_INFORMATIONAL,yes,,https://www.airfields-freeman.com/AL/Airfields_AL_Mobile.htm
C1A51556CA,,AL,(Original) Brewton Municipal Airport,,Brewton,31.148,-87.07,,HISTORICAL_INFORMATIONAL,yes,,https://www.airfields-freeman.com/AL/Airfields_AL_Mobile.htm
E57932B1B0,,AL,(Original) Gadsden Airport / Gulf Steel Airport / Republic Steel Airport,,Gadsden,34.003,-86.04,,HISTORICAL_INFORMATIONAL,yes,,https://www.airfields-freeman.com/AL/Airfields_AL_NE.htm
1A28A35E82,,AL,Albertville Airport (original location),,Albertville,34.275,-86.218,,HISTORICAL_INFORMATIONAL,yes,,https://www.airfields-freeman.com/AL/Airfields_AL_NE.htm
E0C498D8C2,,AL,Anniston Army Airfield / (Original) Talladega Airport,,Talladega,33.57,-86.06,,HISTORICAL_INFORMATIONAL,yes,,https://www.airfields-freeman.com/AL/Airfields_AL_Birmingham.htm
42DA75F99E,,AL,Beaver Dam Auxiliary Army Airfield / Beaver Dam Airport,,Mooresville,34.608,-86.865,,HISTORICAL_INFORMATIONAL,yes,,https://www.airfields-freeman.com/AL/Airfields_AL_Huntsville.htm
B9FCB36CB6,,AL,Boynton Field,,Talladega,33.43,-86.11,,HISTORICAL_INFORMATIONAL,yes,,https://www.airfields-freeman.com/AL/Airfields_AL_Birmingham.htm
AEF6CAE16F,,AL,Brundidge Municipal Airport (60A),,Brundidge,31.732,-85.805,,HISTORICAL_INFORMATIONAL,yes,,https://www.airfields-freeman.com/AL/Airfields_AL_SE.htm
0815B27085,,AL,Camp Hill Tallapoosa County Airport (62A),,Camp Hill,32.782,-85.658,,HISTORICAL_INFORMATIONAL,yes,,https://www.airfields-freeman.com/AL/Airfields_AL_Birmingham.htm
F21D16BECB,,AL,Center Airport / Centre Airport,,Centre,34.161,-85.682,,HISTORICAL_INFORMATIONAL,yes,,https://www.airfields-freeman.com/AL/Airfields_AL_Birmingham.htm
BEF3BB2585,,AL,Centre Municipal Airport,,Centre,34.16,-85.635,,HISTORICAL_INFORMATIONAL,yes,,https://www.airfields-freeman.com/AL/Airfields_AL_Birmingham.htm
333D891183,,AL,Coosa County Airport (69A),,Goodwater,33.095,-86.064,,HISTORICAL_INFORMATIONAL,yes,,https://www.airfields-freeman.com/AL/Airfields_AL_Birmingham.htm
F3062505F2,,AL,Courtland Auxiliary Army Airfield #1 / Danville Field / Danville Airport,,Danville,34.424,-87.119,,HISTORICAL_INFORMATIONAL,yes,,https://www.airfields-freeman.com/AL/Airfields_AL_NW.htm
E0594889B5,,AL,Craig Army Auxiliary Airfield #2 / Furniss Field,,Orrville,32.288,-87.093,,HISTORICAL_INFORMATIONAL,yes,,https://www.airfields-freeman.com/AL/Airfields_AL_Montgomery.htm
3DC4D8163B,,AL,Craig Army Auxiliary Airfield #3 / Henderson Field / Henderson Airport,,Miller's Ferry,32.12,-87.373,,HISTORICAL_INFORMATIONAL,yes,,https://www.airfields-freeman.com/AL/Airfields_AL_Montgomery.htm
597D22BBD9,,AL,Davenport Airport,,Ft. Payne,34.458,-85.706,,HISTORICAL_INFORMATIONAL,yes,,https://www.airfields-freeman.com/AL/Airfields_AL_NE.htm
CB63122E28,,AL,Davis Airport / Idle Hour Airport,,Theodore,30.58,-88.26,,HISTORICAL_INFORMATIONAL,yes,,https://www.airfields-freeman.com/AL/Airfields_AL_Mobile.htm
4D317AD177,,AL,Dekker Landing Field,,Fort Mitchell,32.286,-84.947,,HISTORICAL_INFORMATIONAL,yes,,https://www.airfields-freeman.com/AL/Airfields_AL_SE.htm
0C38DCCF55,,AL,Dothan Municipal Airport / Napier Army Airfield Auxiliary #2,,Dothan,31.24,-85.44,,HISTORICAL_INFORMATIONAL,yes,,https://www.airfields-freeman.com/AL/Airfields_AL_SE.htm
4CA400368D,,AL,Durham Airport / (Original) Bessemer Airport,,Bessemer,33.365,-86.981,,HISTORICAL_INFORMATIONAL,yes,,https://www.airfields-freeman.com/AL/Airfields_AL_Birmingham.htm
86A12D4170,,AL,Enterprise Airport (original location),,Enterprise,31.324,-85.852,,HISTORICAL_INFORMATIONAL,yes,,https://www.airfields-freeman.com/AL/Airfields_AL_SE.htm
87D55EA8C1,,AL,Eutaw Municipal Airport,,Eutaw,32.82,-87.865,,HISTORICAL_INFORMATIONAL,yes,,https://www.airfields-freeman.com/AL/Airfields_AL_NW.htm
23C5AF1225,,AL,Faircloth Naval Outlying Landing Field,,Lillian,30.45,-87.47,,HISTORICAL_INFORMATIONAL,yes,,https://www.airfields-freeman.com/AL/Airfields_AL_Mobile.htm
05348F7BC5,,AL,Foley Municipal Airport (original) / Barin Naval Auxiliary Air Station (NBJ),,Foley,30.39,-87.64,,HISTORICAL_INFORMATIONAL,yes,,https://www.airfields-freeman.com/AL/Airfields_AL_Mobile.htm
6233D12FB7,,AL,Fort Morgan Airfield,,Fort Morgan,30.23,-88.02,,HISTORICAL_INFORMATIONAL,yes,,https://www.airfields-freeman.com/AL/Airfields_AL_Mobile.htm
B0ECB3C3C4,,AL,Ft. McClellan Army Airfield / Henry J. Reilly Army Airfield,,Anniston,33.745,-85.782,,HISTORICAL_INFORMATIONAL,yes,,https://www.airfields-freeman.com/AL/Airfields_AL_NE.htm
D60083215D,,AL,Ft. Payne Airport / Jacoway Airport,,Ft. Payne,34.414,-85.744,,HISTORICAL_INFORMATIONAL,yes,,https://www.airfields-freeman.com/AL/Airfields_AL_NE.htm
FF7CF57ABB,,AL,Geneva Airport (original location) / Morris Field,,Geneva,31.053,-85.904,,HISTORICAL_INFORMATIONAL,yes,,https://www.airfields-freeman.com/AL/Airfields_AL_SE.htm
F3661C0F75,,AL,Griel Army Auxiliary Airfield #1 / Tallassee Airport / Reeves Airport (1st location),,Tallassee,32.48,-85.89,,HISTORICAL_INFORMATIONAL,yes,,https://www.airfields-freeman.com/AL/Airfields_AL_Montgomery.htm
BD87706E3B,,AL,Grove Hill Municipal Airport (3A0),,Grove Hill,31.691,-87.762,,HISTORICAL_INFORMATIONAL,yes,,https://www.airfields-freeman.com/AL/Airfields_AL_Mobile.htm
B494E3AC37,,AL,Huntsville Airport (1st location) / Huntsville Flying Field / Mayfair Airport,,Huntsville,34.71,-86.58,,HISTORICAL_INFORMATIONAL,yes,,https://www.airfields-freeman.com/AL/Airfields_AL_Huntsville.htm
B6582624E4,,AL,Huntsville Airport (2nd location),,Huntsville,34.69,-86.59,,HISTORICAL_INFORMATIONAL,yes,,https://www.airfields-freeman.com/AL/Airfields_AL_Huntsville.htm
11A9211AA6,,AL,Jacksonville Airport,,Jacksonville,33.788,-85.774,,HISTORICAL_INFORMATIONAL,yes,,https://www.airfields-freeman.com/AL/Airfields_AL_NE.htm
FD44C4240F,,AL,Jasper Airport / (Original) Walker County Airport (1A8),,Jasper,33.865,-87.264,,HISTORICAL_INFORMATIONAL,yes,,https://www.airfields-freeman.com/AL/Airfields_AL_NW.htm
AC8BBA3965,,AL,Kennedy Field / Tuskegee Institute #1,,Tuskegee,32.35,-85.65,,HISTORICAL_INFORMATIONAL,yes,,https://www.airfields-freeman.com/AL/Airfields_AL_Montgomery.htm
BB1190137A,,AL,Klumpp Field / Klump Airport (AL78),,Fairhope,30.527,-87.854,,HISTORICAL_INFORMATIONAL,yes,,https://www.airfields-freeman.com/AL/Airfields_AL_Mobile.htm
DBDA1FAFE2,,AL,Lee Brothers Airfield,,Anniston,33.619,-85.793,,HISTORICAL_INFORMATIONAL,yes,,https://www.airfields-freeman.com/AL/Airfields_AL_Birmingham.htm
9EBF7201CE,,AL,Linden Airfield / Freddie Jones Field (70A),,Linden,32.27,-87.72,,HISTORICAL_INFORMATIONAL,yes,,https://www.airfields-freeman.com/AL/Airfields_AL_Montgomery.htm
951607733B,,AL,Mallard Airport (23A),,York,32.5,-88.27,,HISTORICAL_INFORMATIONAL,yes,,https://www.airfields-freeman.com/AL/Airfields_AL_Montgomery.htm
BA11F38E66,,AL,Martin Field,,Catherine,32.158,-87.448,,HISTORICAL_INFORMATIONAL,yes,,https://www.airfields-freeman.com/AL/Airfields_AL_Montgomery.htm
F122F644CB,,AL,McGowin Field (5AL1 / 4A3),,Chapman,31.679,-86.682,,HISTORICAL_INFORMATIONAL,yes,,https://www.airfields-freeman.com/AL/Airfields_AL_SE.htm
424A18893A,,AL,McKee Airport,,Jackson,31.536,-87.901,,HISTORICAL_INFORMATIONAL,yes,,https://www.airfields-freeman.com/AL/Airfields_AL_Mobile.htm
324F33C819,,AL,McMinn Airport (25A),,Anniston,33.74,-85.825,,HISTORICAL_INFORMATIONAL,yes,,https://www.airfields-freeman.com/AL/Airfields_AL_NE.htm
2DC352E661,,AL,Messer Field / Central Park Field,,Birmingham,33.48,-86.89,,HISTORICAL_INFORMATIONAL,yes,,https://www.airfields-freeman.com/AL/Airfields_AL_Birmingham.htm
96A0445979,,AL,Montgomery Municipal Airport (Original) / Gunter Field,,Montgomery,32.41,-86.23,,HISTORICAL_INFORMATIONAL,yes,,https://www.airfields-freeman.com/AL/Airfields_AL_Montgomery.htm
3B333726E5,,AL,Mt. Meigs Field / Gunter Auxiliary Army Airfield #4,,Mt. Meigs,32.365,-86.026,,HISTORICAL_INFORMATIONAL,yes,,https://www.airfields-freeman.com/AL/Airfields_AL_Montgomery.htm
A65E422673,,AL,Naval Outlying Field 28431 / Magnolia Naval Outer Landing Field,,Marlow,30.46,-87.77,,HISTORICAL_INFORMATIONAL,yes,,https://www.airfields-freeman.com/AL/Airfields_AL_Mobile.htm
15D416BDC3,,AL,Naval Outlying Field 29436 / Silverhill Naval Outer Landing Field (NQB),,Silverhill,30.56,-87.82,,HISTORICAL_INFORMATIONAL,yes,,https://www.airfields-freeman.com/AL/Airfields_AL_Mobile.htm
BDDA62568D,,AL,Naval Outlying Field 29625 / Summerdale Naval Outer Landing Field (NFD),,Summerdale,30.51,-87.65,,HISTORICAL_INFORMATIONAL,yes,,https://www.airfields-freeman.com/AL/Airfields_AL_Mobile.htm
C9C3A7DA8C,,AL,Oak Airport,,Foley,30.319,-87.685,,HISTORICAL_INFORMATIONAL,yes,,https://www.airfields-freeman.com/AL/Airfields_AL_Mobile.htm
3CF92E81EC,,AL,Palmer Field,,Madison,34.693,-86.786,,HISTORICAL_INFORMATIONAL,yes,,https://www.airfields-freeman.com/AL/Airfields_AL_Huntsville.htm
E24EC1BE02,,AL,Perry County Airport,,Norman,32.56,-87.3,,HISTORICAL_INFORMATIONAL,yes,,https://www.airfields-freeman.com/AL/Airfields_AL_Montgomery.htm
BC61023925,,AL,Phenix City Airport,,Phenix City,32.5,-85.01,,HISTORICAL_INFORMATIONAL,yes,,https://www.airfields-freeman.com/AL/Airfields_AL_SE.htm
9580EAA8C2,,AL,Pine Hill Municipal Airport,,Pine Hill,31.969,-87.595,,HISTORICAL_INFORMATIONAL,yes,,https://www.airfields-freeman.com/AL/Airfields_AL_Montgomery.htm
2A50873732,,AL,Red Bay Airport,,Red Bay,34.455,-88.155,,HISTORICAL_INFORMATIONAL,yes,,https://www.airfields-freeman.com/AL/Airfields_AL_NW.htm
EEC620BF30,,AL,Reeves Airport (2nd location) / Tallassee Municipal Airport,,Tallassee,32.516,-85.877,,HISTORICAL_INFORMATIONAL,yes,,https://www.airfields-freeman.com/AL/Airfields_AL_Montgomery.htm
7C499E87FF,,AL,Reimer Field / Wilson Field,,Foley,30.42,-87.68,,HISTORICAL_INFORMATIONAL,yes,,https://www.airfields-freeman.com/AL/Airfields_AL_Mobile.htm
7116ADE178,,AL,Roberts Field,,Birmingham,33.518,-86.874,,HISTORICAL_INFORMATIONAL,yes,,https://www.airfields-freeman.com/AL/Airfields_AL_Birmingham.htm
27D6510B4E,,AL,Selfield Army Auxiliary Airfield / Craig Army Auxiliary Airfield #1 / Selma Municipal Airport,,Selma,32.44,-86.95,,HISTORICAL_INFORMATIONAL,yes,,https://www.airfields-freeman.com/AL/Airfields_AL_Montgomery.htm
C216D0F7CD,,AL,Shorter Army Auxiliary Airfield #2,,Shorter,32.423,-85.957,,HISTORICAL_INFORMATIONAL,yes,,https://www.airfields-freeman.com/AL/Airfields_AL_Montgomery.htm
D2498B82FC,,AL,South Huntsville Airport (3M6),,Lacey's Spring,34.54,-86.61,,HISTORICAL_INFORMATIONAL,yes,,https://www.airfields-freeman.com/AL/Airfields_AL_Huntsville.htm
2AC638E42D,,AL,Taylor Field / Gunter Auxiliary Army Airfield #5,,Pike Road,32.3,-86.115,,HISTORICAL_INFORMATIONAL,yes,,https://www.airfields-freeman.com/AL/Airfields_AL_Montgomery.htm
1E367F6074,,AL,Tri-Cities Municipal Airport,,Tuscumbia,34.717,-87.708,,HISTORICAL_INFORMATIONAL,yes,,https://www.airfields-freeman.com/AL/Airfields_AL_NW.htm
2A90C3265B,,AL,Trinity Field / Courtland Army Auxiliary Airfield #2,,Hillsboro,34.638,-87.156,,HISTORICAL_INFORMATIONAL,yes,,https://www.airfields-freeman.com/AL/Airfields_AL_NW.htm
3160FBA93F,,AL,Troy Airport (original location),,Troy,31.777,-85.967,,HISTORICAL_INFORMATIONAL,yes,,https://www.airfields-freeman.com/AL/Airfields_AL_SE.htm
F842C79C4C,,AL,Tuskegee Army Airfield / Sharpe Field (AL73),,Tuskegee,32.49,-85.775,,HISTORICAL_INFORMATIONAL,yes,,https://www.airfields-freeman.com/AL/Airfields_AL_Montgomery.htm
9D7908A869,,AL,Uniontown Airport,,Uniontown,32.43,-87.5,,HISTORICAL_INFORMATIONAL,yes,,https://www.airfields-freeman.com/AL/Airfields_AL_Montgomery.htm
B7E9AC559B,,AL,Valley Airport (56A),,Lanett,32.85,-85.16,,HISTORICAL_INFORMATIONAL,yes,,https://www.airfields-freeman.com/AL/Airfields_AL_Montgomery.htm
F33AC8EB74,,AL,Valley Head Airport,,Fort Payne,34.5,-85.63,,HISTORICAL_INFORMATIONAL,yes,,https://www.airfields-freeman.com/AL/Airfields_AL_NE.htm
52B8C0EBC1,,AL,Wheelless Airport (37J),,Dothan,31.23,-85.49,,HISTORICAL_INFORMATIONAL,yes,,https://www.airfields-freeman.com/AL/Airfields_AL_SE.htm
58E172A8AE,,AL,Wilheller Airport / Skyharbor Airport (S63),,Selma,32.37,-87.106,,HISTORICAL_INFORMATIONAL,yes,,https://www.airfields-freeman.com/AL/Airfields_AL_Montgomery.htm
83B6336B6E,,AL,Wolf Naval Outer Landing Field / Field 27016 (NHL),,Orange Beach,30.344,-87.541,,HISTORICAL_INFORMATIONAL,yes,,https://www.airfields-freeman.com/AL/Airfields_AL_Mobile.htm
78107529D1,,AR,(Original) Conway Municipal Airport / Dennis F. Cantrell Field (CWS),,Conway,35.083,-92.425,,HISTORICAL_INFORMATIONAL,yes,,https://www.airfields-freeman.com/AR/Airfields_AR_N.htm
39BE7AA3DF,,AR,Bell Ann Plantation Airport (98M),,Pollard,36.459,-90.283,,HISTORICAL_INFORMATIONAL,yes,,https://www.airfields-freeman.com/AR/Airfields_AR_N.htm
9E9EFF5443,,AR,Biggers Auxiliary Army Airfield #2 / Reyno Airport,,Biggers,36.33,-90.764,,HISTORICAL_INFORMATIONAL,yes,,https://www.airfields-freeman.com/AR/Airfields_AR_N.htm
2B7213A136,,AR,Chaffee Army Airfield,,Fort Chaffee,35.304,-94.322,,HISTORICAL_INFORMATIONAL,yes,,https://www.airfields-freeman.com/AR/Airfields_AR_SW.htm
3B71641067,,AR,Eberts Field,,Lonoke,34.8,-91.92,,HISTORICAL_INFORMATIONAL,yes,,https://www.airfields-freeman.com/AR/Airfields_AR_SE.htm
9BC7A2CB4A,,AR,Erwin Auxiliary Army Airfield / Erwin MCAF Auxiliary,,Newport,35.572,-91.255,,HISTORICAL_INFORMATIONAL,yes,,https://www.airfields-freeman.com/AR/Airfields_AR_N.htm
7643BF2372,,AR,Hames Airport / Benton Airport / (Original) Saline County Airport,,Benton,34.56,-92.61,,HISTORICAL_INFORMATIONAL,yes,,https://www.airfields-freeman.com/AR/Airfields_AR_SW.htm
3A33041284,,AR,Heber Springs Airport (1st location),,Heber Springs,35.49,-92.11,,HISTORICAL_INFORMATIONAL,yes,,https://www.airfields-freeman.com/AR/Airfields_AR_N.htm
0C55E15BF0,,AR,Heber Springs Airport (2nd location),,Heber Springs,35.515,-92.028,,HISTORICAL_INFORMATIONAL,yes,,https://www.airfields-freeman.com/AR/Airfields_AR_N.htm
412C272683,,AR,Heber Springs Airport (3rd location),,Heber Springs,35.514,-92.03,,HISTORICAL_INFORMATIONAL,yes,,https://www.airfields-freeman.com/AR/Airfields_AR_N.htm
FA6B4941E6,,AR,Lonoke Emergency Field / Lonoke Municipal Airport,,Lonoke,34.788,-91.92,,HISTORICAL_INFORMATIONAL,yes,,https://www.airfields-freeman.com/AR/Airfields_AR_SE.htm
2FDDA7C144,,AR,Milltown Auxiliary Army Airfield / Milltown MCAF Auxiliary,,Tuckerman,35.73,-91.11,,HISTORICAL_INFORMATIONAL,yes,,https://www.airfields-freeman.com/AR/Airfields_AR_N.htm
02721B9877,,AR,Rogers Field,,Bentonville,36.36,-94.19,,HISTORICAL_INFORMATIONAL,yes,,https://www.airfields-freeman.com/AR/Airfields_AR_N.htm
94CF993048,,AR,Three Rivers Airport,,Little Rock,34.822,-92.444,,HISTORICAL_INFORMATIONAL,yes,,https://www.airfields-freeman.com/AR/Airfields_AR_N.htm
B2907D2102,,AR,Toney Field,,Pine Bluff,34.254,-92.012,,HISTORICAL_INFORMATIONAL,yes,,https://www.airfields-freeman.com/AR/Airfields_AR_SE.htm
EFD3C04BE8,,AR,Twin City Airport (39AR),,Van Burnen,35.421,-94.326,,HISTORICAL_INFORMATIONAL,yes,,https://www.airfields-freeman.com/AR/Airfields_AR_N.htm
16616E605D,,AR,Walcott Auxiliary Army Airfield #3,,Walcott,36.04,-90.7,,HISTORICAL_INFORMATIONAL,yes,,https://www.airfields-freeman.com/AR/Airfields_AR_N.htm
E7BB6E4EC7,,AR,Worth James Airport,,Little Rock,34.707,-92.328,,HISTORICAL_INFORMATIONAL,yes,,https://www.airfields-freeman.com/AR/Airfields_AR_SE.htm
DC39C9015C,,AR,Wynne Municipal Airport (M65),,Wynne,35.232,-90.761,,HISTORICAL_INFORMATIONAL,yes,,https://www.airfields-freeman.com/AR/Airfields_AR_N.htm
56B1C2844F,,AZ,(Original) Airhaven Airport,,Alhambra,33.49,-112.12,,HISTORICAL_INFORMATIONAL,yes,,https://www.airfields-freeman.com/AZ/Airfields_AZ_Phoenix_N.htm
00E9E9ABB3,,AZ,(Original) Bullhead City Airport,,Bullhead City,35.168,-114.565,,HISTORICAL_INFORMATIONAL,yes,,https://www.airfields-freeman.com/AZ/Airfields_AZ_NW.htm
111652C2CE,,AZ,Air-Topia Airport,,Phoenix,33.4,-112.16,,HISTORICAL_INFORMATIONAL,yes,,https://www.airfields-freeman.com/AZ/Airfields_AZ_Phoenix_SW.htm
BEE0490565,,AZ,Ajo AAF Aux #2 / Williams AF Aux #2 / Luke Air Force Aux #8,,Gila Bend,32.607,-112.877,,HISTORICAL_INFORMATIONAL,yes,,https://www.airfields-freeman.com/AZ/Airfields_AZ_GilaBend.htm
2F78641A5C,,AZ,Ajo AAF Auxiliary #1 / Williams AF Auxiliary #1 / Luke Air Force Aux #7 SW,,Gila Bend,32.53,-112.935,,HISTORICAL_INFORMATIONAL,yes,,https://www.airfields-freeman.com/AZ/Airfields_AZ_GilaBend.htm
DB16095D4C,,AZ,Ajo AAF Auxiliary #3 / Williams AF Auxiliary #3/ Luke Air Force Auxiliary #9,,Gila Bend,32.66,-112.87,,HISTORICAL_INFORMATIONAL,yes,,https://www.airfields-freeman.com/AZ/Airfields_AZ_GilaBend.htm
2DBF58EF5C,,AZ,Allied Airfield,,Tucson,32.15,-110.85,,HISTORICAL_INFORMATIONAL,yes,,https://www.airfields-freeman.com/AZ/Airfields_AZ_Tucson_SE.htm
0A35FD2CFF,,AZ,American Airways Field / Salome CAA Site 27B Airfield,,Salome,33.58,-113.59,,HISTORICAL_INFORMATIONAL,yes,,https://www.airfields-freeman.com/AZ/Airfields_AZ_W.htm
01AC871C1B,,AZ,Ash Fork Airport / Jay Hasbrook Airport / Santa Fe Airport,,Ash Fork,35.231,-112.49,,HISTORICAL_INFORMATIONAL,yes,,https://www.airfields-freeman.com/AZ/Airfields_AZ_N.htm
CDA8EAA967,,AZ,Ashfork Intermediate Field,,Ash Fork,35.23,-112.55,,HISTORICAL_INFORMATIONAL,yes,,https://www.airfields-freeman.com/AZ/Airfields_AZ_N.htm
FCC84F5BD4,,AZ,Benson Intermediate Field / (Original) Benson Airport (31AZ),,Benson,31.96,-110.26,,HISTORICAL_INFORMATIONAL,yes,,https://www.airfields-freeman.com/AZ/Airfields_AZ_SE.htm
61A4CC6C4F,,AZ,Bowie Airport (1st location),,Bowie,32.328,-109.508,,HISTORICAL_INFORMATIONAL,yes,,https://www.airfields-freeman.com/AZ/Airfields_AZ_SE.htm
82F05B3E81,,AZ,Bowie Airport (2nd location),,Bowie,32.336,-109.474,,HISTORICAL_INFORMATIONAL,yes,,https://www.airfields-freeman.com/AZ/Airfields_AZ_SE.htm
A281D1ECC6,,AZ,Camp Horn Army Airfield,,Horn,32.95,-113.53,,HISTORICAL_INFORMATIONAL,yes,,https://www.airfields-freeman.com/AZ/Airfields_AZ_Yuma.htm
A958798AB4,,AZ,Casa Blanca Airport,,Scottsdale,33.52,-111.93,,HISTORICAL_INFORMATIONAL,yes,,https://www.airfields-freeman.com/AZ/Airfields_AZ_Phoenix_NE.htm
1F0C92EA61,,AZ,Cochise Intermediate Field,,Cochise,32.03,-109.91,,HISTORICAL_INFORMATIONAL,yes,,https://www.airfields-freeman.com/AZ/Airfields_AZ_SE.htm
3E87823CE4,,AZ,Colfred Auxiliary Army Airfield #2 / Colfred Airport,,Tacna,32.69,-113.88,,HISTORICAL_INFORMATIONAL,yes,,https://www.airfields-freeman.com/AZ/Airfields_AZ_Yuma.htm
4DDED30649,,AZ,Conner Field / Quartzsite Airport,,Quartzsite,33.659,-114.236,,HISTORICAL_INFORMATIONAL,yes,,https://www.airfields-freeman.com/AZ/Airfields_AZ_W.htm
2C655F65DA,,AZ,Continental Airfield,,Continental,31.844,-110.977,,HISTORICAL_INFORMATIONAL,yes,,https://www.airfields-freeman.com/AZ/Airfields_AZ_Tucson_SW.htm
BAB561820A,,AZ,Coolidge Airpark,,Coolidge,32.954,-111.518,,HISTORICAL_INFORMATIONAL,yes,,https://www.airfields-freeman.com/AZ/Airfields_AZ_Phoenix_SE.htm
527234283B,,AZ,Coolidge Flying Field / Coolidge Airport (original location),,Coolidge,32.971,-111.547,,HISTORICAL_INFORMATIONAL,yes,,https://www.airfields-freeman.com/AZ/Airfields_AZ_Phoenix_SE.htm
A3236C50FC,,AZ,"Coyner Airfield, (AZ60)",,Litchfield Park,33.507,-112.475,,HISTORICAL_INFORMATIONAL,yes,,https://www.airfields-freeman.com/AZ/Airfields_AZ_Phoenix_NW.htm
58E092B43E,,AZ,Dateland Army Airfield (AZ06),,Dateland,32.82,-113.53,,HISTORICAL_INFORMATIONAL,yes,,https://www.airfields-freeman.com/AZ/Airfields_AZ_Yuma.htm
CCEE419EF9,,AZ,Douglas Auxiliary Army Airfield #2 / Forrest Field,,West of Douglas,31.37,-109.67,,HISTORICAL_INFORMATIONAL,yes,,https://www.airfields-freeman.com/AZ/Airfields_AZ_SE.htm
FBA777C920,,AZ,Douglas Auxiliary Army Airfield #3 / Webb Field,,Elfrida,31.77,-109.7,,HISTORICAL_INFORMATIONAL,yes,,https://www.airfields-freeman.com/AZ/Airfields_AZ_SE.htm
1885CE63F1,,AZ,Douglas Auxiliary Army Airfield #5 / Hereford Field (01E),,Hereford,31.418,-110.138,,HISTORICAL_INFORMATIONAL,yes,,https://www.airfields-freeman.com/AZ/Airfields_AZ_SE.htm
0B3E33C14A,,AZ,Echeverria Field / Wickenburg Airport / Forepaugh Airport (44E),,Wickenburg,33.95,-113,,HISTORICAL_INFORMATIONAL,yes,,https://www.airfields-freeman.com/AZ/Airfields_AZ_W.htm
CE8384E13E,,AZ,Florence Junction Airport (1st location),,Florence Junction,33.255,-111.347,,HISTORICAL_INFORMATIONAL,yes,,https://www.airfields-freeman.com/AZ/Airfields_AZ_Phoenix_SE.htm
9E32E5A4BD,,AZ,Florence Junction Airport (2nd location),,Florence Junction,33.261,-111.331,,HISTORICAL_INFORMATIONAL,yes,,https://www.airfields-freeman.com/AZ/Airfields_AZ_Phoenix_SE.htm
1767B98E4E,,AZ,Fort Grant Airport / Angel Field,,Fort Grant,32.61,-109.95,,HISTORICAL_INFORMATIONAL,yes,,https://www.airfields-freeman.com/AZ/Airfields_AZ_SE.htm
1782E84D61,,AZ,Fram Field,,Glendale,33.53,-112.28,,HISTORICAL_INFORMATIONAL,yes,,https://www.airfields-freeman.com/AZ/Airfields_AZ_Phoenix_NW.htm
95A87DD2D1,,AZ,Francisco Grande Airfield,,Casa Grande,32.884,-111.858,,HISTORICAL_INFORMATIONAL,yes,,https://www.airfields-freeman.com/AZ/Airfields_AZ_Phoenix_SE.htm
DA8E057663,,AZ,Gila Bend AAF Aux #4 / Williams AF Aux #4 / Luke Air Force Aux #10,,Gila Bend,32.72,-112.854,,HISTORICAL_INFORMATIONAL,yes,,https://www.airfields-freeman.com/AZ/Airfields_AZ_GilaBend.htm
EF252269DA,,AZ,Gila Bend AAF Aux #5 / Williams AF Aux #5 / Luke Air Force Aux #11,,Gila Bend,32.818,-112.915,,HISTORICAL_INFORMATIONAL,yes,,https://www.airfields-freeman.com/AZ/Airfields_AZ_GilaBend.htm
616BC4FCDC,,AZ,Gila Bend AAF Auxiliary #6 / Williams Air Force Aux #6,,Gila Bend,32.886,-112.816,,HISTORICAL_INFORMATIONAL,yes,,https://www.airfields-freeman.com/AZ/Airfields_AZ_GilaBend.htm
3A0685879C,,AZ,Gila Bend Airport (1st location),,Gila Bend,32.957,-112.706,,HISTORICAL_INFORMATIONAL,yes,,https://www.airfields-freeman.com/AZ/Airfields_AZ_GilaBend.htm
2746FC36E2,,AZ,Gila Bend Airport (3rd location),,Gila Bend,32.935,-112.685,,HISTORICAL_INFORMATIONAL,yes,,https://www.airfields-freeman.com/AZ/Airfields_AZ_GilaBend.htm
CBBCFF08DC,,AZ,Gila River Memorial Airport (34AZ),,Chandler,33.24,-111.91,,HISTORICAL_INFORMATIONAL,yes,,https://www.airfields-freeman.com/AZ/Airfields_AZ_Phoenix_SE.htm
EF3A67782F,,AZ,Gilbert Airport,,Gilbert,33.345,-111.795,,HISTORICAL_INFORMATIONAL,yes,,https://www.airfields-freeman.com/AZ/Airfields_AZ_Phoenix_SE.htm
89CF039DDD,,AZ,Gilbert Auxiliary Army Airfield #1,,Buckhorn,33.39,-111.67,,HISTORICAL_INFORMATIONAL,yes,,https://www.airfields-freeman.com/AZ/Airfields_AZ_Phoenix_SE.htm
6BF2046E85,,AZ,Gilpin Airport / Freeway Airport,,Tucson,32.28,-111,,HISTORICAL_INFORMATIONAL,yes,,https://www.airfields-freeman.com/AZ/Airfields_AZ_Tucson_N.htm
D8A9586836,,AZ,"Grand Canyon North Rim Airport / V.T. Park Airport / V T Park STOLport (L42, NGC)",,North Rim,36.388,-112.132,,HISTORICAL_INFORMATIONAL,yes,,https://www.airfields-freeman.com/AZ/Airfields_AZ_N.htm
174EDEE16D,,AZ,Gringo Pass Airfield,,Lukeville,31.88,-112.812,,HISTORICAL_INFORMATIONAL,yes,,https://www.airfields-freeman.com/AZ/Airfields_AZ_Yuma.htm
5EB53FD47F,,AZ,Hunts Airport / Gila Bend Airport (2nd location),,Gila Bend,32.95,-112.725,,HISTORICAL_INFORMATIONAL,yes,,https://www.airfields-freeman.com/AZ/Airfields_AZ_GilaBend.htm
AFA36F6D5F,,AZ,International Harvester Proving Ground Airfield,,Phoenix,33.3,-112.054,,HISTORICAL_INFORMATIONAL,yes,,https://www.airfields-freeman.com/AZ/Airfields_AZ_Phoenix_SW.htm
5716FF65F7,,AZ,Isbell Construction Company Airfield / Air Haven Airport / (Original) Glendale Municipal Airport (P37),,Peoria,33.57,-112.23,,HISTORICAL_INFORMATIONAL,yes,,https://www.airfields-freeman.com/AZ/Airfields_AZ_Phoenix_N.htm
863D5346E9,,AZ,Kingman Army Auxiliary Airfield #3 / Hackberry Field,,Antares,35.42,-113.8,,HISTORICAL_INFORMATIONAL,yes,,https://www.airfields-freeman.com/AZ/Airfields_AZ_NW.htm
073FA8998D,,AZ,Kingman Auxiliary Airfield #1 / Cyclopic Field,,Cyclopic,35.74,-114.09,,HISTORICAL_INFORMATIONAL,yes,,https://www.airfields-freeman.com/AZ/Airfields_AZ_NW.htm
C96C7B941F,,AZ,Kingman Auxiliary Army Airfield #5 / Topock Field,,Topock,34.72,-114.44,,HISTORICAL_INFORMATIONAL,yes,,https://www.airfields-freeman.com/AZ/Airfields_AZ_W.htm
CDBACDB40C,,AZ,Koch Field,,Flagstaff,35.27,-111.514,,HISTORICAL_INFORMATIONAL,yes,,https://www.airfields-freeman.com/AZ/Airfields_AZ_N.htm
7DC78E9493,,AZ,Lake Havasu Auxiliary Army Airfield #6 (LHU) / Havasu Airpark,,Lake Havasu City,34.46,-114.36,,HISTORICAL_INFORMATIONAL,yes,,https://www.airfields-freeman.com/AZ/Airfields_AZ_W.htm
EDF3269BA6,,AZ,Lake Mohave Ranchos Airport,,Dolan Springs,35.57,-114.3,,HISTORICAL_INFORMATIONAL,yes,,https://www.airfields-freeman.com/AZ/Airfields_AZ_NW.htm
3A98AECFFB,,AZ,Litchfield Park Airport,,Litchfield Park,33.49,-112.36,,HISTORICAL_INFORMATIONAL,yes,,https://www.airfields-freeman.com/AZ/Airfields_AZ_Phoenix_SW.htm
D813A8B753,,AZ,Luke Auxiliary Army Airfield #2 / Beardsley Field,,Glendale,33.704,-112.42,,HISTORICAL_INFORMATIONAL,yes,,https://www.airfields-freeman.com/AZ/Airfields_AZ_Phoenix_NW.htm
4CF9864183,,AZ,Luke Auxiliary Army Airfield #4 / Wickenburg Field,,Wittmann,33.75,-112.63,,HISTORICAL_INFORMATIONAL,yes,,https://www.airfields-freeman.com/AZ/Airfields_AZ_Phoenix_NW.htm
BA38B2429A,,AZ,Luke Auxiliary Army Airfield #7 / Hassayampa Field,,Buckeye,33.37,-112.76,,HISTORICAL_INFORMATIONAL,yes,,https://www.airfields-freeman.com/AZ/Airfields_AZ_Phoenix_SW.htm
A058144617,,AZ,Luke Field Auxiliary Airfield #6 / Goodyear Field / Luke Air Force Auxiliary Airfield #6,,Goodyear,33.44,-112.52,,HISTORICAL_INFORMATIONAL,yes,,https://www.airfields-freeman.com/AZ/Airfields_AZ_Phoenix_SW.htm
8BF69481F1,,AZ,Luke Satellite Field #1 / Luke Air Force Aux #3,,Glendale,33.631,-112.365,,HISTORICAL_INFORMATIONAL,yes,,https://www.airfields-freeman.com/AZ/Airfields_AZ_Phoenix_NW.htm
57722854B4,,AZ,Luke Satellite Field #3 / Luke Auxiliary Army Airfield #A1 / Luke Auxiliary Army Airfield #1 / Wittman Field,,Glendale,33.72,-112.53,,HISTORICAL_INFORMATIONAL,yes,,https://www.airfields-freeman.com/AZ/Airfields_AZ_Phoenix_NW.htm
CBD6918871,,AZ,Macauley Field / Fishburn Field / Tucson Municipal Flying Field / Mayse Field,,Tucson,32.17,-110.97,,HISTORICAL_INFORMATIONAL,yes,,https://www.airfields-freeman.com/AZ/Airfields_AZ_Tucson_SE.htm
DBA82D8F9D,,AZ,Marana Auxiliary Army Airfield #1 / Picacho Field,,Picacho,32.66,-111.48,,HISTORICAL_INFORMATIONAL,yes,,https://www.airfields-freeman.com/AZ/Airfields_AZ_Tucson_N.htm
B90328A810,,AZ,Marana Auxiliary Army Airfield #3 / Coronado Field,,Red Rock,32.69,-111.28,,HISTORICAL_INFORMATIONAL,yes,,https://www.airfields-freeman.com/AZ/Airfields_AZ_Tucson_N.htm
83F68A4C46,,AZ,Marana Auxiliary Army Airfield #4 / Avra Field,,Marana,32.38,-111.3,,HISTORICAL_INFORMATIONAL,yes,,https://www.airfields-freeman.com/AZ/Airfields_AZ_Tucson_N.htm
51D061DCA9,,AZ,Marana Auxiliary Army Airfield #5 / Saharuo Field (AZ67),,Marana,32.43,-111.39,,HISTORICAL_INFORMATIONAL,yes,,https://www.airfields-freeman.com/AZ/Airfields_AZ_Tucson_N.htm
A0EB156E64,,AZ,Marsh Downtown Airport,,Yuma,32.71,-114.61,,HISTORICAL_INFORMATIONAL,yes,,https://www.airfields-freeman.com/AZ/Airfields_AZ_Yuma.htm
FCAFA19C3C,,AZ,McDaniel Field,,Somerton,32.58,-114.77,,HISTORICAL_INFORMATIONAL,yes,,https://www.airfields-freeman.com/AZ/Airfields_AZ_Yuma.htm
3D6912D968,,AZ,McGill Ultralight Field,,Phoenix,33.684,-112.165,,HISTORICAL_INFORMATIONAL,yes,,https://www.airfields-freeman.com/AZ/Airfields_AZ_Phoenix_N.htm
6CB0E6A49A,,AZ,Mesa Airpark,,Mesa,33.42,-111.86,,HISTORICAL_INFORMATIONAL,yes,,https://www.airfields-freeman.com/AZ/Airfields_AZ_Phoenix_SE.htm
91D4A29568,,AZ,Mesa Airport,,Mesa,33.438,-111.843,,HISTORICAL_INFORMATIONAL,yes,,https://www.airfields-freeman.com/AZ/Airfields_AZ_Phoenix_SE.htm
C09C71C90B,,AZ,Midland Airport,,Globe,33.4,-110.83,,HISTORICAL_INFORMATIONAL,yes,,https://www.airfields-freeman.com/AZ/Airfields_AZ_Phoenix_SE.htm
97A1E1DDB0,,AZ,Motorola Airfield,,Scottsdale,33.46,-111.9,,HISTORICAL_INFORMATIONAL,yes,,https://www.airfields-freeman.com/AZ/Airfields_AZ_Phoenix_NE.htm
4C71EFD82C,,AZ,North Phoenix Airport / Cactus Development Inc. Airport,,Cactus,33.6,-112.03,,HISTORICAL_INFORMATIONAL,yes,,https://www.airfields-freeman.com/AZ/Airfields_AZ_Phoenix_NE.htm
144F4FFF70,,AZ,Oasis Airport,,Mesa,33.414,-111.64,,HISTORICAL_INFORMATIONAL,yes,,https://www.airfields-freeman.com/AZ/Airfields_AZ_Phoenix_SE.htm
921BAEEE33,,AZ,Peabody Bedard Field (PBY),,Tsegi,36.474,-110.416,,HISTORICAL_INFORMATIONAL,yes,,https://www.airfields-freeman.com/AZ/Airfields_AZ_NE.htm
5076334DEE,,AZ,Pleasant Valley Airport (P48),,Peoria,33.801,-112.249,,HISTORICAL_INFORMATIONAL,yes,,https://www.airfields-freeman.com/AZ/Airfields_AZ_Phoenix_NW.htm
B071862567,,AZ,Pylant Airport / Southwest Airways Airfield / Thunderbird #1 Auxiliary Airfield A-3 / Paradise Airport,,Sunnyslope,33.58,-112.1,,HISTORICAL_INFORMATIONAL,yes,,https://www.airfields-freeman.com/AZ/Airfields_AZ_Phoenix_N.htm
06BEAC64A1,,AZ,Queen Creek Airfield,,Queen Creek,33.256,-111.631,,HISTORICAL_INFORMATIONAL,yes,,https://www.airfields-freeman.com/AZ/Airfields_AZ_Phoenix_SE.htm
8835E4BA8D,,AZ,Red Butte Airport / Grand Canyon Airport,,Tusayan,35.852,-112.09,,HISTORICAL_INFORMATIONAL,yes,,https://www.airfields-freeman.com/AZ/Airfields_AZ_N.htm
0D171599EC,,AZ,Redrock Airport,,Redrock,32.6,-111.34,,HISTORICAL_INFORMATIONAL,yes,,https://www.airfields-freeman.com/AZ/Airfields_AZ_Tucson_N.htm
38E9461816,,AZ,Rittenhouse Army Heliport (AZ38),,Queen Creek,33.255,-111.523,,HISTORICAL_INFORMATIONAL,yes,,https://www.airfields-freeman.com/AZ/Airfields_AZ_Phoenix_SE.htm
FD57412689,,AZ,Ryan Auxiliary AAF A-1 / Haarman Field,,Tucson,32.108,-111.1,,HISTORICAL_INFORMATIONAL,yes,,https://www.airfields-freeman.com/AZ/Airfields_AZ_Tucson_SW.htm
1A94522ED5,,AZ,Ryan Auxiliary AAF A-2 / Neff Field,,Tucson,32.09,-111.24,,HISTORICAL_INFORMATIONAL,yes,,https://www.airfields-freeman.com/AZ/Airfields_AZ_Tucson_SW.htm
CBEB2B59D5,,AZ,Sahuarita AF Flight Strip,,Sahuarita,31.97,-110.92,,HISTORICAL_INFORMATIONAL,yes,,https://www.airfields-freeman.com/AZ/Airfields_AZ_Tucson_SE.htm
B15C4410DC,,AZ,Salome Airport,,Salome,33.77,-113.62,,HISTORICAL_INFORMATIONAL,yes,,https://www.airfields-freeman.com/AZ/Airfields_AZ_W.htm
9477A6F839,,AZ,Searchlight Ferry Airport (1st location),,Dolan Springs,35.46,-114.63,,HISTORICAL_INFORMATIONAL,yes,,https://www.airfields-freeman.com/AZ/Airfields_AZ_NW.htm
9F1CEF1D88,,AZ,Searchlight Ferry Airport (2nd location) / Cottonwood Landing Airport (P53),,Dolan Springs,35.486,-114.666,,HISTORICAL_INFORMATIONAL,yes,,https://www.airfields-freeman.com/AZ/Airfields_AZ_NW.htm
955259C386,,AZ,Signal Auxiliary AAF #7,,Signal,34.37,-113.91,,HISTORICAL_INFORMATIONAL,yes,,https://www.airfields-freeman.com/AZ/Airfields_AZ_W.htm
15E2CBD310,,AZ,Sky-Hi Pioneer Airport,,Phoenix,33.673,-112.001,,HISTORICAL_INFORMATIONAL,yes,,https://www.airfields-freeman.com/AZ/Airfields_AZ_Phoenix_NE.htm
48D52F32DC,,AZ,Smiley Field,,Colfred,32.71,-113.92,,HISTORICAL_INFORMATIONAL,yes,,https://www.airfields-freeman.com/AZ/Airfields_AZ_Yuma.htm
4BD0E6C92F,,AZ,Smith Airfield / Tonopah Intermediate Field,,Tonopah,33.5,-112.85,,HISTORICAL_INFORMATIONAL,yes,,https://www.airfields-freeman.com/AZ/Airfields_AZ_W.htm
9F19F83F5C,,AZ,Snowflake Municipal Airport,,Snowflake,34.55,-110.11,,HISTORICAL_INFORMATIONAL,yes,,https://www.airfields-freeman.com/AZ/Airfields_AZ_NE.htm
CE881D8130,,AZ,South Phoenix Airport,,Phoenix,33.42,-112.05,,HISTORICAL_INFORMATIONAL,yes,,https://www.airfields-freeman.com/AZ/Airfields_AZ_Phoenix_SW.htm
1CC3B943D3,,AZ,Stoval Field,,Stoval,32.72,-113.62,,HISTORICAL_INFORMATIONAL,yes,,https://www.airfields-freeman.com/AZ/Airfields_AZ_Yuma.htm
E20A2F5AE0,,AZ,Sun City Airfield,,Sun City,33.74,-112.26,,HISTORICAL_INFORMATIONAL,yes,,https://www.airfields-freeman.com/AZ/Airfields_AZ_Phoenix_NW.htm
FCEC127130,,AZ,Taylor Field (0AZ1),,Marana,32.3,-111.32,,HISTORICAL_INFORMATIONAL,yes,,https://www.airfields-freeman.com/AZ/Airfields_AZ_Tucson_N.htm
C8221F3CFA,,AZ,Tempe Airport,,Tempe,33.406,-111.95,,HISTORICAL_INFORMATIONAL,yes,,https://www.airfields-freeman.com/AZ/Airfields_AZ_Phoenix_SE.htm
6B790CD7CB,,AZ,Three Point Airport (E58),,Casa Grande,32.9,-111.76,,HISTORICAL_INFORMATIONAL,yes,,https://www.airfields-freeman.com/AZ/Airfields_AZ_Phoenix_SE.htm
BA2133CF8E,,AZ,Thunderbird #1 Auxiliary Airfield A-1,,Sun City,33.64,-112.1,,HISTORICAL_INFORMATIONAL,yes,,https://www.airfields-freeman.com/AZ/Airfields_AZ_Phoenix_N.htm
0EFA143C30,,AZ,Thunderbird Field #1,,Glendale,33.62,-112.18,,HISTORICAL_INFORMATIONAL,yes,,https://www.airfields-freeman.com/AZ/Airfields_AZ_Phoenix_N.htm
5F65F83CCB,,AZ,Transwestern Pipeline Company Airfield #3,,Leupp,35.303,-110.85,,HISTORICAL_INFORMATIONAL,yes,,https://www.airfields-freeman.com/AZ/Airfields_AZ_NE.htm
5C65057787,,AZ,Transwestern Pipeline Company Airfield #4 (9E5),,Ganado,35.57,-109.38,,HISTORICAL_INFORMATIONAL,yes,,https://www.airfields-freeman.com/AZ/Airfields_AZ_NE.htm
01ABB82DEF,,AZ,Tuba City Airport (1st location),,Tuba City,36.13,-111.26,,HISTORICAL_INFORMATIONAL,yes,,https://www.airfields-freeman.com/AZ/Airfields_AZ_N.htm
1D6D4A5784,,AZ,Tuba City Airport (2nd location),,Tuba City,36.134,-111.234,,HISTORICAL_INFORMATIONAL,yes,,https://www.airfields-freeman.com/AZ/Airfields_AZ_N.htm
0853D41307,,AZ,Tucson Airpark,,Tucson,32.254,-111.005,,HISTORICAL_INFORMATIONAL,yes,,https://www.airfields-freeman.com/AZ/Airfields_AZ_Tucson_N.htm
CCEC023935,,AZ,Tucson Airport / Downtown Tucson Airport (2SE),,Tucson,32.19,-110.95,,HISTORICAL_INFORMATIONAL,yes,,https://www.airfields-freeman.com/AZ/Airfields_AZ_Tucson_SE.htm
53259F0378,,AZ,Turf Paradise Airfield,,Phoenix,33.63,-112.09,,HISTORICAL_INFORMATIONAL,yes,,https://www.airfields-freeman.com/AZ/Airfields_AZ_Phoenix_N.htm
02D44AA5F5,,AZ,Wagon Wheels Ranch Airfield,,Tucson,32.23,-110.87,,HISTORICAL_INFORMATIONAL,yes,,https://www.airfields-freeman.com/AZ/Airfields_AZ_Tucson_SE.htm
8E647D6BB7,,AZ,Wallapai Field / Hualapai Field,,Kingman,35.198,-114.036,,HISTORICAL_INFORMATIONAL,yes,,https://www.airfields-freeman.com/AZ/Airfields_AZ_NW.htm
FC9B298305,,AZ,Williams Field / Rex Williams Field / Moseley Field,,Glendale,33.502,-112.252,,HISTORICAL_INFORMATIONAL,yes,,https://www.airfields-freeman.com/AZ/Airfields_AZ_Phoenix_NW.htm
F46F7D7A99,,AZ,Winona Intermediate Field,,Winona,35.143,-111.27,,HISTORICAL_INFORMATIONAL,yes,,https://www.airfields-freeman.com/AZ/Airfields_AZ_N.htm
5E34026E7E,,AZ,Yucca Army Airfield / Ford Motor Proving Ground Airfield (58AZ),,Yucca,34.88,-114.12,,HISTORICAL_INFORMATIONAL,yes,,https://www.airfields-freeman.com/AZ/Airfields_AZ_W.htm
797FEEA46C,,AZ,Yuma Auxiliary Army Airfield #1,,Fortuna Foothills,32.66,-114.44,,HISTORICAL_INFORMATIONAL,yes,,https://www.airfields-freeman.com/AZ/Airfields_AZ_Yuma.htm
96759D2E92,,AZ,Yuma Auxiliary Army Airfield #2,,Yuma,32.55,-114.51,,HISTORICAL_INFORMATIONAL,yes,,https://www.airfields-freeman.com/AZ/Airfields_AZ_Yuma.htm
0A89334518,,AZ,Yuma Auxiliary Army Airfield #3,,Somerton,32.57,-114.6,,HISTORICAL_INFORMATIONAL,yes,,https://www.airfields-freeman.com/AZ/Airfields_AZ_Yuma.htm
85C3383238,,AZ,Yuma Proving Ground North Army Airfield,,Northeast of Yuma,33.34,-114.29,,HISTORICAL_INFORMATIONAL,yes,,https://www.airfields-freeman.com/AZ/Airfields_AZ_Yuma.htm
6B146AA332,,CA,(Original) Apple Valley Airport,,Apple Valley,34.53,-117.22,,HISTORICAL_INFORMATIONAL,yes,,https://www.airfields-freeman.com/CA/Airfields_CA_SanBernardino_W.htm
CEBD67AFEF,,CA,(Original) Calaveras County Airport,,San Andreas,38.19,-120.67,,HISTORICAL_INFORMATIONAL,yes,,https://www.airfields-freeman.com/CA/Airfields_CA_SacramentoSE.htm
CF8676F22B,,CA,(Original) Desert Center Airport,,Desert Center,33.72,-115.39,,HISTORICAL_INFORMATIONAL,yes,,https://www.airfields-freeman.com/CA/Airfields_CA_Riverside_E.htm
BE0305C019,,CA,(Original) Fort Ord Army Airfield / South Parade Ground Army Airfield,,Marina,36.65,-121.807,,HISTORICAL_INFORMATIONAL,yes,,https://www.airfields-freeman.com/CA/Airfields_CA_Monterey.htm
BAB7A27E4A,,CA,(Original) Palm Springs Municipal Airport,,Palm Springs,33.829,-116.53,,HISTORICAL_INFORMATIONAL,yes,,https://www.airfields-freeman.com/CA/Airfields_CA_Riverside_C.htm
4F57D0DCE8,,CA,(Original) San Carlos Airport,,San Carlos,37.503,-122.246,,HISTORICAL_INFORMATIONAL,yes,,https://www.airfields-freeman.com/CA/Airfields_CA_SanFran.htm
41A30019E1,,CA,(Original) Santa Barbara Airport / Carpinteria Airport,,Carpinteria,34.391,-119.508,,HISTORICAL_INFORMATIONAL,yes,,https://www.airfields-freeman.com/CA/Airfields_CA_Ventura.htm
736E357CC8,,CA,(Original) Selma Airport,,Selma,36.566,-119.568,,HISTORICAL_INFORMATIONAL,yes,,https://www.airfields-freeman.com/CA/Airfields_CA_Fresno_SE.htm
929E89F483,,CA,(Original) Stockton Airport / Oranges Brothers Airport / Oranges Airport / Orange Airport,,Stockton,38.03,-121.32,,HISTORICAL_INFORMATIONAL,yes,,https://www.airfields-freeman.com/CA/Airfields_CA_Stockton.htm
4AB8BAC650,,CA,"(Original) Willits Airport, CA",,Willits,39.41,-123.34,,HISTORICAL_INFORMATIONAL,yes,,https://www.airfields-freeman.com/CA/Airfields_CA_NW.htm
ED9BD17A41,,CA,6-S Ranch Airpark,,Santa Clarita,34.42,-118.473,,HISTORICAL_INFORMATIONAL,yes,,https://www.airfields-freeman.com/CA/Airfields_CA_SanFernan.htm
7A54968BF1,,CA,Adams Airport,,Calwa,36.705,-119.74,,HISTORICAL_INFORMATIONAL,yes,,https://www.airfields-freeman.com/CA/Airfields_CA_Fresno_SE.htm
D86E450B5C,,CA,Adamson Airport / Olancha Airport,,Olancha,36.28,-118,,HISTORICAL_INFORMATIONAL,yes,,https://www.airfields-freeman.com/CA/Airfields_CA_Inyo.htm
ECCE0BF0E5,,CA,Agua Caliente Springs Airport (L54),,Agua Caliente Springs,32.956,-116.296,,HISTORICAL_INFORMATIONAL,yes,,https://www.airfields-freeman.com/CA/Airfields_CA_SanDiego_E.htm
477BB3FA05,,CA,Alameda Airport / Benton Field / Alameda NAS (NGZ),,Alameda,37.785,-122.315,,HISTORICAL_INFORMATIONAL,yes,,https://www.airfields-freeman.com/CA/Airfields_CA_Oakland_S.htm
5DB607A23A,,CA,Alamo Airstrip,,Jolon,35.97,-121.18,,HISTORICAL_INFORMATIONAL,yes,,https://www.airfields-freeman.com/CA/Airfields_CA_SanLuisObispo.htm
B7312BBC92,,CA,Alhambra Airport / Western Air College Airport,,Alhambra,34.078,-118.114,,HISTORICAL_INFORMATIONAL,yes,,https://www.airfields-freeman.com/CA/Airfields_CA_LA_E.htm
28E9C01275,,CA,Allen Field / San Pedro NAS / Reeves Field,,Long Beach,33.75,-118.257,,HISTORICAL_INFORMATIONAL,yes,,https://www.airfields-freeman.com/CA/Airfields_CA_LongBeach.htm
5950FAF9C6,,CA,Alta Airport (O10),,Dinuba,36.54,-119.32,,HISTORICAL_INFORMATIONAL,yes,,https://www.airfields-freeman.com/CA/Airfields_CA_Tulare.htm
4E4915A6DE,,CA,Altadena Airport,,Altadena,34.183,-118.118,,HISTORICAL_INFORMATIONAL,yes,,https://www.airfields-freeman.com/CA/Airfields_CA_LA_E.htm
F9C988E53F,,CA,Alturas #2 Airport / Devil's Garden Airport,,Alturas,41.524,-120.669,,HISTORICAL_INFORMATIONAL,yes,,https://www.airfields-freeman.com/CA/Airfields_CA_NE.htm
145AFF3AB4,,CA,Alum Rock Airport,,Alum Rock,37.365,-121.837,,HISTORICAL_INFORMATIONAL,yes,,https://www.airfields-freeman.com/CA/Airfields_CA_SanJose_E.htm
7FF202E3E9,,CA,Amboy Airport / Conn Airport / Roy Airport,,Amboy,34.56,-115.75,,HISTORICAL_INFORMATIONAL,yes,,https://www.airfields-freeman.com/CA/Airfields_CA_SanBernardino_SE.htm
A04FB49489,,CA,American Legion Airport / Remco Flying Field,,Salinas,36.704,-121.657,,HISTORICAL_INFORMATIONAL,yes,,https://www.airfields-freeman.com/CA/Airfields_CA_Monterey.htm
DDE6734D75,,CA,Ames Airport,,Los Gatos,37.165,-121.966,,HISTORICAL_INFORMATIONAL,yes,,https://www.airfields-freeman.com/CA/Airfields_CA_SanJose_W.htm
5F0501499D,,CA,Angel Island Nike Missile Base Heliport,,Angel Island,37.86,-122.43,,HISTORICAL_INFORMATIONAL,yes,,https://www.airfields-freeman.com/CA/Airfields_CA_SanFran.htm
E129FD22C4,,CA,Angels Camp Airport / Frog Town Airport,,Angels Camp,38.05,-120.52,,HISTORICAL_INFORMATIONAL,yes,,https://www.airfields-freeman.com/CA/Airfields_CA_Stockton.htm
29D6F8370D,,CA,Antelope Valley Intermediate Field Site 5 / Site 5B,,Gorman,34.79,-118.657,,HISTORICAL_INFORMATIONAL,yes,,https://www.airfields-freeman.com/CA/Airfields_CA_PalmdaleN.htm
ABA574D24E,,CA,Antioch Airport (O12),,Antioch,37.97,-121.8,,HISTORICAL_INFORMATIONAL,yes,,https://www.airfields-freeman.com/CA/Airfields_CA_SacramentoSW.htm
65A060A0E1,,CA,Ardis Airport,,Downey,33.88,-118.132,,HISTORICAL_INFORMATIONAL,yes,,https://www.airfields-freeman.com/CA/Airfields_CA_LA_C.htm
8B12772D48,,CA,Artesia Airport / Cranford Airport,,Cerritos,33.862,-118.052,,HISTORICAL_INFORMATIONAL,yes,,https://www.airfields-freeman.com/CA/Airfields_CA_LongBeach.htm
3A9B284248,,CA,Atwater Airport / Buller Field / Atwater Municipal Airport (0O1),,Atwater,37.335,-120.605,,HISTORICAL_INFORMATIONAL,yes,,https://www.airfields-freeman.com/CA/Airfields_CA_Stockton.htm
0DF78D4EA5,,CA,AvAg Heliport,,Hamilton City,39.747,-122.017,,HISTORICAL_INFORMATIONAL,yes,,https://www.airfields-freeman.com/CA/Airfields_CA_NW.htm
C330B8FF3D,,CA,Bagdad Intermediate Field,,Bagdad,34.57,-115.88,,HISTORICAL_INFORMATIONAL,yes,,https://www.airfields-freeman.com/CA/Airfields_CA_SanBernardino_SE.htm
8521B90A06,,CA,Baker Airport / Culver City Airport,,Culver City,33.99,-118.4,,HISTORICAL_INFORMATIONAL,yes,,https://www.airfields-freeman.com/CA/Airfields_CA_LA_W.htm
3F025148C3,,CA,Baker Intermediate Field,,Baker,35.28,-116.06,,HISTORICAL_INFORMATIONAL,yes,,https://www.airfields-freeman.com/CA/Airfields_CA_SanBernardino_NE.htm
9C88C8FDA1,,CA,Baldani Airfield,,East Sacramento,38.57,-121.436,,HISTORICAL_INFORMATIONAL,yes,,https://www.airfields-freeman.com/CA/Airfields_CA_SacramentoNE.htm
207D4AE712,,CA,Bay Cities Airport,,Torrance,33.875,-118.35,,HISTORICAL_INFORMATIONAL,yes,,https://www.airfields-freeman.com/CA/Airfields_CA_LongBeach.htm
D8D66D03C8,,CA,Bellflower Airport,,Bellflower,33.892,-118.112,,HISTORICAL_INFORMATIONAL,yes,,https://www.airfields-freeman.com/CA/Airfields_CA_LA_E.htm
E73B744A74,,CA,Belmont Airport,,Belmont,37.53,-122.28,,HISTORICAL_INFORMATIONAL,yes,,https://www.airfields-freeman.com/CA/Airfields_CA_SanFran.htm
9FA7EA073D,,CA,Belmont Field,,Fresno,36.752,-119.888,,HISTORICAL_INFORMATIONAL,yes,,https://www.airfields-freeman.com/CA/Airfields_CA_Fresno_N.htm
719F23982C,,CA,Benicia Airport / Benicia Air Harbor,,Benicia,38.075,-122.19,,HISTORICAL_INFORMATIONAL,yes,,https://www.airfields-freeman.com/CA/Airfields_CA_Oakland_N.htm
FD3524BE81,,CA,Berkeley Airport,,Berkeley,37.881,-122.308,,HISTORICAL_INFORMATIONAL,yes,,https://www.airfields-freeman.com/CA/Airfields_CA_Oakland_N.htm
D7FF6A1BFF,,CA,Bob Lloyd Airport / Adams Port / Adams Airport,,North Hollywood,34.2,-118.373,,HISTORICAL_INFORMATIONAL,yes,,https://www.airfields-freeman.com/CA/Airfields_CA_SanFernan.htm
98645F4D0E,,CA,Border Air Service Field / Borderland Airport,,Chula Vista,32.571,-117.066,,HISTORICAL_INFORMATIONAL,yes,,https://www.airfields-freeman.com/CA/Airfields_CA_SanDiego_S.htm
5D7658E735,,CA,Border Naval Outlying Landing Field / Border Field,,South San Diego,32.54,-117.12,,HISTORICAL_INFORMATIONAL,yes,,https://www.airfields-freeman.com/CA/Airfields_CA_SanDiego_S.htm
E82C3931BD,,CA,Boron Air Force Plant #72 Airfield,,Boron,35.054,-117.54,,HISTORICAL_INFORMATIONAL,yes,,https://www.airfields-freeman.com/CA/Airfields_CA_Mojave.htm
888FF1BAE0,,CA,Borrego Hotel Naval Outlying Landing Field,,Ocotillo Wells,33.09,-116.1,,HISTORICAL_INFORMATIONAL,yes,,https://www.airfields-freeman.com/CA/Airfields_CA_SanDiego_E.htm
4EF5199147,,CA,Boulder Creek Airport / Hilton Airport,,Boulder Creek,37.153,-122.159,,HISTORICAL_INFORMATIONAL,yes,,https://www.airfields-freeman.com/CA/Airfields_CA_Monterey.htm
31352BEF42,,CA,Brand Field,,Glendale,34.18,-118.278,,HISTORICAL_INFORMATIONAL,yes,,https://www.airfields-freeman.com/CA/Airfields_CA_LA_C.htm
A220D859A6,,CA,Branstetter Airport / Natomas Airport (Q96),,Sacramento,38.637,-121.516,,HISTORICAL_INFORMATIONAL,yes,,https://www.airfields-freeman.com/CA/Airfields_CA_SacramentoNW.htm
75FFE6F498,,CA,Brennan Airpark / Fairfield Suisun Air Park,,Fairfield,38.25,-122.03,,HISTORICAL_INFORMATIONAL,yes,,https://www.airfields-freeman.com/CA/Airfields_CA_SacramentoSW.htm
CD0430990A,,CA,Brown Ranch Airfield,,Calabasas,34.104,-118.704,,HISTORICAL_INFORMATIONAL,yes,,https://www.airfields-freeman.com/CA/Airfields_CA_LA_W.htm
2D688E30C6,,CA,Buck Airport / Pingpank Airport / Petaluma Doolittle Airport,,Petaluma,38.249,-122.611,,HISTORICAL_INFORMATIONAL,yes,,https://www.airfields-freeman.com/CA/Airfields_CA_SantaRosa_S.htm
30781C972F,,CA,Burdette Airport / Dycer Airport,,Inglewood,33.95,-118.31,,HISTORICAL_INFORMATIONAL,yes,,https://www.airfields-freeman.com/CA/Airfields_CA_LA_W.htm
16B8B6AB08,,CA,Burnley Airport / Pomona Airport,,Pomona,34.027,-117.745,,HISTORICAL_INFORMATIONAL,yes,,https://www.airfields-freeman.com/CA/Airfields_CA_LA_E.htm
53E7460C55,,CA,Byron Airpark (4Q5),,Byron,37.835,-121.636,,HISTORICAL_INFORMATIONAL,yes,,https://www.airfields-freeman.com/CA/Airfields_CA_Oakland_S.htm
ACD6DF5558,,CA,"Cal-Aero Airport / Fontana Gilfillan Airport, Fontana, CA",,Fontana,34.13,-117.47,,HISTORICAL_INFORMATIONAL,yes,,https://www.airfields-freeman.com/CA/Airfields_CA_SanBernardino_W.htm
9C0AA8EC00,,CA,California Highway Patrol Airfield (3Q9),,Sacramento,38.595,-121.568,,HISTORICAL_INFORMATIONAL,yes,,https://www.airfields-freeman.com/CA/Airfields_CA_SacramentoNW.htm
651735FE97,,CA,California State Polytechnic Airport,,San Luis Obispo,35.31,-120.67,,HISTORICAL_INFORMATIONAL,yes,,https://www.airfields-freeman.com/CA/Airfields_CA_SanLuisObispo.htm
020D50E670,,CA,Calimesa Airport,,Calimesa,33.97,-117.05,,HISTORICAL_INFORMATIONAL,yes,,https://www.airfields-freeman.com/CA/Airfields_CA_Riverside_W.htm
BB9F1791A6,,CA,Calistoga Airpark / Calistoga Gliderport (O58),,Calistoga,38.58,-122.575,,HISTORICAL_INFORMATIONAL,yes,,https://www.airfields-freeman.com/CA/Airfields_CA_SantaRosa_N.htm
184BA59B89,,CA,Cambria Pines Airport,,Cambria,35.55,-121.08,,HISTORICAL_INFORMATIONAL,yes,,https://www.airfields-freeman.com/CA/Airfields_CA_SanLuisObispo.htm
E5665BEDDC,,CA,Camp Coxcomb Army Airfield / Coxcomb Airfield,,Freda,33.92,-115.24,,HISTORICAL_INFORMATIONAL,yes,,https://www.airfields-freeman.com/CA/Airfields_CA_SanBernardino_SE.htm
ADDF66B9DF,,CA,Camp Essex Army Airfield / Essex Airport,,Essex,34.77,-115.22,,HISTORICAL_INFORMATIONAL,yes,,https://www.airfields-freeman.com/CA/Airfields_CA_SanBernardino_SE.htm
212577B5F1,,CA,Camp Goffs Army Airfield,,Goffs,34.94,-115.07,,HISTORICAL_INFORMATIONAL,yes,,https://www.airfields-freeman.com/CA/Airfields_CA_SanBernardino_SE.htm
D4AB8C1643,,CA,Camp Ibis Army Airfield,,Ibis,34.97,-114.84,,HISTORICAL_INFORMATIONAL,yes,,https://www.airfields-freeman.com/CA/Airfields_CA_SanBernardino_NE.htm
D356EC7516,,CA,Camp Pendleton Highway Airstrip,,Oceanside,33.305,-117.472,,HISTORICAL_INFORMATIONAL,yes,,https://www.airfields-freeman.com/CA/Airfields_CA_SanDiego_N.htm
BD30BF7E61,,CA,Camp Pendleton Marine Corps Strip #2,,Oceanside,33.26,-117.435,,HISTORICAL_INFORMATIONAL,yes,,https://www.airfields-freeman.com/CA/Airfields_CA_SanDiego_N.htm
80253025C6,,CA,Camp Roberts (Main) Army Airfield,,Camp Roberts,35.79,-120.74,,HISTORICAL_INFORMATIONAL,yes,,https://www.airfields-freeman.com/CA/Airfields_CA_SanLuisObispo.htm
3757833CE5,,CA,Camp Roberts Army Airfield (original location),,Camp Roberts,35.785,-120.721,,HISTORICAL_INFORMATIONAL,yes,,https://www.airfields-freeman.com/CA/Airfields_CA_SanLuisObispo.htm
11970F478D,,CA,Camp San Luis Obispo Army Airfield,,San Luis Obispo,35.33,-120.75,,HISTORICAL_INFORMATIONAL,yes,,https://www.airfields-freeman.com/CA/Airfields_CA_SanLuisObispo.htm
91F83FFE6A,,CA,Cannon Field,,Fresno,36.777,-119.778,,HISTORICAL_INFORMATIONAL,yes,,https://www.airfields-freeman.com/CA/Airfields_CA_Fresno_N.htm
D1B850B430,,CA,Capistrano Airport (1st location),,San Juan Capistrano,33.485,-117.676,,HISTORICAL_INFORMATIONAL,yes,,https://www.airfields-freeman.com/CA/Airfields_CA_OrangeCo_SE.htm
66D64762D6,,CA,Capistrano Airport (2nd location) (L38),,San Juan Capistrano,33.484,-117.673,,HISTORICAL_INFORMATIONAL,yes,,https://www.airfields-freeman.com/CA/Airfields_CA_OrangeCo_SE.htm
CDB008BC31,,CA,Capitol Sky Park,,West Sacramento,38.584,-121.524,,HISTORICAL_INFORMATIONAL,yes,,https://www.airfields-freeman.com/CA/Airfields_CA_SacramentoNW.htm
CAF9F0AC19,,CA,Carlsbad Airport,,Carlsbad,33.165,-117.319,,HISTORICAL_INFORMATIONAL,yes,,https://www.airfields-freeman.com/CA/Airfields_CA_SanDiego_N.htm
784CC89901,,CA,Carmel Valley Vintage Airfield (O62),,Carmel Valley,36.48,-121.73,,HISTORICAL_INFORMATIONAL,yes,,https://www.airfields-freeman.com/CA/Airfields_CA_Monterey.htm
EAA267EB67,,CA,Centerville Airport / Center Field,,Centerville,37.53,-121.99,,HISTORICAL_INFORMATIONAL,yes,,https://www.airfields-freeman.com/CA/Airfields_CA_SanJose_W.htm
6D25CD3126,,CA,Charleston View Airfield,,Charleston,35.97,-115.854,,HISTORICAL_INFORMATIONAL,yes,,https://www.airfields-freeman.com/CA/Airfields_CA_Inyo.htm
D61F801D80,,CA,Cheim Airport,,Marysville,39.16,-121.57,,HISTORICAL_INFORMATIONAL,yes,,https://www.airfields-freeman.com/CA/Airfields_CA_NE.htm
F86A5939F6,,CA,Chico Auxiliary Army Airfield #3 / Deer Creek Ranch Airport (CA60),,Vina,39.95,-121.99,,HISTORICAL_INFORMATIONAL,yes,,https://www.airfields-freeman.com/CA/Airfields_CA_NE.htm
8444D63031,,CA,Chula Vista Airport / Tyce's Airport,,Chula Vista,32.633,-117.105,,HISTORICAL_INFORMATIONAL,yes,,https://www.airfields-freeman.com/CA/Airfields_CA_SanDiego_S.htm
B8E416A9DC,,CA,Clark Field,,San Luis Obispo,35.25,-120.66,,HISTORICAL_INFORMATIONAL,yes,,https://www.airfields-freeman.com/CA/Airfields_CA_SanLuisObispo.htm
C7DA5102E6,,CA,Clark's Dry Lake Naval Outlying Landing Field,,Borrego Springs,33.336,-116.289,,HISTORICAL_INFORMATIONAL,yes,,https://www.airfields-freeman.com/CA/Airfields_CA_SanDiego_E.htm
8624E009ED,,CA,Coalinga Municipal Airport (original location) (CLG),,Coalinga,36.16,-120.36,,HISTORICAL_INFORMATIONAL,yes,,https://www.airfields-freeman.com/CA/Airfields_CA_Fresno_SW.htm
BF99955832,,CA,Compton Central Airport,,Compton,33.91,-118.25,,HISTORICAL_INFORMATIONAL,yes,,https://www.airfields-freeman.com/CA/Airfields_CA_LA_C.htm
54BE0790C0,,CA,Concord Naval Weapons Station Airfield,,Concord,37.99,-122.017,,HISTORICAL_INFORMATIONAL,yes,,https://www.airfields-freeman.com/CA/Airfields_CA_Oakland_N.htm
40EF5B35AE,,CA,Conejo Valley Airport,,Thousand Oaks,34.18,-118.88,,HISTORICAL_INFORMATIONAL,yes,,https://www.airfields-freeman.com/CA/Airfields_CA_Ventura.htm
8F11E1EB39,,CA,Cooley Field,,San Carlos,37.52,-122.25,,HISTORICAL_INFORMATIONAL,yes,,https://www.airfields-freeman.com/CA/Airfields_CA_SanJose_W.htm
DCB07B088E,,CA,Cotati Naval Outer Landing Field,,Cotati,38.35,-122.72,,HISTORICAL_INFORMATIONAL,yes,,https://www.airfields-freeman.com/CA/Airfields_CA_SantaRosa_S.htm
55F33BBE25,,CA,Coyote Flats Airport (04CA),,Coyote Flats,37.205,-118.478,,HISTORICAL_INFORMATIONAL,yes,,https://www.airfields-freeman.com/CA/Airfields_CA_Fresno_N.htm
E7AC3F1EF7,,CA,Crafton Hills Airport / Lincoln Airfield,,Yucaipa,34.03,-117.07,,HISTORICAL_INFORMATIONAL,yes,,https://www.airfields-freeman.com/CA/Airfields_CA_SanBernardino_W.htm
3E2CE146C8,,CA,Crawford Airport (0CA3),,Santa Barabara,34.59,-120.016,,HISTORICAL_INFORMATIONAL,yes,,https://www.airfields-freeman.com/CA/Airfields_CA_SantaBarbara.htm
7EF7DD4466,,CA,Crawford Airport / Seal Beach Airport / Naval Outlying Landing Field 21104,,Seal Beach,33.74,-118.092,,HISTORICAL_INFORMATIONAL,yes,,https://www.airfields-freeman.com/CA/Airfields_CA_OrangeCo_NW.htm
EEBFE0D8AA,,CA,Crazy Creek Gliderport,,Middletown,38.772,-122.575,,HISTORICAL_INFORMATIONAL,yes,,https://www.airfields-freeman.com/CA/Airfields_CA_NW.htm
AAD9A2B402,,CA,Crissy Field (CSY),,San Francisco,37.8,-122.46,,HISTORICAL_INFORMATIONAL,yes,,https://www.airfields-freeman.com/CA/Airfields_CA_SanFran.htm
D5E85C5287,,CA,Crows Landing Naval Auxiliary Landing Field (NRC / CA93),,Patterson,37.41,-121.11,,HISTORICAL_INFORMATIONAL,yes,,https://www.airfields-freeman.com/CA/Airfields_CA_CValley.htm
CB17CAB0F4,,CA,Cuddeback Dry Lake Landing Strip,,Atolia,35.28,-117.397,,HISTORICAL_INFORMATIONAL,yes,,https://www.airfields-freeman.com/CA/Airfields_CA_Mojave.htm
E07B05E04A,,CA,Cypress School of Aeronautics,,Anaheim,33.83,-118.02,,HISTORICAL_INFORMATIONAL,yes,,https://www.airfields-freeman.com/CA/Airfields_CA_OrangeCo_NW.htm
30D06C2EB3,,CA,Daniel Airfield / Inglenook Ranch Airfield (O44),,Rutherford,38.47,-122.446,,HISTORICAL_INFORMATIONAL,yes,,https://www.airfields-freeman.com/CA/Airfields_CA_SantaRosa_N.htm
25081258B8,,CA,Davis Airport / Ridgecrest Airport (RDC),,Ridgecrest,35.61,-117.67,,HISTORICAL_INFORMATIONAL,yes,,https://www.airfields-freeman.com/CA/Airfields_CA_CValley.htm
B34662B7A8,,CA,Davis Airport / State Forestry Airport,,Davis,38.56,-121.68,,HISTORICAL_INFORMATIONAL,yes,,https://www.airfields-freeman.com/CA/Airfields_CA_SacramentoSW.htm
634450264E,,CA,Death Valley Airport (original location) / Furnace Creek Airport,,Death Valley,36.46,-116.864,,HISTORICAL_INFORMATIONAL,yes,,https://www.airfields-freeman.com/CA/Airfields_CA_Inyo.htm
F050B03DC2,,CA,Del Paso Airport / Lingbergh Field,,Sacramento,38.639,-121.391,,HISTORICAL_INFORMATIONAL,yes,,https://www.airfields-freeman.com/CA/Airfields_CA_SacramentoNE.htm
CF6338A4D5,,CA,Delpert Airport / Norwalk Airport,,Norwalk,33.907,-118.103,,HISTORICAL_INFORMATIONAL,yes,,https://www.airfields-freeman.com/CA/Airfields_CA_LA_E.htm
B0607C288D,,CA,Desert Airport / Palm Desert Airpark,,Rancho Mirage,33.74,-116.4,,HISTORICAL_INFORMATIONAL,yes,,https://www.airfields-freeman.com/CA/Airfields_CA_Riverside_C.htm
14DD2F2961,,CA,Diablo Air Mail Terminal / Concord Airport (original location),,Concord,37.97,-121.995,,HISTORICAL_INFORMATIONAL,yes,,https://www.airfields-freeman.com/CA/Airfields_CA_Oakland_N.htm
CFD47A030C,,CA,Discovery Bay Airport,,Byron,37.891,-121.621,,HISTORICAL_INFORMATIONAL,yes,,https://www.airfields-freeman.com/CA/Airfields_CA_Oakland_N.htm
9B3BDC119D,,CA,Disneyland Heliport (1st location),,Anaheim,33.811,-117.916,,HISTORICAL_INFORMATIONAL,yes,,https://www.airfields-freeman.com/CA/Airfields_CA_OrangeCo_NW.htm
E0AA0597B5,,CA,Disneyland Heliport (2nd location),,Anaheim,33.81,-117.916,,HISTORICAL_INFORMATIONAL,yes,,https://www.airfields-freeman.com/CA/Airfields_CA_OrangeCo_NW.htm
039CAD7375,,CA,Disneyland Heliport (3rd location),,Anaheim,33.811,-117.927,,HISTORICAL_INFORMATIONAL,yes,,https://www.airfields-freeman.com/CA/Airfields_CA_OrangeCo_NW.htm
993BB464F6,,CA,Dominguez Field,,Carson,33.86,-118.25,,HISTORICAL_INFORMATIONAL,yes,,https://www.airfields-freeman.com/CA/Airfields_CA_LA_C.htm
44621AAC4F,,CA,Downtown Oakland Heliport,,Oakland,37.801,-122.265,,HISTORICAL_INFORMATIONAL,yes,,https://www.airfields-freeman.com/CA/Airfields_CA_Oakland_S.htm
4F3E40F45B,,CA,Drummond Hospital Airport,,Ridgecrest,35.641,-117.674,,HISTORICAL_INFORMATIONAL,yes,,https://www.airfields-freeman.com/CA/Airfields_CA_CValley.htm
9765B4D1CE,,CA,Durant Field,,Oakland,37.751,-122.19,,HISTORICAL_INFORMATIONAL,yes,,https://www.airfields-freeman.com/CA/Airfields_CA_Oakland_S.htm
E634F2E50F,,CA,Dutch Flats Airport / Ryan Airport / Mahoney Airport / Speer Airport,,San Diego,32.745,-117.205,,HISTORICAL_INFORMATIONAL,yes,,https://www.airfields-freeman.com/CA/Airfields_CA_SanDiego_N.htm
A3C60C42E2,,CA,Eagle Mountain Airfield / Metropolitan Water District Airstrip,,Eagle Mountain,33.84,-115.46,,HISTORICAL_INFORMATIONAL,yes,,https://www.airfields-freeman.com/CA/Airfields_CA_Riverside_E.htm
2388621515,,CA,Eagle Mountain Pumping Station Airfield,,Eagle Mountain,33.8,-115.45,,HISTORICAL_INFORMATIONAL,yes,,https://www.airfields-freeman.com/CA/Airfields_CA_Riverside_E.htm
02FB4DF0BE,,CA,Eddie Martin Airport,,Santa Ana,33.69,-117.87,,HISTORICAL_INFORMATIONAL,yes,,https://www.airfields-freeman.com/CA/Airfields_CA_OrangeCo_C.htm
D1190C0F54,,CA,El Macero Airfield,,Davis,38.54,-121.68,,HISTORICAL_INFORMATIONAL,yes,,https://www.airfields-freeman.com/CA/Airfields_CA_SacramentoSW.htm
0BA8AAD4ED,,CA,El Rico Airfield,,Corcoran,36.046,-119.647,,HISTORICAL_INFORMATIONAL,yes,,https://www.airfields-freeman.com/CA/Airfields_CA_Fresno_SE.htm
E46903B934,,CA,El Toro MCAS (NZJ),,El Toro,33.67,-117.73,,HISTORICAL_INFORMATIONAL,yes,,https://www.airfields-freeman.com/CA/Airfields_CA_OrangeCo_SE.htm
27736299E0,,CA,Elsinore Airport,,Lake Elsinore,33.658,-117.316,,HISTORICAL_INFORMATIONAL,yes,,https://www.airfields-freeman.com/CA/Airfields_CA_Riverside_W.htm
BE9776509F,,CA,EMSCO Field / Baker Field / Vultee Field / Downey Field,,Downey,33.92,-118.13,,HISTORICAL_INFORMATIONAL,yes,,https://www.airfields-freeman.com/CA/Airfields_CA_LA_C.htm
02EBE0A41F,,CA,Engle Airport / Engel Field / Escondido Airport,,Escondido,33.122,-117.105,,HISTORICAL_INFORMATIONAL,yes,,https://www.airfields-freeman.com/CA/Airfields_CA_SanDiego_N.htm
2E3C56313A,,CA,Ensign Ranch Airfield / Nolacres Airfield,,Borrego Springs,33.233,-116.357,,HISTORICAL_INFORMATIONAL,yes,,https://www.airfields-freeman.com/CA/Airfields_CA_SanDiego_E.htm
D2D9172C57,,CA,Enterprise Sky Park (Q93),,Redding,40.58,-122.32,,HISTORICAL_INFORMATIONAL,yes,,https://www.airfields-freeman.com/CA/Airfields_CA_NW.htm
5374B5F328,,CA,Fair Oaks Airport,,Rancho Cordova,38.608,-121.267,,HISTORICAL_INFORMATIONAL,yes,,https://www.airfields-freeman.com/CA/Airfields_CA_SacramentoNE.htm
A9DEE206EC,,CA,Fontana Intermediate Field / Fontana Airport,,Fontana,34.148,-117.423,,HISTORICAL_INFORMATIONAL,yes,,https://www.airfields-freeman.com/CA/Airfields_CA_SanBernardino_W.htm
C8A0ED20A9,,CA,Foothill Flying Field / Monrovia Airport,,Monrovia,34.137,-117.99,,HISTORICAL_INFORMATIONAL,yes,,https://www.airfields-freeman.com/CA/Airfields_CA_LA_E.htm
4C710F345C,,CA,Foresthill Airport,,Foresthill,39.02,-120.84,,HISTORICAL_INFORMATIONAL,yes,,https://www.airfields-freeman.com/CA/Airfields_CA_NE.htm
A35963691A,,CA,Fort Bragg Airport (original location) / White Airport,,Fort Bragg,39.462,-123.801,,HISTORICAL_INFORMATIONAL,yes,,https://www.airfields-freeman.com/CA/Airfields_CA_NW.htm
5C089ACD72,,CA,Frank Sinatra Rancho Mirage Helipad,,Rancho Mirage,33.773,-116.431,,HISTORICAL_INFORMATIONAL,yes,,https://www.airfields-freeman.com/CA/Airfields_CA_Riverside_C.htm
3D6BDD8E71,,CA,Fresno Country Club Airfield / Furlong Field,,Fresno,36.806,-119.866,,HISTORICAL_INFORMATIONAL,yes,,https://www.airfields-freeman.com/CA/Airfields_CA_Fresno_N.htm
33EDEBA696,,CA,Gandy Flying Service Airfield,,Cauthers,36.545,-119.833,,HISTORICAL_INFORMATIONAL,yes,,https://www.airfields-freeman.com/CA/Airfields_CA_Fresno_SW.htm
6F3C836AA7,,CA,Garden Grove,,,33.73,-117.94,,HISTORICAL_INFORMATIONAL,yes,,https://www.airfields-freeman.com/CA/Airfields_CA_OrangeCo_C.htm
0B2031890B,,CA,Gardena Airport,,Gardena,33.89,-118.32,,HISTORICAL_INFORMATIONAL,yes,,https://www.airfields-freeman.com/CA/Airfields_CA_LA_W.htm
929B45DF5B,,CA,Gardena Valley Airport,,Gardena,33.904,-118.314,,HISTORICAL_INFORMATIONAL,yes,,https://www.airfields-freeman.com/CA/Airfields_CA_LA_W.htm
D51F270128,,CA,Gardner Army Airfield / Gardner Airport,,Taft,35.11,-119.303,,HISTORICAL_INFORMATIONAL,yes,,https://www.airfields-freeman.com/CA/Airfields_CA_Bakersfield.htm
2C4FE22AD0,,CA,Gardner Auxiliary Army Airfield #1 / Parker Field,,Taft,35.064,-119.205,,HISTORICAL_INFORMATIONAL,yes,,https://www.airfields-freeman.com/CA/Airfields_CA_Bakersfield.htm
4A5A3B5BC1,,CA,Gardner Auxiliary Army Airfield #2 / Taft-Kern Field,,Taft,35.12,-119.336,,HISTORICAL_INFORMATIONAL,yes,,https://www.airfields-freeman.com/CA/Airfields_CA_Bakersfield.htm
A4909D82DB,,CA,Gardner Auxiliary Army Airfield #3 / Allen Field,,Taft,35.054,-119.02,,HISTORICAL_INFORMATIONAL,yes,,https://www.airfields-freeman.com/CA/Airfields_CA_Bakersfield.htm
C74EA4522C,,CA,Gardner Auxiliary Army Airfield #6 / Cuyama Airport,,Ventucopa,34.85,-119.48,,HISTORICAL_INFORMATIONAL,yes,,https://www.airfields-freeman.com/CA/Airfields_CA_Bakersfield.htm
9BB0E467F8,,CA,Gary Field / W.R. Byron Airport (44CA),,Blythe,33.68,-114.64,,HISTORICAL_INFORMATIONAL,yes,,https://www.airfields-freeman.com/CA/Airfields_CA_Riverside_E.htm
13C9229B3D,,CA,Giant Rock Airport,,Landers,34.33,-116.39,,HISTORICAL_INFORMATIONAL,yes,,https://www.airfields-freeman.com/CA/Airfields_CA_SanBernardino_SE.htm
70AE0A5DA5,,CA,Gillies Airport,,San Diego,32.775,-117.085,,HISTORICAL_INFORMATIONAL,yes,,https://www.airfields-freeman.com/CA/Airfields_CA_SanDiego_N.htm
A19704EBCF,,CA,Glen Ivy Airport,,Corona,33.762,-117.495,,HISTORICAL_INFORMATIONAL,yes,,https://www.airfields-freeman.com/CA/Airfields_CA_Riverside_W.htm
03D2B32681,,CA,Glendale Airport / Grand Central Air Terminal,,Glendale,34.16,-118.286,,HISTORICAL_INFORMATIONAL,yes,,https://www.airfields-freeman.com/CA/Airfields_CA_LA_C.htm
08066E3E17,,CA,Goffs Intermediate Field,,Goffs,34.93,-115.03,,HISTORICAL_INFORMATIONAL,yes,,https://www.airfields-freeman.com/CA/Airfields_CA_SanBernardino_SE.htm
493E56AAC8,,CA,Goodyear Factory Airship Base,,Huntington Park,33.979,-118.259,,HISTORICAL_INFORMATIONAL,yes,,https://www.airfields-freeman.com/CA/Airfields_CA_LA_W.htm
A84C793C3B,,CA,Grande Vista Airport,,Palm City,32.583,-117.068,,HISTORICAL_INFORMATIONAL,yes,,https://www.airfields-freeman.com/CA/Airfields_CA_SanDiego_S.htm
14819A30DE,,CA,Grant Airport / Grants Airport / Grants Airpark / Olancha Strip,,Grant,36.256,-117.998,,HISTORICAL_INFORMATIONAL,yes,,https://www.airfields-freeman.com/CA/Airfields_CA_Inyo.htm
2852CD21C4,,CA,Grass Valley Airport / Gilmore Airport,,Grass Valley,39.22,-121.07,,HISTORICAL_INFORMATIONAL,yes,,https://www.airfields-freeman.com/CA/Airfields_CA_NE.htm
C1BA217F1C,,CA,Green Acres Airport (2Q1),,Visalia,36.34,-119.33,,HISTORICAL_INFORMATIONAL,yes,,https://www.airfields-freeman.com/CA/Airfields_CA_Tulare.htm
F4107D1447,,CA,Grey Butte Auxiliary Army Airfield #4 / Grey Butte Airport,,Southwest of El Mirage,34.565,-117.67,,HISTORICAL_INFORMATIONAL,yes,,https://www.airfields-freeman.com/CA/Airfields_CA_PalmdaleS.htm
EFA929ED7E,,CA,Griffith Park Aerodrome,,Griffith Park,34.15,-118.283,,HISTORICAL_INFORMATIONAL,yes,,https://www.airfields-freeman.com/CA/Airfields_CA_LA_C.htm
187C479E37,,CA,Gypsy Springs Airfield,,Gypsite,35.335,-117.93,,HISTORICAL_INFORMATIONAL,yes,,https://www.airfields-freeman.com/CA/Airfields_CA_Mojave.htm
97EDD1A6DD,,CA,Hamilton Cove Seaplane Base,,Catalina Island,33.35,-118.33,,HISTORICAL_INFORMATIONAL,yes,,https://www.airfields-freeman.com/CA/Airfields_CA_PacificIslands.htm
32410E1C13,,CA,Hamilton Field / Hamilton AFB / Hamilton AAF (SRF),,Novato,38.055,-122.507,,HISTORICAL_INFORMATIONAL,yes,,https://www.airfields-freeman.com/CA/Airfields_CA_SanRafael.htm
FA73B65B96,,CA,Harper Dry Lake Airfield,,Lockhart,35.042,-117.336,,HISTORICAL_INFORMATIONAL,yes,,https://www.airfields-freeman.com/CA/Airfields_CA_Mojave.htm
82F0418635,,CA,Harvey's Airport / Skyway Airport,,Blythe,33.61,-114.83,,HISTORICAL_INFORMATIONAL,yes,,https://www.airfields-freeman.com/CA/Airfields_CA_Riverside_E.htm
ED560CEA0F,,CA,Haster Farm Airport,,Westminster,33.763,-117.965,,HISTORICAL_INFORMATIONAL,yes,,https://www.airfields-freeman.com/CA/Airfields_CA_OrangeCo_NW.htm
F0124B546D,,CA,Hawes Aux Army Airfield #1,,West of Barstow,34.923,-117.375,,HISTORICAL_INFORMATIONAL,yes,,https://www.airfields-freeman.com/CA/Airfields_CA_Mojave.htm
3CCEBFF14C,,CA,Hawke Airfield / Peterson Airfield,,Modesto,37.723,-120.89,,HISTORICAL_INFORMATIONAL,yes,,https://www.airfields-freeman.com/CA/Airfields_CA_CValley.htm
F5A303E5E4,,CA,Hearst Airport (3rd location),,San Simeon,35.66,-121.2,,HISTORICAL_INFORMATIONAL,yes,,https://www.airfields-freeman.com/CA/Airfields_CA_SanLuisObispo.htm
219BB52FC9,,CA,Helendale Auxiliary Army Airfield #2 / Helendale Airport,,Helendale,34.82,-117.3,,HISTORICAL_INFORMATIONAL,yes,,https://www.airfields-freeman.com/CA/Airfields_CA_PalmdaleN.htm
9C55680E34,,CA,Henderson Field,,Ojai,34.427,-119.29,,HISTORICAL_INFORMATIONAL,yes,,https://www.airfields-freeman.com/CA/Airfields_CA_Ventura.htm
3CFD584270,,CA,Heron Airport,,Blythe,33.61,-114.57,,HISTORICAL_INFORMATIONAL,yes,,https://www.airfields-freeman.com/CA/Airfields_CA_Riverside_E.htm
D146F50690,,CA,Hi Hi Sky Ranch Airfield,,Oceanside,33.197,-117.35,,HISTORICAL_INFORMATIONAL,yes,,https://www.airfields-freeman.com/CA/Airfields_CA_SanDiego_N.htm
926BE28BE1,,CA,Hiller Aircraft Factory Airfield,,East Palo Alto,37.477,-122.151,,HISTORICAL_INFORMATIONAL,yes,,https://www.airfields-freeman.com/CA/Airfields_CA_SanJose_W.htm
F742218C72,,CA,Holtville Naval Auxiliary Air Station / Holtville Airport,,Holtville,32.84,-115.27,,HISTORICAL_INFORMATIONAL,yes,,https://www.airfields-freeman.com/CA/Airfields_CA_ElCentro.htm
6FE222E6CD,,CA,Holtville Naval Auxiliary Landing Field / Sand Hill Naval Auxiliary Landing Field,,Sand Hill,32.832,-115.152,,HISTORICAL_INFORMATIONAL,yes,,https://www.airfields-freeman.com/CA/Airfields_CA_ElCentro.htm
6B4FE4FDF9,,CA,Hookston Field / Sherman Field,,Pleasant Hill,37.95,-122.057,,HISTORICAL_INFORMATIONAL,yes,,https://www.airfields-freeman.com/CA/Airfields_CA_Oakland_N.htm
B505917553,,CA,Hoover Lake Airstrip,,Morgan Hill,37.153,-121.445,,HISTORICAL_INFORMATIONAL,yes,,https://www.airfields-freeman.com/CA/Airfields_CA_SanJose_E.htm
C8CFB81BCE,,CA,Horse Farm Airport,,Stanton,33.794,-118.006,,HISTORICAL_INFORMATIONAL,yes,,https://www.airfields-freeman.com/CA/Airfields_CA_OrangeCo_NW.htm
4BE0A03A52,,CA,Hughes Airport,,Culver City,33.98,-118.414,,HISTORICAL_INFORMATIONAL,yes,,https://www.airfields-freeman.com/CA/Airfields_CA_LA_W.htm
9647DBBC46,,CA,Hummingbird Haven,,Livermore,37.7,-121.69,,HISTORICAL_INFORMATIONAL,yes,,https://www.airfields-freeman.com/CA/Airfields_CA_SanJose_W.htm
1A1B1D71D6,,CA,Huntington Beach,,,33.72,-118.037,,HISTORICAL_INFORMATIONAL,yes,,https://www.airfields-freeman.com/CA/Airfields_CA_OrangeCo_NW.htm
B2F30D33FE,,CA,Huntington Beach Airport (1st location),,Huntington Beach,33.681,-118.014,,HISTORICAL_INFORMATIONAL,yes,,https://www.airfields-freeman.com/CA/Airfields_CA_OrangeCo_NW.htm
6FFFFEFED7,,CA,Huntington Beach Airport (2nd location),,Huntington Beach,33.646,-117.979,,HISTORICAL_INFORMATIONAL,yes,,https://www.airfields-freeman.com/CA/Airfields_CA_OrangeCo_NW.htm
458672EC5C,,CA,Imperial Gables Landing Field,,Imperial Gables,33.124,-114.887,,HISTORICAL_INFORMATIONAL,yes,,https://www.airfields-freeman.com/CA/Airfields_CA_ElCentro.htm
C2F5337632,,CA,Indian Dunes Airport (4CA4),,Valencia,34.424,-118.638,,HISTORICAL_INFORMATIONAL,yes,,https://www.airfields-freeman.com/CA/Airfields_CA_SanFernan.htm
00B6C677AF,,CA,Indio Airport,,Indio,33.73,-116.21,,HISTORICAL_INFORMATIONAL,yes,,https://www.airfields-freeman.com/CA/Airfields_CA_Riverside_C.htm
38A8C349CB,,CA,Inyo County Airport / Manzanar Airport,,Manzanar,36.735,-118.146,,HISTORICAL_INFORMATIONAL,yes,,https://www.airfields-freeman.com/CA/Airfields_CA_Inyo.htm
17B2995AC5,,CA,Jensen Airport,,Sacramento,38.51,-121.5,,HISTORICAL_INFORMATIONAL,yes,,https://www.airfields-freeman.com/CA/Airfields_CA_SacramentoSW.htm
24B956A325,,CA,Jolon Airfield / Hearst Hacienda Airfield / Hunter Liggett Airfield,,Jolon,36,-121.23,,HISTORICAL_INFORMATIONAL,yes,,https://www.airfields-freeman.com/CA/Airfields_CA_SanLuisObispo.htm
9830C391EC,,CA,Justman Airport,,Petaluma,38.239,-122.611,,HISTORICAL_INFORMATIONAL,yes,,https://www.airfields-freeman.com/CA/Airfields_CA_SantaRosa_S.htm
0BE25D08A4,,CA,K Field / Hi Desert Airport / Roy Williams Airport (L80),,Joshua Tree,34.154,-116.252,,HISTORICAL_INFORMATIONAL,yes,,https://www.airfields-freeman.com/CA/Airfields_CA_SanBernardino_W.htm
23C929A447,,CA,Kelso Airfield,,Kelso,35.07,-115.64,,HISTORICAL_INFORMATIONAL,yes,,https://www.airfields-freeman.com/CA/Airfields_CA_SanBernardino_NE.htm
CFCF7A0D8C,,CA,King Skylanes Airport / Fremont Airport (Q59),,Fremont,37.46,-121.93,,HISTORICAL_INFORMATIONAL,yes,,https://www.airfields-freeman.com/CA/Airfields_CA_SanJose_E.htm
95E8A596F0,,CA,Kirkwood,,,39.79,-122.13,,HISTORICAL_INFORMATIONAL,yes,,https://www.airfields-freeman.com/CA/Airfields_CA_NW.htm
01D8A04A17,,CA,Kleinhammer Field / Machado Field,,Lemoore,36.316,-119.79,,HISTORICAL_INFORMATIONAL,yes,,https://www.airfields-freeman.com/CA/Airfields_CA_Fresno_SE.htm
1D0725795B,,CA,Knights Airport / Stan's Airpark,,Vallejo,38.13,-122.27,,HISTORICAL_INFORMATIONAL,yes,,https://www.airfields-freeman.com/CA/Airfields_CA_Oakland_N.htm
313C529679,,CA,Krey Field (0CL1),,Adelanto,34.569,-117.556,,HISTORICAL_INFORMATIONAL,yes,,https://www.airfields-freeman.com/CA/Airfields_CA_PalmdaleS.htm
3D56C75298,,CA,La Cresta Airport,,Bakersfield,35.408,-118.981,,HISTORICAL_INFORMATIONAL,yes,,https://www.airfields-freeman.com/CA/Airfields_CA_Bakersfield.htm
C8E89BDA51,,CA,La Pressa Airport,,La Pressa,32.71,-117.01,,HISTORICAL_INFORMATIONAL,yes,,https://www.airfields-freeman.com/CA/Airfields_CA_SanDiego_S.htm
7CB763C42B,,CA,Lake Arrowhead Airport / Squint's Ranch Airport (2CN8),,Lake Arrowhead,34.3,-117.15,,HISTORICAL_INFORMATIONAL,yes,,https://www.airfields-freeman.com/CA/Airfields_CA_SanBernardino_W.htm
D82C27B48F,,CA,Lake Mathews Airport (52CA),,Lake Mathews,33.853,-117.427,,HISTORICAL_INFORMATIONAL,yes,,https://www.airfields-freeman.com/CA/Airfields_CA_Riverside_W.htm
55F7116C80,,CA,Lamps Airport,,El Cajon,32.756,-116.926,,HISTORICAL_INFORMATIONAL,yes,,https://www.airfields-freeman.com/CA/Airfields_CA_SanDiego_E.htm
D965593076,,CA,Lancaster Airport (original location),,Lancaster,34.705,-118.152,,HISTORICAL_INFORMATIONAL,yes,,https://www.airfields-freeman.com/CA/Airfields_CA_PalmdaleN.htm
CAC7799D5B,,CA,Lemoore Army Airfield / Lemoore Airport / Willett Airfield,,Lemoore,36.25,-119.942,,HISTORICAL_INFORMATIONAL,yes,,https://www.airfields-freeman.com/CA/Airfields_CA_Fresno_SW.htm
744DFF3A7A,,CA,Lemoore Auxiliary Army Airfield A-3 / Indian Field,,Huron,36.132,-120.088,,HISTORICAL_INFORMATIONAL,yes,,https://www.airfields-freeman.com/CA/Airfields_CA_Fresno_SW.htm
FF0F12E654,,CA,Lemoore Auxiliary Army Airfield A-7 / Helm Field #6,,Coalinga,36.35,-120.174,,HISTORICAL_INFORMATIONAL,yes,,https://www.airfields-freeman.com/CA/Airfields_CA_Fresno_SW.htm
EE47C0C432,,CA,Liberty Field,,Rosamond,34.8,-118.16,,HISTORICAL_INFORMATIONAL,yes,,https://www.airfields-freeman.com/CA/Airfields_CA_PalmdaleN.htm
3A6287D46B,,CA,Linda Vista Mesa Field / Hourglass Field / Miramar Naval Outer Landing Field,,Mira Mesa,32.91,-117.125,,HISTORICAL_INFORMATIONAL,yes,,https://www.airfields-freeman.com/CA/Airfields_CA_SanDiego_N.htm
77FA1D751A,,CA,Livermore Naval Air Station,,Livermore,37.68,-121.71,,HISTORICAL_INFORMATIONAL,yes,,https://www.airfields-freeman.com/CA/Airfields_CA_SanJose_E.htm
9BD4742D99,,CA,Livermore Sky Ranch / Livermore Municipal Airport,,Livermore,37.69,-121.79,,HISTORICAL_INFORMATIONAL,yes,,https://www.airfields-freeman.com/CA/Airfields_CA_SanJose_E.htm
F97C28F130,,CA,Lockheed Airport / Lockheed Aircraft Company Plant B-1 Airfield,,Burbank,34.19,-118.33,,HISTORICAL_INFORMATIONAL,yes,,https://www.airfields-freeman.com/CA/Airfields_CA_SanFernan.htm
248001E67A,,CA,Lompoc Airport (original location) / Lompoc NAAF,,Lompoc,34.648,-120.461,,HISTORICAL_INFORMATIONAL,yes,,https://www.airfields-freeman.com/CA/Airfields_CA_SantaBarbara.htm
E4AFB8FADA,,CA,Long Airfield / Machado Airfield,,Santa Maria,34.983,-120.43,,HISTORICAL_INFORMATIONAL,yes,,https://www.airfields-freeman.com/CA/Airfields_CA_SantaBarbara.htm
39E037FC59,,CA,Lost Hills Airport / Lost Hills Auxiliary Field / Minter Field Auxiliary #7 / Lost Hills Kern County Airport #9 (L84),,Lost Hills,35.626,-119.687,,HISTORICAL_INFORMATIONAL,yes,,https://www.airfields-freeman.com/CA/Airfields_CA_Bakersfield.htm
42AB774FA3,,CA,Louisiana Pacific Mill Airfield,,Burney,41,-121.62,,HISTORICAL_INFORMATIONAL,yes,,https://www.airfields-freeman.com/CA/Airfields_CA_NE.htm
EA45CFACB6,,CA,Luebkeman Airport / Anaheim Airport / Naval Outlying Landing Field 02604,,Anaheim,33.84,-118.02,,HISTORICAL_INFORMATIONAL,yes,,https://www.airfields-freeman.com/CA/Airfields_CA_OrangeCo_C.htm
D894BCB345,,CA,Madson Airport / National City Airport,,National City,32.65,-117.1,,HISTORICAL_INFORMATIONAL,yes,,https://www.airfields-freeman.com/CA/Airfields_CA_SanDiego_S.htm
1EDB42555E,,CA,Mare Island Naval Shipyard Airfield,,Vallejo,38.089,-122.272,,HISTORICAL_INFORMATIONAL,yes,,https://www.airfields-freeman.com/CA/Airfields_CA_Oakland_N.htm
3973A77E23,,CA,Maricopa Airport (2nd location),,Maricopa,35.053,-119.412,,HISTORICAL_INFORMATIONAL,yes,,https://www.airfields-freeman.com/CA/Airfields_CA_Bakersfield.htm
DBE1756A80,,CA,Maricopa Airport (original location) / Kern #6 Airport / Maricopa-Kern Airport,,Maricopa,35.054,-119.401,,HISTORICAL_INFORMATIONAL,yes,,https://www.airfields-freeman.com/CA/Airfields_CA_Bakersfield.htm
D6F821F12C,,CA,Martinez Airport,,Martinez,38.023,-122.133,,HISTORICAL_INFORMATIONAL,yes,,https://www.airfields-freeman.com/CA/Airfields_CA_Oakland_N.htm
98191FD426,,CA,Mays School Naval Outlying Landing Field,,Livermore,37.73,-121.76,,HISTORICAL_INFORMATIONAL,yes,,https://www.airfields-freeman.com/CA/Airfields_CA_SanJose_E.htm
CE4D906143,,CA,McCormick Airfield,,San Marcos,33.137,-117.187,,HISTORICAL_INFORMATIONAL,yes,,https://www.airfields-freeman.com/CA/Airfields_CA_SanDiego_N.htm
EDCA84FFB7,,CA,Mendota Airport / William Robert Johnston Municipal Airport (M90),,Mendota,36.76,-120.37,,HISTORICAL_INFORMATIONAL,yes,,https://www.airfields-freeman.com/CA/Airfields_CA_CValley.htm
7D080D95F6,,CA,Midland Airfield,,Blythe,33.85,-114.8,,HISTORICAL_INFORMATIONAL,yes,,https://www.airfields-freeman.com/CA/Airfields_CA_Riverside_E.htm
631B27D556,,CA,Minter Auxiliary Army Airfield A-2 / Pond Field,,Pond,35.71,-119.35,,HISTORICAL_INFORMATIONAL,yes,,https://www.airfields-freeman.com/CA/Airfields_CA_Bakersfield.htm
D12300D003,,CA,Minter Auxiliary Army Airfield A-3 / Famoso Field,,Wasco,35.64,-119.21,,HISTORICAL_INFORMATIONAL,yes,,https://www.airfields-freeman.com/CA/Airfields_CA_Bakersfield.htm
69DC2A041C,,CA,Minter Auxiliary Army Airfield A-4 / Dunlap Field / Jasmin Landing Field,,Richgrove,35.737,-119.122,,HISTORICAL_INFORMATIONAL,yes,,https://www.airfields-freeman.com/CA/Airfields_CA_Bakersfield.htm
A1BDDDFAF1,,CA,Minter Auxiliary Army Airfield A-5 / Semi-Tropic Field,,Wasco,35.6,-119.48,,HISTORICAL_INFORMATIONAL,yes,,https://www.airfields-freeman.com/CA/Airfields_CA_Bakersfield.htm
B37C6226E0,,CA,Miro-Fontana Airport / Rialto Municipal Airport (L67),,Rialto,34.13,-117.4,,HISTORICAL_INFORMATIONAL,yes,,https://www.airfields-freeman.com/CA/Airfields_CA_SanBernardino_W.htm
E40ECA5B22,,CA,Mojave Inyo Airport,,Mojave,35.05,-118.17,,HISTORICAL_INFORMATIONAL,yes,,https://www.airfields-freeman.com/CA/Airfields_CA_Mojave.htm
E8F90D59DA,,CA,Montebello Airport / East Los Angeles Airport,,Montebello,33.99,-118.134,,HISTORICAL_INFORMATIONAL,yes,,https://www.airfields-freeman.com/CA/Airfields_CA_LA_C.htm
6395426C8D,,CA,Montgomery Field / Marina Airfield,,San Francisco,37.806,-122.44,,HISTORICAL_INFORMATIONAL,yes,,https://www.airfields-freeman.com/CA/Airfields_CA_SanFran.htm
36AE7FA294,,CA,Morrow Field (RTO),,Rialto,34.08,-117.36,,HISTORICAL_INFORMATIONAL,yes,,https://www.airfields-freeman.com/CA/Airfields_CA_SanBernardino_W.htm
2D681BBB4B,,CA,Murrieta Hot Springs Airport,,Murrieta,33.56,-117.193,,HISTORICAL_INFORMATIONAL,yes,,https://www.airfields-freeman.com/CA/Airfields_CA_Riverside_W.htm
ABF16557B4,,CA,Myer Field,,Mojave,35.04,-118.162,,HISTORICAL_INFORMATIONAL,yes,,https://www.airfields-freeman.com/CA/Airfields_CA_Mojave.htm
F875CBF766,,CA,Nevada City Airport,,Nevada City,39.276,-121.028,,HISTORICAL_INFORMATIONAL,yes,,https://www.airfields-freeman.com/CA/Airfields_CA_NE.htm
F5BAD319F0,,CA,Newport Bay Airport / Sky Harbor Airport / Balboa Airport / Balboa Bay Airport,,Costa Mesa,33.65,-117.94,,HISTORICAL_INFORMATIONAL,yes,,https://www.airfields-freeman.com/CA/Airfields_CA_OrangeCo_C.htm
B7F641E8D4,,CA,Nipomo Airfield,,Nipomo,35.06,-120.52,,HISTORICAL_INFORMATIONAL,yes,,https://www.airfields-freeman.com/CA/Airfields_CA_SanLuisObispo.htm
6DA195B95E,,CA,NOLF Abel / NOLF Coelho / Warm Springs Airport (2nd location),,Warm Springs,37.456,-121.906,,HISTORICAL_INFORMATIONAL,yes,,https://www.airfields-freeman.com/CA/Airfields_CA_SanJose_W.htm
4A7F103CBB,,CA,Nolta Airfield / Noltas Airfield,,Willows,39.581,-122.198,,HISTORICAL_INFORMATIONAL,yes,,https://www.airfields-freeman.com/CA/Airfields_CA_NW.htm
DD247A5CF5,,CA,Norconian Club Airport,,Norco,33.93,-117.57,,HISTORICAL_INFORMATIONAL,yes,,https://www.airfields-freeman.com/CA/Airfields_CA_Riverside_W.htm
17BB81E61D,,CA,North Coyote Wells Naval Outlying Landing Field,,Coyote Wells,32.93,-115.88,,HISTORICAL_INFORMATIONAL,yes,,https://www.airfields-freeman.com/CA/Airfields_CA_ElCentro.htm
5A014F989E,,CA,North Sacramento City Airport,,Sacramento,38.625,-121.465,,HISTORICAL_INFORMATIONAL,yes,,https://www.airfields-freeman.com/CA/Airfields_CA_SacramentoNE.htm
DEA380EEC8,,CA,North Shore Airport,,Mortmar,33.52,-115.94,,HISTORICAL_INFORMATIONAL,yes,,https://www.airfields-freeman.com/CA/Airfields_CA_Riverside_C.htm
41D1741209,,CA,Northside Airpark (0CA1),,Santa Maria,34.99,-120.45,,HISTORICAL_INFORMATIONAL,yes,,https://www.airfields-freeman.com/CA/Airfields_CA_SanLuisObispo.htm
6C7436065B,,CA,O'Sullivan Army Airfield,,San Luis Obispo,35.326,-120.74,,HISTORICAL_INFORMATIONAL,yes,,https://www.airfields-freeman.com/CA/Airfields_CA_SanLuisObispo.htm
A95B9A04DA,,CA,Oak View Airport,,Petaluma,38.252,-122.58,,HISTORICAL_INFORMATIONAL,yes,,https://www.airfields-freeman.com/CA/Airfields_CA_SantaRosa_S.htm
26C1B2955F,,CA,Original Rio Vista Airport,,Rio Vista,38.171,-121.689,,HISTORICAL_INFORMATIONAL,yes,,https://www.airfields-freeman.com/CA/Airfields_CA_SacramentoSW.htm
2414D89B70,,CA,Oroville Auxiliary Army Airfield #5,,Oroville,39.58,-121.64,,HISTORICAL_INFORMATIONAL,yes,,https://www.airfields-freeman.com/CA/Airfields_CA_NE.htm
00E5AD613D,,CA,Palisades Naval Outlying Landing Field,,Newport Beach,33.64,-117.88,,HISTORICAL_INFORMATIONAL,yes,,https://www.airfields-freeman.com/CA/Airfields_CA_OrangeCo_C.htm
5018388C37,,CA,Palo Alto Airport (Original) / Palo Alto School of Aviation Airport / Goddard Airport,,Palo Alto,37.429,-122.158,,HISTORICAL_INFORMATIONAL,yes,,https://www.airfields-freeman.com/CA/Airfields_CA_SanJose_W.htm
4FC69E0162,,CA,Panamint Springs Airfield,,Panamint Springs,36.37,-117.41,,HISTORICAL_INFORMATIONAL,yes,,https://www.airfields-freeman.com/CA/Airfields_CA_Inyo.htm
23B129D375,,CA,Panamint Springs Airport,,Panamint Springs,36.338,-117.468,,HISTORICAL_INFORMATIONAL,yes,,https://www.airfields-freeman.com/CA/Airfields_CA_Inyo.htm
DAF14AB7D9,,CA,Pancho Barnes Airfield,,Rosamond,34.865,-117.966,,HISTORICAL_INFORMATIONAL,yes,,https://www.airfields-freeman.com/CA/Airfields_CA_Mojave.htm
D1678B637A,,CA,Parks AFB,,Dublin,37.73,-121.9,,HISTORICAL_INFORMATIONAL,yes,,https://www.airfields-freeman.com/CA/Airfields_CA_SanJose_E.htm
DD3828DCB9,,CA,Parsons Airpark / Parsons Ranch Airpark,,Carpinteria,34.385,-119.478,,HISTORICAL_INFORMATIONAL,yes,,https://www.airfields-freeman.com/CA/Airfields_CA_SantaBarbara.htm
325784636D,,CA,Patrick Field,,Chico,39.704,-121.81,,HISTORICAL_INFORMATIONAL,yes,,https://www.airfields-freeman.com/CA/Airfields_CA_NW.htm
7F6BFC5F3C,,CA,Patterson Airport,,Patterson,37.467,-121.17,,HISTORICAL_INFORMATIONAL,yes,,https://www.airfields-freeman.com/CA/Airfields_CA_CValley.htm
652C8D44B4,,CA,Paul Hoberg Airport,,Siegler Springs,38.87,-122.68,,HISTORICAL_INFORMATIONAL,yes,,https://www.airfields-freeman.com/CA/Airfields_CA_NW.htm
5EC37DE5ED,,CA,Pearce Airport / Pearce Field (CKE),,Clearlake,38.935,-122.623,,HISTORICAL_INFORMATIONAL,yes,,https://www.airfields-freeman.com/CA/Airfields_CA_NW.htm
439C6B9439,,CA,Peik Airport / Peik's Airport / Pikes Airport,,Mission Bay,32.765,-117.21,,HISTORICAL_INFORMATIONAL,yes,,https://www.airfields-freeman.com/CA/Airfields_CA_SanDiego_S.htm
3B093C32D6,,CA,Petaluma Airport,,Petaluma,38.262,-122.652,,HISTORICAL_INFORMATIONAL,yes,,https://www.airfields-freeman.com/CA/Airfields_CA_SantaRosa_S.htm
A9CA03E054,,CA,Petaluma Sky Ranch Airport,,Petaluma,38.259,-122.614,,HISTORICAL_INFORMATIONAL,yes,,https://www.airfields-freeman.com/CA/Airfields_CA_SantaRosa_S.htm
1D3D3DBEAD,,CA,Peterson Chico Airfield (5Q3),,Chico,39.703,-121.784,,HISTORICAL_INFORMATIONAL,yes,,https://www.airfields-freeman.com/CA/Airfields_CA_NW.htm
F08FBDCFFC,,CA,Peterson Redding Airfield,,Redding,40.63,-122.38,,HISTORICAL_INFORMATIONAL,yes,,https://www.airfields-freeman.com/CA/Airfields_CA_NW.htm
B318D84C66,,CA,Phoenix Field / Fair Oaks Airport,,Fair Oaks,38.657,-121.217,,HISTORICAL_INFORMATIONAL,yes,,https://www.airfields-freeman.com/CA/Airfields_CA_SacramentoNE.htm
6C54A213B7,,CA,Pinnegar Field,,Anderson,40.44,-122.29,,HISTORICAL_INFORMATIONAL,yes,,https://www.airfields-freeman.com/CA/Airfields_CA_NW.htm
C3524A6CF6,,CA,Pixley Airport / Harmon Field,,Pixley,35.96,-119.31,,HISTORICAL_INFORMATIONAL,yes,,https://www.airfields-freeman.com/CA/Airfields_CA_Tulare.htm
8749BB557A,,CA,Playa del Rey Motordrome,,Playa Del Rey,33.966,-118.444,,HISTORICAL_INFORMATIONAL,yes,,https://www.airfields-freeman.com/CA/Airfields_CA_LA_W.htm
E950A226D0,,CA,Point Arena Hotel Airfield,,Point Arena,38.93,-123.71,,HISTORICAL_INFORMATIONAL,yes,,https://www.airfields-freeman.com/CA/Airfields_CA_NW.htm
0B151237CF,,CA,Progressive Airport / Mountain View Airport,,Mountain View,37.41,-122.1,,HISTORICAL_INFORMATIONAL,yes,,https://www.airfields-freeman.com/CA/Airfields_CA_SanJose_W.htm
B9019DFDE5,,CA,Puente Sky Ranch / Zephyr Skyranch,,La Puente,34.012,-117.932,,HISTORICAL_INFORMATIONAL,yes,,https://www.airfields-freeman.com/CA/Airfields_CA_LA_E.htm
39DE3DB02B,,CA,Quartz Hill Airport,,Quartz Hill,34.651,-118.206,,HISTORICAL_INFORMATIONAL,yes,,https://www.airfields-freeman.com/CA/Airfields_CA_PalmdaleS.htm
A59AD93C6C,,CA,Rancho California Airport (2L0),,Temecula,33.5,-117.16,,HISTORICAL_INFORMATIONAL,yes,,https://www.airfields-freeman.com/CA/Airfields_CA_Riverside_W.htm
D7AA2D27E9,,CA,Rancho Conejo Airport,,Thousand Oaks,34.195,-118.92,,HISTORICAL_INFORMATIONAL,yes,,https://www.airfields-freeman.com/CA/Airfields_CA_Ventura.htm
EE13D85DB9,,CA,Rancho del Otay Airfield,,Chula Vista,32.646,-116.942,,HISTORICAL_INFORMATIONAL,yes,,https://www.airfields-freeman.com/CA/Airfields_CA_SanDiego_E.htm
535C92C1FA,,CA,Rancho Zanjon Airfield / Madera #2,,Merced,37.34,-120.4,,HISTORICAL_INFORMATIONAL,yes,,https://www.airfields-freeman.com/CA/Airfields_CA_SacramentoSE.htm
EEA9D33BB6,,CA,Rankin Field / Defense Plant Corporation Airfield,,Tulare,36.15,-119.25,,HISTORICAL_INFORMATIONAL,yes,,https://www.airfields-freeman.com/CA/Airfields_CA_Tulare.htm
8684FA0D65,,CA,Rasor Airfield,,Baker,35.131,-116.21,,HISTORICAL_INFORMATIONAL,yes,,https://www.airfields-freeman.com/CA/Airfields_CA_SanBernardino_NE.htm
786329FD09,,CA,Red Beach Marine Corps Airfield,,Oceanside,33.286,-117.457,,HISTORICAL_INFORMATIONAL,yes,,https://www.airfields-freeman.com/CA/Airfields_CA_SanDiego_N.htm
231E769075,,CA,Redding Sky Ranch (O74),,Redding,40.5,-122.38,,HISTORICAL_INFORMATIONAL,yes,,https://www.airfields-freeman.com/CA/Airfields_CA_NW.htm
E4FBD1E6A8,,CA,Redwood City Airport / Sanders Airport,,Redwood City,37.49,-122.22,,HISTORICAL_INFORMATIONAL,yes,,https://www.airfields-freeman.com/CA/Airfields_CA_SanJose_W.htm
63454ABB30,,CA,Reed Army Airfield,,Sacramento,38.52,-121.4,,HISTORICAL_INFORMATIONAL,yes,,https://www.airfields-freeman.com/CA/Airfields_CA_SacramentoSE.htm
A38D886542,,CA,Rice Army Airfield / Rice Airport,,Rice,34.07,-114.82,,HISTORICAL_INFORMATIONAL,yes,,https://www.airfields-freeman.com/CA/Airfields_CA_Riverside_E.htm
4A1168C6F2,,CA,Riley Airport,,Lenwood,34.853,-117.131,,HISTORICAL_INFORMATIONAL,yes,,https://www.airfields-freeman.com/CA/Airfields_CA_PalmdaleN.htm
00F5549349,,CA,Rio Bravo Airport,,East Bakersfield,35.407,-118.853,,HISTORICAL_INFORMATIONAL,yes,,https://www.airfields-freeman.com/CA/Airfields_CA_Bakersfield.htm
80AB6ADFD1,,CA,Riverview Airport,,Needles,34.82,-114.6,,HISTORICAL_INFORMATIONAL,yes,,https://www.airfields-freeman.com/CA/Airfields_CA_SanBernardino_SE.htm
3F77F4D549,,CA,Rogers Airport / Chaplin Airport,,Los Angeles,34.06,-118.36,,HISTORICAL_INFORMATIONAL,yes,,https://www.airfields-freeman.com/CA/Airfields_CA_LA_W.htm
157A30103B,,CA,Rosedale Field #5 / Rosedale Naval Outlying Landing Field,,Clairemont,32.824,-117.174,,HISTORICAL_INFORMATIONAL,yes,,https://www.airfields-freeman.com/CA/Airfields_CA_SanDiego_S.htm
0284E93CA6,,CA,Ross Field / Arcadia Intermediate Landing Field / Mission Field,,Arcadia,34.134,-118.036,,HISTORICAL_INFORMATIONAL,yes,,https://www.airfields-freeman.com/CA/Airfields_CA_LA_E.htm
28B5282FDB,,CA,Sacramento Sky Ranch,,Sacramento,38.5,-121.43,,HISTORICAL_INFORMATIONAL,yes,,https://www.airfields-freeman.com/CA/Airfields_CA_SacramentoSE.htm
CE87EB62E3,,CA,Salton Sea Naval Auxiliary Air Station,,Salton Sea,33.188,-115.84,,HISTORICAL_INFORMATIONAL,yes,,https://www.airfields-freeman.com/CA/Airfields_CA_ElCentro.htm
D1C4E30CA8,,CA,San Bernardino,,,34.14,-117.31,,HISTORICAL_INFORMATIONAL,yes,,https://www.airfields-freeman.com/CA/Airfields_CA_SanBernardino_W.htm
410AA32951,,CA,San Bernardino Airport (2nd location),,San Bernardino,34.173,-117.319,,HISTORICAL_INFORMATIONAL,yes,,https://www.airfields-freeman.com/CA/Airfields_CA_SanBernardino_W.htm
B0ABB37F08,,CA,San Clemente Airfield / San Clemente Naval Auxiliary Air Station,,San Clemente Island,32.95,-118.53,,HISTORICAL_INFORMATIONAL,yes,,https://www.airfields-freeman.com/CA/Airfields_CA_PacificIslands.htm
DFAC1AFC18,,CA,San Diego Airpark,,San Diego,32.804,-117.2,,HISTORICAL_INFORMATIONAL,yes,,https://www.airfields-freeman.com/CA/Airfields_CA_SanDiego_S.htm
C3F8633AA2,,CA,San Dieguito Field / Del Mar Naval Auxiliary Air Facility / Del Mar Airport,,Del Mar,32.97,-117.253,,HISTORICAL_INFORMATIONAL,yes,,https://www.airfields-freeman.com/CA/Airfields_CA_SanDiego_N.htm
DB976D0172,,CA,San Fernando Airport,,San Fernando,34.29,-118.423,,HISTORICAL_INFORMATIONAL,yes,,https://www.airfields-freeman.com/CA/Airfields_CA_SanFernan.htm
8CC65C2589,,CA,San Francisco Bay Airdrome,,Alameda,37.785,-122.282,,HISTORICAL_INFORMATIONAL,yes,,https://www.airfields-freeman.com/CA/Airfields_CA_Oakland_S.htm
54A6373CCD,,CA,San Francisco Bay Airport,,San Rafael,37.965,-122.505,,HISTORICAL_INFORMATIONAL,yes,,https://www.airfields-freeman.com/CA/Airfields_CA_SanRafael.htm
AA83D63AA4,,CA,San Francisco Ferry Building Heliport / San Francisco Downtown Heliport,,San Francisco,37.797,-122.394,,HISTORICAL_INFORMATIONAL,yes,,https://www.airfields-freeman.com/CA/Airfields_CA_SanFran.htm
4F48EE5263,,CA,San Jose Airport (original location) / Pacific Airmotive Airport,,San Jose,37.335,-121.836,,HISTORICAL_INFORMATIONAL,yes,,https://www.airfields-freeman.com/CA/Airfields_CA_SanJose_E.htm
66B0417EF7,,CA,San Leandro Airport,,San Leandro,37.709,-122.133,,HISTORICAL_INFORMATIONAL,yes,,https://www.airfields-freeman.com/CA/Airfields_CA_Oakland_S.htm
363502ACDF,,CA,San Marcos Valley Airport,,San Marcos,33.142,-117.182,,HISTORICAL_INFORMATIONAL,yes,,https://www.airfields-freeman.com/CA/Airfields_CA_SanDiego_N.htm
7DF2E3F0EE,,CA,San Mateo Airport,,San Mateo,37.558,-122.298,,HISTORICAL_INFORMATIONAL,yes,,https://www.airfields-freeman.com/CA/Airfields_CA_SanFran.htm
F145906E19,,CA,San Mateo Highlands Airfield,,San Mateo,37.513,-122.337,,HISTORICAL_INFORMATIONAL,yes,,https://www.airfields-freeman.com/CA/Airfields_CA_SanFran.htm
862DFB956B,,CA,San Rafael Airport (original location) / Marin County Airport (original location),,San Rafael,38.015,-122.515,,HISTORICAL_INFORMATIONAL,yes,,https://www.airfields-freeman.com/CA/Airfields_CA_SanRafael.htm
65D064657E,,CA,Santa Ana NAS / Hangar City Airport / MCAS Santa Ana / Tustin MCAS (NTK),,Tustin,33.704,-117.83,,HISTORICAL_INFORMATIONAL,yes,,https://www.airfields-freeman.com/CA/Airfields_CA_OrangeCo_SE.htm
50BC18F7EC,,CA,Santa Clara Valley Airport,,Santa Clara,37.39,-121.99,,HISTORICAL_INFORMATIONAL,yes,,https://www.airfields-freeman.com/CA/Airfields_CA_SanJose_W.htm
50FECE7001,,CA,Santa Cruz - Capitola Airport,,Santa Cruz,36.982,-121.942,,HISTORICAL_INFORMATIONAL,yes,,https://www.airfields-freeman.com/CA/Airfields_CA_Monterey.htm
3FADB3A1A8,,CA,Santa Cruz Skypark (SRU),,Scotts Valley,37.052,-122.032,,HISTORICAL_INFORMATIONAL,yes,,https://www.airfields-freeman.com/CA/Airfields_CA_Monterey.htm
1AFB5EA5B2,,CA,Santa Maria Airport / Hancock Field (original location),,Santa Maria,34.942,-120.424,,HISTORICAL_INFORMATIONAL,yes,,https://www.airfields-freeman.com/CA/Airfields_CA_SantaBarbara.htm
71B9FB84BF,,CA,Santa Monica Island Airport,,Santa Monica,33.942,-118.539,,HISTORICAL_INFORMATIONAL,yes,,https://www.airfields-freeman.com/CA/Airfields_CA_LA_W.htm
826061E0DA,,CA,Santa Nella Airport,,Santa Nella Village,37.093,-121.024,,HISTORICAL_INFORMATIONAL,yes,,https://www.airfields-freeman.com/CA/Airfields_CA_CValley.htm
C16D1EDBA2,,CA,Santa Rosa,,,38.41,-122.76,,HISTORICAL_INFORMATIONAL,yes,,https://www.airfields-freeman.com/CA/Airfields_CA_SantaRosa_N.htm
2A76D9717D,,CA,Santa Rosa Airpark / Trap Field,,Santa Rosa,38.477,-122.741,,HISTORICAL_INFORMATIONAL,yes,,https://www.airfields-freeman.com/CA/Airfields_CA_SantaRosa_N.htm
F038A86087,,CA,Santa Rosa Metropolitan Airport / Santa Rosa Coddingtown Airport,,Santa Rosa,38.475,-122.74,,HISTORICAL_INFORMATIONAL,yes,,https://www.airfields-freeman.com/CA/Airfields_CA_SantaRosa_N.htm
FD76BBCA6B,,CA,Santa Rosa Municipal Airport / Steiner Field,,Santa Rosa,38.473,-122.737,,HISTORICAL_INFORMATIONAL,yes,,https://www.airfields-freeman.com/CA/Airfields_CA_SantaRosa_N.htm
783F3CD3B7,,CA,Santa Susana Airport,,Simi Valley,34.27,-118.71,,HISTORICAL_INFORMATIONAL,yes,,https://www.airfields-freeman.com/CA/Airfields_CA_Ventura.htm
E367A80D03,,CA,Saugus Intermediate Field / Newhall Airport,,Newhall,34.4,-118.55,,HISTORICAL_INFORMATIONAL,yes,,https://www.airfields-freeman.com/CA/Airfields_CA_SanFernan.htm
56E8DB04DA,,CA,Schoonover Tactical Airstrip,,Jolon,35.96,-121.2,,HISTORICAL_INFORMATIONAL,yes,,https://www.airfields-freeman.com/CA/Airfields_CA_SanLuisObispo.htm
7358C5B7E9,,CA,Sebastopol Airport / Cnopius Field,,Sebastopol,38.405,-122.815,,HISTORICAL_INFORMATIONAL,yes,,https://www.airfields-freeman.com/CA/Airfields_CA_SantaRosa_N.htm
47C2324A40,,CA,Secret Valley Intermediate Field,,Secret Valley,40.536,-120.252,,HISTORICAL_INFORMATIONAL,yes,,https://www.airfields-freeman.com/CA/Airfields_CA_NE.htm
8E1CD31536,,CA,Shady Grove Airport / Vacaville Airport / Vacaville Gliderport (VCV),,Vacaville,38.33,-122.02,,HISTORICAL_INFORMATIONAL,yes,,https://www.airfields-freeman.com/CA/Airfields_CA_SacramentoSW.htm
A77EB94F83,,CA,Sharpe Army Airfield,,Lathrop,37.84,-121.27,,HISTORICAL_INFORMATIONAL,yes,,https://www.airfields-freeman.com/CA/Airfields_CA_SacramentoSE.htm
0A6BA172D5,,CA,Shepherd Field,,El Monte,34.014,-118.054,,HISTORICAL_INFORMATIONAL,yes,,https://www.airfields-freeman.com/CA/Airfields_CA_LA_E.htm
0FA6D156DD,,CA,Sherwood Field / (Original) Paso Robles Airport,,Paso Robles,35.61,-120.66,,HISTORICAL_INFORMATIONAL,yes,,https://www.airfields-freeman.com/CA/Airfields_CA_SanLuisObispo.htm
CE37727D4B,,CA,Shingletown Airport (0Q6),,Shingletown,40.52,-121.82,,HISTORICAL_INFORMATIONAL,yes,,https://www.airfields-freeman.com/CA/Airfields_CA_NW.htm
E6BE0345BD,,CA,Silver Lake Intermediate Field,,Silver Lake,35.35,-116.09,,HISTORICAL_INFORMATIONAL,yes,,https://www.airfields-freeman.com/CA/Airfields_CA_SanBernardino_NE.htm
830CE38840,,CA,Sinclair Field / Flying R Ranch Airfield,,San Miguel,35.761,-120.687,,HISTORICAL_INFORMATIONAL,yes,,https://www.airfields-freeman.com/CA/Airfields_CA_SanLuisObispo.htm
9D42DEF935,,CA,Sky Castle Airport,,Del Sur,34.701,-118.394,,HISTORICAL_INFORMATIONAL,yes,,https://www.airfields-freeman.com/CA/Airfields_CA_PalmdaleN.htm
772031BAF2,,CA,Sky Lawn Airport,,Morro Bay,35.185,-120.59,,HISTORICAL_INFORMATIONAL,yes,,https://www.airfields-freeman.com/CA/Airfields_CA_SanLuisObispo.htm
DE5FC2C976,,CA,Skylark Field,,Easton,36.63,-119.84,,HISTORICAL_INFORMATIONAL,yes,,https://www.airfields-freeman.com/CA/Airfields_CA_Fresno_SW.htm
6794A90222,,CA,Skyline Airport / Perkins Airport,,Perkins,38.54,-121.39,,HISTORICAL_INFORMATIONAL,yes,,https://www.airfields-freeman.com/CA/Airfields_CA_SacramentoSE.htm
858287A2ED,,CA,Skyridge Airport,,Auburn,38.88,-121.07,,HISTORICAL_INFORMATIONAL,yes,,https://www.airfields-freeman.com/CA/Airfields_CA_SacramentoNE.htm
F687C114B3,,CA,South Coyote Wells Naval Outlying Landing Field / South Coyote Wells Airport,,Coyote Wells,32.74,-115.96,,HISTORICAL_INFORMATIONAL,yes,,https://www.airfields-freeman.com/CA/Airfields_CA_ElCentro.htm
1B0E1AF092,,CA,Souza Airfield,,Santa Margarita,35.39,-120.63,,HISTORICAL_INFORMATIONAL,yes,,https://www.airfields-freeman.com/CA/Airfields_CA_SanLuisObispo.htm
16D98A25F2,,CA,Sterk's Ranch Airfield,,Lancaster,34.714,-118.098,,HISTORICAL_INFORMATIONAL,yes,,https://www.airfields-freeman.com/CA/Airfields_CA_PalmdaleN.htm
E141AD310D,,CA,Steven's Desert Airport,,Palm Springs,33.844,-116.536,,HISTORICAL_INFORMATIONAL,yes,,https://www.airfields-freeman.com/CA/Airfields_CA_Riverside_C.htm
075A1B81D8,,CA,Stony Bridge Ranch Airfield,,Corona,33.85,-117.612,,HISTORICAL_INFORMATIONAL,yes,,https://www.airfields-freeman.com/CA/Airfields_CA_Riverside_W.htm
C591BE35B9,,CA,Stubbs Airport / Clear Lake Oaks Airport,,Clearlake,39.02,-122.66,,HISTORICAL_INFORMATIONAL,yes,,https://www.airfields-freeman.com/CA/Airfields_CA_NW.htm
D20B7987D7,,CA,Sunset Skyranch / Elk Grove Airport (E27),,Elk Grove,38.396,-121.336,,HISTORICAL_INFORMATIONAL,yes,,https://www.airfields-freeman.com/CA/Airfields_CA_SacramentoSE.htm
77C99445BF,,CA,Surprise Springs Marine Corps Airfield,,Sunfair Heights,34.3,-116.27,,HISTORICAL_INFORMATIONAL,yes,,https://www.airfields-freeman.com/CA/Airfields_CA_SanBernardino_SE.htm
094937C5CA,,CA,Sweetwater Dam Naval Outlying Landing Field / Sweetwater Airport,,Encanto,32.693,-117.042,,HISTORICAL_INFORMATIONAL,yes,,https://www.airfields-freeman.com/CA/Airfields_CA_SanDiego_S.htm
B52ABF2AF8,,CA,Synanon Airfield,,Badger,36.642,-119.01,,HISTORICAL_INFORMATIONAL,yes,,https://www.airfields-freeman.com/CA/Airfields_CA_Tulare.htm
2324E7E4BF,,CA,Thompson Field / Bear Creek Airport (L86),,Murrieta,33.57,-117.24,,HISTORICAL_INFORMATIONAL,yes,,https://www.airfields-freeman.com/CA/Airfields_CA_Riverside_W.htm
E85B770B4E,,CA,Travis Skypark / Travis Aero Club Airport (8Q0),,Fairfield,38.27,-121.972,,HISTORICAL_INFORMATIONAL,yes,,https://www.airfields-freeman.com/CA/Airfields_CA_SacramentoSW.htm
A6770C130C,,CA,Treasure Island Naval Auxiliary Air Facility,,San Francisco,37.82,-122.37,,HISTORICAL_INFORMATIONAL,yes,,https://www.airfields-freeman.com/CA/Airfields_CA_SanFran.htm
EC3B65E18B,,CA,Tri-City Airport (SBT),,San Bernardino,34.067,-117.272,,HISTORICAL_INFORMATIONAL,yes,,https://www.airfields-freeman.com/CA/Airfields_CA_SanBernardino_W.htm
1936A46982,,CA,Truckee Intermediate Field,,Truckee,39.36,-120.13,,HISTORICAL_INFORMATIONAL,yes,,https://www.airfields-freeman.com/CA/Airfields_CA_NE.htm
A546A8C7FC,,CA,Tunnel Meadows Airport,,Tunnel Meadows,36.38,-118.26,,HISTORICAL_INFORMATIONAL,yes,,https://www.airfields-freeman.com/CA/Airfields_CA_Tulare.htm
74C4072C18,,CA,Twenty Nine Palms Airport / Condor Field,,Twentynine Palms,34.21,-116.05,,HISTORICAL_INFORMATIONAL,yes,,https://www.airfields-freeman.com/CA/Airfields_CA_SanBernardino_SE.htm
04C6BF2D7D,,CA,Union Lumber Company Airfield,,Fort Bragg,39.434,-123.815,,HISTORICAL_INFORMATIONAL,yes,,https://www.airfields-freeman.com/CA/Airfields_CA_NW.htm
6BF49B34AF,,CA,US Borax Airfield,,Rio Tinto,35.03,-117.708,,HISTORICAL_INFORMATIONAL,yes,,https://www.airfields-freeman.com/CA/Airfields_CA_Mojave.htm
8F1BFBF72E,,CA,Vaca-Dixon Airport,,Vacaville,38.4,-121.91,,HISTORICAL_INFORMATIONAL,yes,,https://www.airfields-freeman.com/CA/Airfields_CA_SacramentoSW.htm
9E940D8627,,CA,Vail Field / Western Air Express Airport / Vail Airport,,Montebello,34.004,-118.134,,HISTORICAL_INFORMATIONAL,yes,,https://www.airfields-freeman.com/CA/Airfields_CA_LA_C.htm
072EE9C1FD,,CA,Vallejo Airport / Mini Airport,,Vallejo,38.14,-122.253,,HISTORICAL_INFORMATIONAL,yes,,https://www.airfields-freeman.com/CA/Airfields_CA_Oakland_N.htm
9D3DF0C3B5,,CA,Vallejo Sky Harbor Airport,,Vallejo,38.155,-122.256,,HISTORICAL_INFORMATIONAL,yes,,https://www.airfields-freeman.com/CA/Airfields_CA_Oakland_N.htm
4BE858DBE4,,CA,Valley Airport / Morgan Hill Airport (original location) / Morgan Hill Airmen Landing Strip / Sutter Airfield (Q99),,Morgan Hill,37.148,-121.652,,HISTORICAL_INFORMATIONAL,yes,,https://www.airfields-freeman.com/CA/Airfields_CA_SanJose_E.htm
B767C0B99E,,CA,Varney Field / Johnson Field / Curtiss-Wright Airport / Bay Meadows Airport,,San Mateo,37.54,-122.3,,HISTORICAL_INFORMATIONAL,yes,,https://www.airfields-freeman.com/CA/Airfields_CA_SanFran.htm
4F837AFC54,,CA,Ventura Airpark,,Ventura Beach,34.26,-119.265,,HISTORICAL_INFORMATIONAL,yes,,https://www.airfields-freeman.com/CA/Airfields_CA_Ventura.htm
A35C11A931,,CA,Vernalis Naval Auxiliary Air Station,,Vernalis,37.6,-121.316,,HISTORICAL_INFORMATIONAL,yes,,https://www.airfields-freeman.com/CA/Airfields_CA_CValley.htm
3DE7076EB9,,CA,Victorville AAF Auxiliary #3 / El Mirage Airport (99CL),,El Mirage,34.624,-117.603,,HISTORICAL_INFORMATIONAL,yes,,https://www.airfields-freeman.com/CA/Airfields_CA_PalmdaleS.htm
27141B98A9,,CA,Victory Field,,Rosamond,34.785,-118.27,,HISTORICAL_INFORMATIONAL,yes,,https://www.airfields-freeman.com/CA/Airfields_CA_PalmdaleN.htm
0C8615D216,,CA,W.R. Hearst Airport (2nd location),,San Simeon,35.65,-121.19,,HISTORICAL_INFORMATIONAL,yes,,https://www.airfields-freeman.com/CA/Airfields_CA_SanLuisObispo.htm
30FA83EF56,,CA,Walters Ranch Airfield,,Needles,34.911,-114.648,,HISTORICAL_INFORMATIONAL,yes,,https://www.airfields-freeman.com/CA/Airfields_CA_SanBernardino_SE.htm
F9BF6C8BA0,,CA,War Eagle Field / Lancaster Airpark,,Lancaster,34.7,-118.23,,HISTORICAL_INFORMATIONAL,yes,,https://www.airfields-freeman.com/CA/Airfields_CA_PalmdaleN.htm
0FD98BB032,,CA,Warm Springs Airport (original location) / Naval Outlying Landing Field Heath / Skyways Airport / Sky Sailing Airport (8Q7),,Fremont,37.5,-121.96,,HISTORICAL_INFORMATIONAL,yes,,https://www.airfields-freeman.com/CA/Airfields_CA_SanJose_E.htm
3F5B7B9200,,CA,Watsonville Airport (original location),,Watsonville,36.867,-121.773,,HISTORICAL_INFORMATIONAL,yes,,https://www.airfields-freeman.com/CA/Airfields_CA_Monterey.htm
362AD4464A,,CA,Weir Airfield,,San Luis Obispo,35.18,-120.59,,HISTORICAL_INFORMATIONAL,yes,,https://www.airfields-freeman.com/CA/Airfields_CA_SanLuisObispo.htm
D9573DFA07,,CA,Western Air College Airport / Rosemead Airport / Fletcher Airport,,Rosemead,34.071,-118.06,,HISTORICAL_INFORMATIONAL,yes,,https://www.airfields-freeman.com/CA/Airfields_CA_LA_E.htm
79C8B7CA7B,,CA,Westmorland Naval Outlying Landing Field,,Westmorland,32.928,-115.713,,HISTORICAL_INFORMATIONAL,yes,,https://www.airfields-freeman.com/CA/Airfields_CA_ElCentro.htm
78C1DB9174,,CA,Westwood Airport (1st location),,Westwood,40.29,-120.99,,HISTORICAL_INFORMATIONAL,yes,,https://www.airfields-freeman.com/CA/Airfields_CA_NE.htm
140048FE7D,,CA,Westwood Airport (2nd location),,Westwood,40.31,-121.04,,HISTORICAL_INFORMATIONAL,yes,,https://www.airfields-freeman.com/CA/Airfields_CA_NE.htm
5992A74919,,CA,Williams Intermediate Field,,Williams,39.09,-122.15,,HISTORICAL_INFORMATIONAL,yes,,https://www.airfields-freeman.com/CA/Airfields_CA_NW.htm
1082A69A33,,CA,Willow Creek Airport,,Willow Creek,40.95,-123.636,,HISTORICAL_INFORMATIONAL,yes,,https://www.airfields-freeman.com/CA/Airfields_CA_NW.htm
BDBB6BDE42,,CA,Wilmington Airport / Los Angeles Harbor Airport,,Wilmington,33.79,-118.29,,HISTORICAL_INFORMATIONAL,yes,,https://www.airfields-freeman.com/CA/Airfields_CA_LongBeach.htm
879D11F420,,CA,Wilson Airport / North Hollywood Airport,,Burbank,34.203,-118.365,,HISTORICAL_INFORMATIONAL,yes,,https://www.airfields-freeman.com/CA/Airfields_CA_SanFernan.htm
00C84B6648,,CA,Wishon Airport,,Bass Lake,37.333,-119.58,,HISTORICAL_INFORMATIONAL,yes,,https://www.airfields-freeman.com/CA/Airfields_CA_Fresno_N.htm
34A06A5F35,,CA,Wolfe Airpark,,Palm City,32.586,-117.052,,HISTORICAL_INFORMATIONAL,yes,,https://www.airfields-freeman.com/CA/Airfields_CA_SanDiego_S.htm
B50AD3F5C2,,CA,Wonder Valley Airport,,Squaw Valley,36.8,-119.31,,HISTORICAL_INFORMATIONAL,yes,,https://www.airfields-freeman.com/CA/Airfields_CA_Tulare.htm
AEF219AD90,,CA,Zitto Airport,,Los Angeles,34.186,-118.38,,HISTORICAL_INFORMATIONAL,yes,,https://www.airfields-freeman.com/CA/Airfields_CA_SanFernan.htm
C73BA94E7B,,CO,(Original) Durango Airport,,Durango,37.28,-107.87,,HISTORICAL_INFORMATIONAL,yes,,https://www.airfields-freeman.com/CO/Airfields_CO_SW.htm
EBDA15897B,,CO,(Original) Pueblo Municipal Airport,,Pueblo,38.25,-104.66,,HISTORICAL_INFORMATIONAL,yes,,https://www.airfields-freeman.com/CO/Airfields_CO_ColoradoSprings.htm
E3B106CDCF,,CO,Aardvark Field,,Colorado Springs,39.035,-104.845,,HISTORICAL_INFORMATIONAL,yes,,https://www.airfields-freeman.com/CO/Airfields_CO_ColoradoSprings.htm
5DD76B193B,,CO,Alexander Airport / Nichols Field,,Colorado Springs,38.88,-104.813,,HISTORICAL_INFORMATIONAL,yes,,https://www.airfields-freeman.com/CO/Airfields_CO_ColoradoSprings.htm
FADBB79354,,CO,Alexander Dawson School Airfield,,Boulder,40.059,-105.107,,HISTORICAL_INFORMATIONAL,yes,,https://www.airfields-freeman.com/CO/Airfields_CO_E.htm
17FE4A11AA,,CO,Arlington Auxiliary AAF #4,,Arlington,38.33,-103.27,,HISTORICAL_INFORMATIONAL,yes,,https://www.airfields-freeman.com/CO/Airfields_CO_E.htm
D12C9CA806,,CO,Avon STOLPort (WHR),,Avon,39.63,-106.51,,HISTORICAL_INFORMATIONAL,yes,,https://www.airfields-freeman.com/CO/Airfields_CO_NW.htm
72B957679E,,CO,Baca Grande Airfield,,Crestone,37.96,-105.78,,HISTORICAL_INFORMATIONAL,yes,,https://www.airfields-freeman.com/CO/Airfields_CO_SW.htm
7951B6200D,,CO,Bar None Airport,,Centennial/Littleton,39.58,-104.98,,HISTORICAL_INFORMATIONAL,yes,,https://www.airfields-freeman.com/CO/Airfields_CO_Denver_SW.htm
C7AE48B21B,,CO,Black Forest Gliderport,,Black Forest,38.97,-104.68,,HISTORICAL_INFORMATIONAL,yes,,https://www.airfields-freeman.com/CO/Airfields_CO_ColoradoSprings.htm
60ACF18AAC,,CO,Burlington Municipal Airport (3V1),,Burlington,39.31,-102.28,,HISTORICAL_INFORMATIONAL,yes,,https://www.airfields-freeman.com/CO/Airfields_CO_E.htm
410D388E8E,,CO,C & S Airport / Cherry Creek Airport / Stouts Airfield,,Aurora,39.628,-104.813,,HISTORICAL_INFORMATIONAL,yes,,https://www.airfields-freeman.com/CO/Airfields_CO_Denver_SE.htm
3062E72DC6,,CO,Colorado Airways Field / Western Flying Service Airport / Walt Higley Airport / C A P Airport,,Denver,39.757,-104.906,,HISTORICAL_INFORMATIONAL,yes,,https://www.airfields-freeman.com/CO/Airfields_CO_Denver_NE.htm
753CB59F28,,CO,Columbine Airport,,Littleton,39.585,-105.105,,HISTORICAL_INFORMATIONAL,yes,,https://www.airfields-freeman.com/CO/Airfields_CO_Denver_SW.htm
E4A3D63651,,CO,Curtiss Aviation Field / Park Hill Airport / Ray Wilson Flight School Field / Hayden Field / Vest Field,,Denver,39.79,-104.93,,HISTORICAL_INFORMATIONAL,yes,,https://www.airfields-freeman.com/CO/Airfields_CO_Denver_NE.htm
01E6F2B43E,,CO,Denver Municipal Airport / Stapleton International Airport (DEN),,Denver,39.77,-104.88,,HISTORICAL_INFORMATIONAL,yes,,https://www.airfields-freeman.com/CO/Airfields_CO_Denver_NE.htm
BDF895C7B3,,CO,Denver-Douglas Airport,,Castle Rock,39.417,-104.881,,HISTORICAL_INFORMATIONAL,yes,,https://www.airfields-freeman.com/CO/Airfields_CO_Denver_SE.htm
64A8D3D048,,CO,East Colfax Airport / Columbine Airport / Aurora Airpark (01V),,Aurora,39.73,-104.65,,HISTORICAL_INFORMATIONAL,yes,,https://www.airfields-freeman.com/CO/Airfields_CO_Denver_SE.htm
3B20AC17CC,,CO,Englewood Airport,,Englewood,39.66,-104.91,,HISTORICAL_INFORMATIONAL,yes,,https://www.airfields-freeman.com/CO/Airfields_CO_Denver_SE.htm
725E58BB24,,CO,Flying C Ranch Airfield / Littleton Airport,,Sedalia,39.47,-104.994,,HISTORICAL_INFORMATIONAL,yes,,https://www.airfields-freeman.com/CO/Airfields_CO_Denver_SW.htm
7008F693C9,,CO,Hanson Airfield / Breckenridge STOLport,,Breckenridge,39.51,-106.05,,HISTORICAL_INFORMATIONAL,yes,,https://www.airfields-freeman.com/CO/Airfields_CO_SW.htm
14A1F71346,,CO,Las Animas Auxiliary AAF #2,,Las Animas,38.15,-103.27,,HISTORICAL_INFORMATIONAL,yes,,https://www.airfields-freeman.com/CO/Airfields_CO_E.htm
E08C5CF68F,,CO,Loveland Municipal Airport,,Loveland,40.411,-105.112,,HISTORICAL_INFORMATIONAL,yes,,https://www.airfields-freeman.com/CO/Airfields_CO_E.htm
5487FAC2EA,,CO,Lowry Field (1st location) / Combs Field,,Denver,39.77,-104.93,,HISTORICAL_INFORMATIONAL,yes,,https://www.airfields-freeman.com/CO/Airfields_CO_Denver_NE.htm
FFA0553B34,,CO,Lowry Field (2nd location) / Lowry AFB,,Denver,39.71,-104.89,,HISTORICAL_INFORMATIONAL,yes,,https://www.airfields-freeman.com/CO/Airfields_CO_Denver_SE.htm
7C6BDACB34,,CO,Mesita Airfield,,Mesita,37.103,-105.537,,HISTORICAL_INFORMATIONAL,yes,,https://www.airfields-freeman.com/CO/Airfields_CO_SW.htm
DAB6F00E98,,CO,Monte Vista Municipal Airport / Movie Manor Airport,,Monte Vista,37.58,-106.205,,HISTORICAL_INFORMATIONAL,yes,,https://www.airfields-freeman.com/CO/Airfields_CO_SW.htm
DD20647F38,,CO,Navajo Airport,,Arboles,37.004,-107.424,,HISTORICAL_INFORMATIONAL,yes,,https://www.airfields-freeman.com/CO/Airfields_CO_SW.htm
1DD5969E91,,CO,Ordway Airport,,Ordway,38.209,-103.761,,HISTORICAL_INFORMATIONAL,yes,,https://www.airfields-freeman.com/CO/Airfields_CO_E.htm
FDD0FC768E,,CO,Pikes Peak Airport,,Colorado Springs,38.726,-104.705,,HISTORICAL_INFORMATIONAL,yes,,https://www.airfields-freeman.com/CO/Airfields_CO_ColoradoSprings.htm
43ABFD1D79,,CO,Rocky Ford Auxiliary AAF #1,,Rocky Ford,38.14,-103.69,,HISTORICAL_INFORMATIONAL,yes,,https://www.airfields-freeman.com/CO/Airfields_CO_E.htm
AA72B40AEA,,CO,Ruston Field / Federal Heights Airport,,Federal Heights,39.88,-105.02,,HISTORICAL_INFORMATIONAL,yes,,https://www.airfields-freeman.com/CO/Airfields_CO_Denver_NW.htm
4656C69594,,CO,Rutledge Field / Adams City Airport,,Commerce City,39.84,-104.92,,HISTORICAL_INFORMATIONAL,yes,,https://www.airfields-freeman.com/CO/Airfields_CO_Denver_NE.htm
D9DAC1640F,,CO,San Luis Airport (03V),,San Luis,37.192,-105.463,,HISTORICAL_INFORMATIONAL,yes,,https://www.airfields-freeman.com/CO/Airfields_CO_E.htm
592562A80E,,CO,Sky Ranch Airport,,Aurora,39.76,-104.75,,HISTORICAL_INFORMATIONAL,yes,,https://www.airfields-freeman.com/CO/Airfields_CO_Denver_NE.htm
66FE045B91,,CO,Star Nelson Airport / Sky Island Ranch Airport (3CO0),,Delta,38.74,-108,,HISTORICAL_INFORMATIONAL,yes,,https://www.airfields-freeman.com/CO/Airfields_CO_SW.htm
AEA5689514,,CO,Valley Airpark / Fort Collins Airpark / Fort Collins Downtown Airport (3V5),,Fort Collins,40.59,-105.045,,HISTORICAL_INFORMATIONAL,yes,,https://www.airfields-freeman.com/CO/Airfields_CO_E.htm
799479DCFF,,CT,Ansonia Airport,,Ansonia,41.34,-73.05,,HISTORICAL_INFORMATIONAL,yes,,https://www.airfields-freeman.com/CT/Airfields_CT_C.htm
C9A59171A7,,CT,Bethany Airport,,Bethany,41.44,-72.99,,HISTORICAL_INFORMATIONAL,yes,,https://www.airfields-freeman.com/CT/Airfields_CT_C.htm
94DF6B7643,,CT,Doane Airport / Essex Airport,,Essex,41.345,-72.413,,HISTORICAL_INFORMATIONAL,yes,,https://www.airfields-freeman.com/CT/Airfields_CT_E.htm
11A3398F3D,,CT,Griswold Airport / Hammonasset Airport (N04),,Madison,41.272,-72.55,,HISTORICAL_INFORMATIONAL,yes,,https://www.airfields-freeman.com/CT/Airfields_CT_C.htm
720A897ABE,,CT,H & H Airport / West Haven Airport,,West Haven,41.24,-72.98,,HISTORICAL_INFORMATIONAL,yes,,https://www.airfields-freeman.com/CT/Airfields_CT_C.htm
A1C586707E,,CT,Hamden Airport,,Hamden,41.341,-72.931,,HISTORICAL_INFORMATIONAL,yes,,https://www.airfields-freeman.com/CT/Airfields_CT_W.htm
30ED07C230,,CT,Jonnycake Airport / Mountain Meadow Airport (22B),,Burlington,41.77,-73.01,,HISTORICAL_INFORMATIONAL,yes,,https://www.airfields-freeman.com/CT/Airfields_CT_W.htm
A07DE5C05C,,CT,Monroe Airport,,Monroe,41.32,-73.2,,HISTORICAL_INFORMATIONAL,yes,,https://www.airfields-freeman.com/CT/Airfields_CT_W.htm
5D5423478A,,CT,Norwalk Airport,,Norwalk,41.14,-73.42,,HISTORICAL_INFORMATIONAL,yes,,https://www.airfields-freeman.com/CT/Airfields_CT_W.htm
2ED85184AD,,CT,Pachaug Airport / Lakeside Airport,,Pachaug,41.58,-71.91,,HISTORICAL_INFORMATIONAL,yes,,https://www.airfields-freeman.com/CT/Airfields_CT_E.htm
F3B661AB36,,CT,Rentschler Field (EHT),,Hartford,41.75,-72.62,,HISTORICAL_INFORMATIONAL,yes,,https://www.airfields-freeman.com/CT/Airfields_CT_C.htm
1C1ABDAA5D,,CT,Salem Airport,,Salem,41.49,-72.23,,HISTORICAL_INFORMATIONAL,yes,,https://www.airfields-freeman.com/CT/Airfields_CT_E.htm
2EEB8C4467,,CT,Stephenson Field / Bristol Airport,,Bristol,41.66,-72.914,,HISTORICAL_INFORMATIONAL,yes,,https://www.airfields-freeman.com/CT/Airfields_CT_C.htm
B8F73A5173,,CT,Swift Airfield,,Stafford Springs,41.965,-72.337,,HISTORICAL_INFORMATIONAL,yes,,https://www.airfields-freeman.com/CT/Airfields_CT_E.htm
6335D3912D,,CT,Waterford Airport / New London Waterford Airport,,New London,41.364,-72.146,,HISTORICAL_INFORMATIONAL,yes,,https://www.airfields-freeman.com/CT/Airfields_CT_E.htm
25071DA979,,DE,Bellanca Field / Piasecki Field,,Wilmington,39.66,-75.59,,HISTORICAL_INFORMATIONAL,yes,,https://www.airfields-freeman.com/DE/Airfields_DE_N.htm
9C56EC20CA,,DE,Bethany Beach Airport,,Bethany Beach,38.55,-75.06,,HISTORICAL_INFORMATIONAL,yes,,https://www.airfields-freeman.com/DE/Airfields_DE_S.htm
80E3E550BD,,DE,Biggs Airport,,Wilmington,39.68,-75.58,,HISTORICAL_INFORMATIONAL,yes,,https://www.airfields-freeman.com/DE/Airfields_DE_N.htm
E3271C7503,,DE,Dover Airpark,,Dover,39.19,-75.531,,HISTORICAL_INFORMATIONAL,yes,,https://www.airfields-freeman.com/DE/Airfields_DE_N.htm
4492817962,,DE,DuPont Airport,,Wilmington,39.76,-75.6,,HISTORICAL_INFORMATIONAL,yes,,https://www.airfields-freeman.com/DE/Airfields_DE_N.htm
C0DA2E3B11,,DE,Evergreen Acres Airport (36N),,Evergreen Acres,39.497,-75.645,,HISTORICAL_INFORMATIONAL,yes,,https://www.airfields-freeman.com/DE/Airfields_DE_N.htm
39DB523E87,,DE,Joseph's Airport (DE49),,Georgetown,38.64,-75.36,,HISTORICAL_INFORMATIONAL,yes,,https://www.airfields-freeman.com/DE/Airfields_DE_S.htm
D9CE2AED26,,DE,Lovett Field (original location) / Weimer Field,,Newark,39.67,-75.78,,HISTORICAL_INFORMATIONAL,yes,,https://www.airfields-freeman.com/DE/Airfields_DE_N.htm
00E97DDC3F,,DE,Milford Airpark,,Milford,38.93,-75.44,,HISTORICAL_INFORMATIONAL,yes,,https://www.airfields-freeman.com/DE/Airfields_DE_S.htm
CCEFD9414D,,DE,Red Lion Airport,,Red Lion,39.6,-75.644,,HISTORICAL_INFORMATIONAL,yes,,https://www.airfields-freeman.com/DE/Airfields_DE_N.htm
6D6FFF2556,,DE,Rehoboth Airport (REH) / Aircrafters Airport,,Rehoboth Beach,38.72,-75.12,,HISTORICAL_INFORMATIONAL,yes,,https://www.airfields-freeman.com/DE/Airfields_DE_S.htm
BAAEDF6FED,,DE,Seaford Du Pont Airport,,Seaford,38.63,-75.63,,HISTORICAL_INFORMATIONAL,yes,,https://www.airfields-freeman.com/DE/Airfields_DE_S.htm
9EF5868F86,,FL,(Original) Bunnell Airport,,Bunnell,29.465,-81.25,,HISTORICAL_INFORMATIONAL,yes,,https://www.airfields-freeman.com/FL/Airfields_FL_Daytona.htm
66C2B3EAAD,,FL,(Original) Flagler Beach Airport,,Flagler Beach,29.47,-81.13,,HISTORICAL_INFORMATIONAL,yes,,https://www.airfields-freeman.com/FL/Airfields_FL_Daytona.htm
77D2BE3891,,FL,(Original) Sarasota Airport / Lowe Airport,,Sarasota,27.35,-82.5,,HISTORICAL_INFORMATIONAL,yes,,https://www.airfields-freeman.com/FL/Airfields_FL_TampaS.htm
C2C616C636,,FL,(Original) Tamiami Airport,,Tamiami,25.76,-80.38,,HISTORICAL_INFORMATIONAL,yes,,https://www.airfields-freeman.com/FL/Airfields_FL_Miami_C.htm
C65C726BF1,,FL,(Original) Wauchula Municipal Airport,,Wauchula,27.553,-81.78,,HISTORICAL_INFORMATIONAL,yes,,https://www.airfields-freeman.com/FL/Airfields_FL_TampaS.htm
74E08ECE1D,,FL,54th Street Aviation Field / Haileah Airport,,Miami,25.825,-80.279,,HISTORICAL_INFORMATIONAL,yes,,https://www.airfields-freeman.com/FL/Airfields_FL_Miami_C.htm
50B3FE6F99,,FL,Air Lando Airpark,,Lake Buena Vista,28.38,-81.52,,HISTORICAL_INFORMATIONAL,yes,,https://www.airfields-freeman.com/FL/Airfields_FL_OrlandoSW.htm
8BD72796E1,,FL,Alva Airfield,,Alva,26.734,-81.701,,HISTORICAL_INFORMATIONAL,yes,,https://www.airfields-freeman.com/FL/Airfields_FL_FtMyers.htm
CF9A2EC932,,FL,Armour Field,,Bartow,27.894,-81.861,,HISTORICAL_INFORMATIONAL,yes,,https://www.airfields-freeman.com/FL/Airfields_FL_OrlandoSW.htm
32F746079E,,FL,Atkinson Field / Panama City Airport,,Panama City,30.22,-85.69,,HISTORICAL_INFORMATIONAL,yes,,https://www.airfields-freeman.com/FL/Airfields_FL_Tallahassee.htm
36FCD9E510,,FL,Bagdad Naval Outer Landing Field,,Bagdad,30.58,-87.08,,HISTORICAL_INFORMATIONAL,yes,,https://www.airfields-freeman.com/FL/Airfields_FL_Pensacola_E.htm
91AD6FD270,,FL,Bainbridge Auxiliary Army Airfield #3 / Faceville Field,,Faceville,30.7,-84.63,,HISTORICAL_INFORMATIONAL,yes,,https://www.airfields-freeman.com/FL/Airfields_FL_Tallahassee.htm
C02353736A,,FL,Baldsiefen Field / Eglin Air Force Aux #8,,Valparaiso,30.54,-86.32,,HISTORICAL_INFORMATIONAL,yes,,https://www.airfields-freeman.com/FL/Airfields_FL_Eglin.htm
E030EF5287,,FL,Bauer Naval Outlying Landing Field,,Southwest Pensacola,30.34,-87.41,,HISTORICAL_INFORMATIONAL,yes,,https://www.airfields-freeman.com/FL/Airfields_FL_Pensacola_SW.htm
2D288411AC,,FL,Bayou Naval Outlying Landing Field / Outlying Field 29904 / Bayou Airport,,Pensacola,30.37,-87.326,,HISTORICAL_INFORMATIONAL,yes,,https://www.airfields-freeman.com/FL/Airfields_FL_Pensacola_SW.htm
45E9472193,,FL,Bear Island Airfield,,Crescent City,29.44,-81.49,,HISTORICAL_INFORMATIONAL,yes,,https://www.airfields-freeman.com/FL/Airfields_FL_Daytona.htm
968DFEF867,,FL,Bell's Field Naval Outlying Landing Field,,Pensacola,30.45,-87.25,,HISTORICAL_INFORMATIONAL,yes,,https://www.airfields-freeman.com/FL/Airfields_FL_Pensacola_N.htm
BD30B26C62,,FL,Belmore Naval Outer Landing Field,,Maxville,29.92,-81.89,,HISTORICAL_INFORMATIONAL,yes,,https://www.airfields-freeman.com/FL/Airfields_FL_JaxSW.htm
6FCABB04D8,,FL,Betsy Ross Airport / De Land Orange Airport,,Orange City,28.938,-81.311,,HISTORICAL_INFORMATIONAL,yes,,https://www.airfields-freeman.com/FL/Airfields_FL_OrlandoN.htm
DE0129F71C,,FL,Biancur Field / Eglin Air Force Aux #6 (FL34),,Crestview,30.63,-86.74,,HISTORICAL_INFORMATIONAL,yes,,https://www.airfields-freeman.com/FL/Airfields_FL_Eglin.htm
0047388EB1,,FL,Blountstown Airport (0J9),,Blountstown,30.45,-85.02,,HISTORICAL_INFORMATIONAL,yes,,https://www.airfields-freeman.com/FL/Airfields_FL_Tallahassee.htm
AE533A33EA,,FL,Bostwick Airport / Bostwick Naval Outlying Field,,Bostwick,29.782,-81.648,,HISTORICAL_INFORMATIONAL,yes,,https://www.airfields-freeman.com/FL/Airfields_FL_JaxSW.htm
F74591D5B6,,FL,Bradenton Airport,,Bradenton,27.49,-82.57,,HISTORICAL_INFORMATIONAL,yes,,https://www.airfields-freeman.com/FL/Airfields_FL_TampaS.htm
04E61FD741,,FL,Branan Naval Outer Landing Field,,Orange Park,30.18,-81.82,,HISTORICAL_INFORMATIONAL,yes,,https://www.airfields-freeman.com/FL/Airfields_FL_JaxSW.htm
B153ECCFB7,,FL,Brandon Airport,,Brandon,27.901,-82.311,,HISTORICAL_INFORMATIONAL,yes,,https://www.airfields-freeman.com/FL/Airfields_FL_TampaS.htm
06802B0086,,FL,Brooksville Airport,,Brooksville,28.548,-82.377,,HISTORICAL_INFORMATIONAL,yes,,https://www.airfields-freeman.com/FL/Airfields_FL_TampaN.htm
8E5D28C022,,FL,Broward Field / Bradley Field,,Fort Lauderdale,26.16,-80.16,,HISTORICAL_INFORMATIONAL,yes,,https://www.airfields-freeman.com/FL/Airfields_FL_FtLauderdale.htm
DDCA01160A,,FL,Brown's Airport / Aero County Club,,Kendall,25.67,-80.31,,HISTORICAL_INFORMATIONAL,yes,,https://www.airfields-freeman.com/FL/Airfields_FL_Miami_S.htm
AE2CFAE197,,FL,Buchanan STOLPort,,Panama City Beach,30.2,-85.82,,HISTORICAL_INFORMATIONAL,yes,,https://www.airfields-freeman.com/FL/Airfields_FL_Tallahassee.htm
27BCF99663,,FL,Buckingham,,,26.64,-81.71,,HISTORICAL_INFORMATIONAL,yes,,https://www.airfields-freeman.com/FL/Airfields_FL_FtMyers.htm
A9E5301B4E,,FL,Burrs Strip Airport (14FA),,Miami,25.576,-80.402,,HISTORICAL_INFORMATIONAL,yes,,https://www.airfields-freeman.com/FL/Airfields_FL_Miami_S.htm
DF44FC1A51,,FL,Bushnell Airport (original location) / Bushnell Army Airfield,,Bushnell,28.654,-82.06,,HISTORICAL_INFORMATIONAL,yes,,https://www.airfields-freeman.com/FL/Airfields_FL_TampaN.htm
7D26F97B32,,FL,Bushnell Auxiliary Army Airfield / Bushnell Airport (2nd location),,Bushnell,28.68,-82.09,,HISTORICAL_INFORMATIONAL,yes,,https://www.airfields-freeman.com/FL/Airfields_FL_TampaN.htm
9FF091103B,,FL,Cannon Mills Airport,,Orlando,28.54,-81.3,,HISTORICAL_INFORMATIONAL,yes,,https://www.airfields-freeman.com/FL/Airfields_FL_OrlandoN.htm
7EBDA20DF2,,FL,Carlstrom Field,,Arcadia,27.13,-81.805,,HISTORICAL_INFORMATIONAL,yes,,https://www.airfields-freeman.com/FL/Airfields_FL_FtMyers.htm
71EB0AE755,,FL,Casa Ybel Airport / Island Beach Club Airport,,Sanibel Island,26.427,-82.074,,HISTORICAL_INFORMATIONAL,yes,,https://www.airfields-freeman.com/FL/Airfields_FL_FtMyers.htm
8D2A4DDDB1,,FL,Chapman Field,,Miami,25.638,-80.29,,HISTORICAL_INFORMATIONAL,yes,,https://www.airfields-freeman.com/FL/Airfields_FL_Miami_S.htm
C43140D0CD,,FL,Chevalier Field Naval Air Station,,Pensacola,30.36,-87.27,,HISTORICAL_INFORMATIONAL,yes,,https://www.airfields-freeman.com/FL/Airfields_FL_Pensacola_SW.htm
3BA13685CF,,FL,Chipley Municipal Airport,,Chipley,30.76,-85.52,,HISTORICAL_INFORMATIONAL,yes,,https://www.airfields-freeman.com/FL/Airfields_FL_Tallahassee.htm
19F1E4C301,,FL,Clay Pits Naval Outlying Landing Field,,Pensacola,30.47,-87.23,,HISTORICAL_INFORMATIONAL,yes,,https://www.airfields-freeman.com/FL/Airfields_FL_Pensacola_N.htm
832CF5E01D,,FL,Clewiston Airport,,Clewiston,26.743,-80.948,,HISTORICAL_INFORMATIONAL,yes,,https://www.airfields-freeman.com/FL/Airfields_FL_OrlandoSE.htm
DE22B3E85B,,FL,Coastal Airport / Three-Star Airport (83J),,Pensacola,30.533,-87.385,,HISTORICAL_INFORMATIONAL,yes,,https://www.airfields-freeman.com/FL/Airfields_FL_Pensacola_NW.htm
D030918EF0,,FL,Compton Flying C Ranch Airport,,Miami,25.656,-80.349,,HISTORICAL_INFORMATIONAL,yes,,https://www.airfields-freeman.com/FL/Airfields_FL_Miami_S.htm
4B95AEFE30,,FL,Corry Field (1st location) / City Field,,Pensacola,30.45,-87.22,,HISTORICAL_INFORMATIONAL,yes,,https://www.airfields-freeman.com/FL/Airfields_FL_Pensacola_W.htm
1BED4D3EE4,,FL,Corry Field Naval Auxiliary Air Station (2nd location),,Myrtle Grove,30.4,-87.29,,HISTORICAL_INFORMATIONAL,yes,,https://www.airfields-freeman.com/FL/Airfields_FL_Pensacola_W.htm
B3581A1707,,FL,Dale Mabry Field,,Tallahassee,30.45,-84.34,,HISTORICAL_INFORMATIONAL,yes,,https://www.airfields-freeman.com/FL/Airfields_FL_Tallahassee.htm
FB3FC63954,,FL,Davie NOLF / South Florida Airport,,Davie,26.04,-80.23,,HISTORICAL_INFORMATIONAL,yes,,https://www.airfields-freeman.com/FL/Airfields_FL_FtLauderdale.htm
9979044391,,FL,Dinner Key Naval Air Facility / Coast Guard Air Station Miami,,Dinner Key,25.73,-80.24,,HISTORICAL_INFORMATIONAL,yes,,https://www.airfields-freeman.com/FL/Airfields_FL_Miami_C.htm
A50E42355F,,FL,Dorr Auxiliary Army Airfield #2,,Arcadia,27.16,-81.63,,HISTORICAL_INFORMATIONAL,yes,,https://www.airfields-freeman.com/FL/Airfields_FL_FtMyers.htm
21E927EA29,,FL,Dorr Auxiliary Army Airfield #3,,Arcadia,27.26,-81.61,,HISTORICAL_INFORMATIONAL,yes,,https://www.airfields-freeman.com/FL/Airfields_FL_FtMyers.htm
7A367DC6F6,,FL,Dorr Auxiliary Army Airfield #4 / Bright Hour Ranch Airfield,,Arcadia,27.18,-81.75,,HISTORICAL_INFORMATIONAL,yes,,https://www.airfields-freeman.com/FL/Airfields_FL_FtMyers.htm
0781E85133,,FL,Dorr Field,,Arcadia,27.203,-81.67,,HISTORICAL_INFORMATIONAL,yes,,https://www.airfields-freeman.com/FL/Airfields_FL_FtMyers.htm
1F0AB31A57,,FL,Ed Barry's Airstrip,,Big Pine Key,24.696,-81.35,,HISTORICAL_INFORMATIONAL,yes,,https://www.airfields-freeman.com/FL/Airfields_FL_Keys.htm
7EEA528011,,FL,Ellyson Field Naval Auxiliary Air Station,,Pensacola,30.52,-87.2,,HISTORICAL_INFORMATIONAL,yes,,https://www.airfields-freeman.com/FL/Airfields_FL_Pensacola_E.htm
1648AB4093,,FL,Epler Field / Eglin Air Force Aux #7,,Fort Walton Beach,30.53,-86.8,,HISTORICAL_INFORMATIONAL,yes,,https://www.airfields-freeman.com/FL/Airfields_FL_Eglin.htm
0021963040,,FL,Everglades Jetport / Dade Collier Training & Transition Airport (TNT),,Everglades,25.86,-80.9,,HISTORICAL_INFORMATIONAL,yes,,https://www.airfields-freeman.com/FL/Airfields_FL_Miami_N.htm
8BE24825F0,,FL,Fannin Field / Panama City Bay County International Airport (KPFN),,Panama City,30.21,-85.68,,HISTORICAL_INFORMATIONAL,yes,,https://www.airfields-freeman.com/FL/Airfields_FL_Tallahassee.htm
593132039C,,FL,Felton's Field / Saufley Naval Outer Landing Field (NUN),,Bellview,30.47,-87.34,,HISTORICAL_INFORMATIONAL,yes,,https://www.airfields-freeman.com/FL/Airfields_FL_Pensacola_NW.htm
B51C88F7F7,,FL,Field 33615 / Site 8A Naval Outer Landing Field,,Cantonment,30.55,-87.37,,HISTORICAL_INFORMATIONAL,yes,,https://www.airfields-freeman.com/FL/Airfields_FL_Pensacola_NW.htm
C60F844BCE,,FL,Fleming's Island Naval Outer Landing Field,,Hibernia,30.08,-81.72,,HISTORICAL_INFORMATIONAL,yes,,https://www.airfields-freeman.com/FL/Airfields_FL_JaxSW.htm
4D911C8296,,FL,Florida Flying Gators Airport (3FD4),,Mineola,28.628,-81.803,,HISTORICAL_INFORMATIONAL,yes,,https://www.airfields-freeman.com/FL/Airfields_FL_OrlandoN.htm
6C14A73702,,FL,Flying Seminole Ranch Airport,,Chuluotta,28.65,-81.15,,HISTORICAL_INFORMATIONAL,yes,,https://www.airfields-freeman.com/FL/Airfields_FL_OrlandoN.htm
E654C80CB4,,FL,Foremost Naval Outer Landing Field,,Penny Farms,30.016,-81.802,,HISTORICAL_INFORMATIONAL,yes,,https://www.airfields-freeman.com/FL/Airfields_FL_JaxSW.htm
8FAAE6030F,,FL,Forman NOLF / Ft. Lauderdale-Davie Airport / Davie NOLF,,Davie,26.08,-80.24,,HISTORICAL_INFORMATIONAL,yes,,https://www.airfields-freeman.com/FL/Airfields_FL_FtLauderdale.htm
2006992C61,,FL,Fountain Naval Outlying Landing Field,,Pensacola,30.55,-87.33,,HISTORICAL_INFORMATIONAL,yes,,https://www.airfields-freeman.com/FL/Airfields_FL_Pensacola_NW.htm
D9FFD274AF,,FL,Francis Naval Outer Landing Field,,Elwood,29.98,-81.45,,HISTORICAL_INFORMATIONAL,yes,,https://www.airfields-freeman.com/FL/Airfields_FL_JaxSE.htm
B3CEA0AE67,,FL,Freeport Airfield,,Freeport,30.48,-86.19,,HISTORICAL_INFORMATIONAL,yes,,https://www.airfields-freeman.com/FL/Airfields_FL_Eglin.htm
DF34738DF6,,FL,Ft. Myers City Airport,,Ft. Myers,26.6313,-81.854,,HISTORICAL_INFORMATIONAL,yes,,https://www.airfields-freeman.com/FL/Airfields_FL_FtMyers.htm
042B4F54A3,,FL,Ft. Pierce Airport,,Ft. Pierce,27.408,-80.321,,HISTORICAL_INFORMATIONAL,yes,,https://www.airfields-freeman.com/FL/Airfields_FL_FtLauderdale.htm
B5D58179C2,,FL,German's Field Naval Outlying Landing Field,,Pensacola,30.48,-87.21,,HISTORICAL_INFORMATIONAL,yes,,https://www.airfields-freeman.com/FL/Airfields_FL_Pensacola_N.htm
AC664CBD69,,FL,Gonzalez Naval Outlying Landing Field,,Gonzalez,30.6,-87.27,,HISTORICAL_INFORMATIONAL,yes,,https://www.airfields-freeman.com/FL/Airfields_FL_Pensacola_N.htm
D06F9FC90D,,FL,Grand Central Airport / Ludwig Sky Harbor,,St. Petersburg,27.85,-82.61,,HISTORICAL_INFORMATIONAL,yes,,https://www.airfields-freeman.com/FL/Airfields_FL_TampaS.htm
A453845F30,,FL,Haldeman-Elder Field,,Lakeland,28.021,-81.9,,HISTORICAL_INFORMATIONAL,yes,,https://www.airfields-freeman.com/FL/Airfields_FL_TampaN.htm
9536CDFC5D,,FL,Hart NOLF / Hart Field,,Jacksonville,30.33,-81.76,,HISTORICAL_INFORMATIONAL,yes,,https://www.airfields-freeman.com/FL/Airfields_FL_Jax_NW.htm
FBFB1B2A07,,FL,Haulover Canal Airfield,,Allenhurst,28.743,-80.761,,HISTORICAL_INFORMATIONAL,yes,,https://www.airfields-freeman.com/FL/Airfields_FL_Daytona.htm
44FFB1FB65,,FL,Helm Naval Outlying Landing Field / Field 32713,,Pensacola,30.5,-87.39,,HISTORICAL_INFORMATIONAL,yes,,https://www.airfields-freeman.com/FL/Airfields_FL_Pensacola_NW.htm
B4D857890C,,FL,Hillsbororough Army Airfield / Henderson Airport / Henderson-Hillsborough International Airport,,Tampa,28.045,-82.42,,HISTORICAL_INFORMATIONAL,yes,,https://www.airfields-freeman.com/FL/Airfields_FL_TampaN.htm
7BC1CF3456,,FL,Hoequist Airport,,Orlando,28.5,-81.41,,HISTORICAL_INFORMATIONAL,yes,,https://www.airfields-freeman.com/FL/Airfields_FL_OrlandoSW.htm
DA18AE2DE8,,FL,Holley Field / Naval Outer Landing Field 07623 / Holley Naval Outer Landing Field (NKI),,Navarre,30.427,-86.895,,HISTORICAL_INFORMATIONAL,yes,,https://www.airfields-freeman.com/FL/Airfields_FL_Pensacola_E.htm
6049AA4317,,FL,Holmes Airport / Holmes Beach Airfield,,Anna Maria Island,27.511,-82.714,,HISTORICAL_INFORMATIONAL,yes,,https://www.airfields-freeman.com/FL/Airfields_FL_TampaS.htm
124E6F1357,,FL,Holopaw Airport,,Holopaw,28.138,-81.038,,HISTORICAL_INFORMATIONAL,yes,,https://www.airfields-freeman.com/FL/Airfields_FL_OrlandoSE.htm
C6A826667E,,FL,Homestead Municipal Airport,,Homestead,25.475,-80.465,,HISTORICAL_INFORMATIONAL,yes,,https://www.airfields-freeman.com/FL/Airfields_FL_Miami_S.htm
99D2526E73,,FL,Howey Airport,,Howey in the Hills,28.7,-81.77,,HISTORICAL_INFORMATIONAL,yes,,https://www.airfields-freeman.com/FL/Airfields_FL_OrlandoN.htm
01AC0B918C,,FL,Immokalee Intermediate Field,,Immokalee,26.37,-81.355,,HISTORICAL_INFORMATIONAL,yes,,https://www.airfields-freeman.com/FL/Airfields_FL_FtMyers.htm
0D5430B3C6,,FL,Jacksonville Municipal Airport / Jacksonville Army Airfield / Imeson Field,,Jacksonville,30.42,-81.64,,HISTORICAL_INFORMATIONAL,yes,,https://www.airfields-freeman.com/FL/Airfields_FL_Jax_NE.htm
BA3BA7A630,,FL,"Jasper Intermediate Field, NO-JX Airway",,Jasper,30.483,-82.927,,HISTORICAL_INFORMATIONAL,yes,,https://www.airfields-freeman.com/FL/Airfields_FL_Jax_NW.htm
1E5181154D,,FL,K Field / Murphy Field / Pensacola Naval Outlying Landing Field #9 / Field 35015,,Pensacola,30.57,-87.31,,HISTORICAL_INFORMATIONAL,yes,,https://www.airfields-freeman.com/FL/Airfields_FL_Pensacola_NW.htm
0025148E79,,FL,Kendall Gliderport,,Miami,25.604,-80.585,,HISTORICAL_INFORMATIONAL,yes,,https://www.airfields-freeman.com/FL/Airfields_FL_Miami_S.htm
6F1065439A,,FL,Lake Buena Vista STOLport / Disney Airport (DWS),,Lake Buena Vista,28.4,-81.57,,HISTORICAL_INFORMATIONAL,yes,,https://www.airfields-freeman.com/FL/Airfields_FL_OrlandoSW.htm
53A16D60DB,,FL,Lake Byrd Citrus Packing Company / Cavalier Groves Airfield,,Micco,27.878,-80.528,,HISTORICAL_INFORMATIONAL,yes,,https://www.airfields-freeman.com/FL/Airfields_FL_OrlandoSE.htm
9650F8090C,,FL,Lake Jackson Airport / Tallahassee Commercial Airport (68J),,Tallahassee,30.55,-84.37,,HISTORICAL_INFORMATIONAL,yes,,https://www.airfields-freeman.com/FL/Airfields_FL_Tallahassee.htm
B8446B4CB6,,FL,Lakeland Municipal Airport / Lodwick Field,,Lakeland,28.078,-81.95,,HISTORICAL_INFORMATIONAL,yes,,https://www.airfields-freeman.com/FL/Airfields_FL_TampaN.htm
EB440D66E6,,FL,Lehigh Acres Airpark (9X3),,Lehigh Acres,26.66,-81.61,,HISTORICAL_INFORMATIONAL,yes,,https://www.airfields-freeman.com/FL/Airfields_FL_FtMyers.htm
1C903FB43D,,FL,Longcoy Airport,,Ocoee,28.575,-81.511,,HISTORICAL_INFORMATIONAL,yes,,https://www.airfields-freeman.com/FL/Airfields_FL_OrlandoSW.htm
4F47A01297,,FL,Lyons Naval Outlying Landing Field,,Cantonment,30.65,-87.34,,HISTORICAL_INFORMATIONAL,yes,,https://www.airfields-freeman.com/FL/Airfields_FL_Pensacola_N.htm
A447789A9A,,FL,MacArthur Field / Hollywood Airpark,,Hollywood,26,-80.15,,HISTORICAL_INFORMATIONAL,yes,,https://www.airfields-freeman.com/FL/Airfields_FL_FtLauderdale.htm
5BA6715C7B,,FL,Maguire Airport / Orlando West Airport (X30),,Gotha,28.53,-81.54,,HISTORICAL_INFORMATIONAL,yes,,https://www.airfields-freeman.com/FL/Airfields_FL_OrlandoSW.htm
568A66F39A,,FL,Malabar Naval Outer Landing Field,,Malabar,28.02,-80.68,,HISTORICAL_INFORMATIONAL,yes,,https://www.airfields-freeman.com/FL/Airfields_FL_OrlandoSE.htm
BC2AAD11A5,,FL,Marco Beach Airport (1st location),,Marco Island,25.929,-81.725,,HISTORICAL_INFORMATIONAL,yes,,https://www.airfields-freeman.com/FL/Airfields_FL_FtMyers.htm
C244E8E729,,FL,Marco Beach Airport (2nd location),,Marco Island,25.945,-81.725,,HISTORICAL_INFORMATIONAL,yes,,https://www.airfields-freeman.com/FL/Airfields_FL_FtMyers.htm
BEBBCBC5C3,,FL,Marianna Aux Army Airfield #2 / Malone Field / Stage Field,,Malone,30.99,-85.18,,HISTORICAL_INFORMATIONAL,yes,,https://www.airfields-freeman.com/FL/Airfields_FL_Tallahassee.htm
51AB076722,,FL,Marianna Auxiliary Army Airfield #1 / Ellis Field,,Ellis,30.91,-85.26,,HISTORICAL_INFORMATIONAL,yes,,https://www.airfields-freeman.com/FL/Airfields_FL_Tallahassee.htm
9FAD05FEF7,,FL,Marianna Auxiliary Army Airfield #3 / Bascom Field,,Bascom,30.97,-85.07,,HISTORICAL_INFORMATIONAL,yes,,https://www.airfields-freeman.com/FL/Airfields_FL_Tallahassee.htm
CFFAF1B278,,FL,Marianna Auxiliary Army Airfield #4 / Alliance Field,,Alliance,30.6,-85.11,,HISTORICAL_INFORMATIONAL,yes,,https://www.airfields-freeman.com/FL/Airfields_FL_Tallahassee.htm
BC77D3A0B1,,FL,Matecumbe Key Airport,,Lower Matecumbe Key,24.86,-80.73,,HISTORICAL_INFORMATIONAL,yes,,https://www.airfields-freeman.com/FL/Airfields_FL_Keys.htm
9C206CEF4A,,FL,Miami Gliderport,,Miami,25.61,-80.476,,HISTORICAL_INFORMATIONAL,yes,,https://www.airfields-freeman.com/FL/Airfields_FL_Miami_S.htm
73EFDE37C9,,FL,Miami Municipal Airport / South Field #2 / Navy Municipal Field / Amelia Earhart Field,,Hialeah,25.88,-80.26,,HISTORICAL_INFORMATIONAL,yes,,https://www.airfields-freeman.com/FL/Airfields_FL_Miami_N.htm
F69DA91305,,FL,Middleburg Airport / Middleburg Naval Outer Landing Field,,Middleburg,30.11,-81.83,,HISTORICAL_INFORMATIONAL,yes,,https://www.airfields-freeman.com/FL/Airfields_FL_JaxSW.htm
4E95549123,,FL,Mile Branch Naval Outlying Landing Field / Skytel Airport / Mile Branch Airport,,Mile Branch,30.23,-81.803,,HISTORICAL_INFORMATIONAL,yes,,https://www.airfields-freeman.com/FL/Airfields_FL_Jax_NW.htm
98E1D4626F,,FL,Mt. Plymouth Airport,,Mt. Plymouth,28.79,-81.53,,HISTORICAL_INFORMATIONAL,yes,,https://www.airfields-freeman.com/FL/Airfields_FL_OrlandoN.htm
9497E638D3,,FL,Myrtle Field / Carlstrom Auxiliary Army Airfield #3,,Arcadia,27.06,-81.78,,HISTORICAL_INFORMATIONAL,yes,,https://www.airfields-freeman.com/FL/Airfields_FL_FtMyers.htm
2BAEBC3209,,FL,Naval Outer Landing Field 35013 / Site 6,,Ensley,30.537,-87.308,,HISTORICAL_INFORMATIONAL,yes,,https://www.airfields-freeman.com/FL/Airfields_FL_Pensacola_NW.htm
D14F48A1C9,,FL,Olive Naval Outlying Landing Field / Site 4A,,Olive,30.53,-87.25,,HISTORICAL_INFORMATIONAL,yes,,https://www.airfields-freeman.com/FL/Airfields_FL_Pensacola_N.htm
FE1F5B9A30,,FL,Opa-Locka West Airport,,Miami,25.95,-80.42,,HISTORICAL_INFORMATIONAL,yes,,https://www.airfields-freeman.com/FL/Airfields_FL_Miami_N.htm
55393BF42F,,FL,Open Sands Airfield,,Panama City Beach,30.21,-85.855,,HISTORICAL_INFORMATIONAL,yes,,https://www.airfields-freeman.com/FL/Airfields_FL_Tallahassee.htm
83BAEC8277,,FL,Osceola Naval Outer Landing Field,,Osceola,28.79,-81.08,,HISTORICAL_INFORMATIONAL,yes,,https://www.airfields-freeman.com/FL/Airfields_FL_Daytona.htm
5F8DD8E939,,FL,Pan American Field / 36th Street Airport,,Miami,25.8,-80.28,,HISTORICAL_INFORMATIONAL,yes,,https://www.airfields-freeman.com/FL/Airfields_FL_Miami_C.htm
F93A35F7B4,,FL,Paxon Field / Williams Airport,,Jacksonville,30.347,-81.72,,HISTORICAL_INFORMATIONAL,yes,,https://www.airfields-freeman.com/FL/Airfields_FL_Jax_NW.htm
B7DD8164B0,,FL,Peel Field / Eglin Air Force Aux #4,,Valparaiso,30.51,-86.59,,HISTORICAL_INFORMATIONAL,yes,,https://www.airfields-freeman.com/FL/Airfields_FL_Eglin.htm
692CB420FE,,FL,Perdido River Ranch Airport,,Cantonment,30.576,-87.395,,HISTORICAL_INFORMATIONAL,yes,,https://www.airfields-freeman.com/FL/Airfields_FL_Pensacola_NW.htm
EBA8273276,,FL,Piccolo Field / Eglin Air Force Aux #5,,Valparaiso,30.59,-86.62,,HISTORICAL_INFORMATIONAL,yes,,https://www.airfields-freeman.com/FL/Airfields_FL_Eglin.htm
B188566F6A,,FL,Pierce Field / Eglin Air Force Aux #2 (FL35),,Niceville,30.58,-86.44,,HISTORICAL_INFORMATIONAL,yes,,https://www.airfields-freeman.com/FL/Airfields_FL_Eglin.htm
BB79422A69,,FL,Piper-Fuller Airport,,St. Petersburg,27.8,-82.74,,HISTORICAL_INFORMATIONAL,yes,,https://www.airfields-freeman.com/FL/Airfields_FL_TampaS.htm
2577405450,,FL,Pitts Aviation Airfield,,Homestead,25.471,-80.534,,HISTORICAL_INFORMATIONAL,yes,,https://www.airfields-freeman.com/FL/Airfields_FL_Miami_S.htm
D9B9574583,,FL,Port Largo Airport (KYL),,Key Largo,25.09,-80.43,,HISTORICAL_INFORMATIONAL,yes,,https://www.airfields-freeman.com/FL/Airfields_FL_Keys.htm
F8CE7DB989,,FL,Potter Field / Zellwin Farms Airport,,Zellwood,28.73,-81.64,,HISTORICAL_INFORMATIONAL,yes,,https://www.airfields-freeman.com/FL/Airfields_FL_OrlandoN.htm
28EA5AEB0C,,FL,Remuda Ranch Airfield / Port of the Islands Airfield,,Naples,25.953,-81.512,,HISTORICAL_INFORMATIONAL,yes,,https://www.airfields-freeman.com/FL/Airfields_FL_FtMyers.htm
16E2724FDE,,FL,Richard Bull Airport,,Atlantic Beach,30.34,-81.41,,HISTORICAL_INFORMATIONAL,yes,,https://www.airfields-freeman.com/FL/Airfields_FL_JaxSE.htm
F630C96D66,,FL,Richmond Naval Air Station,,Richmond Heights,25.62,-80.39,,HISTORICAL_INFORMATIONAL,yes,,https://www.airfields-freeman.com/FL/Airfields_FL_Miami_S.htm
FFE4AD62D9,,FL,Robinson Airport / Plant City Airpark / Hillsboro Airport (X08),,Seffner,28.01,-82.25,,HISTORICAL_INFORMATIONAL,yes,,https://www.airfields-freeman.com/FL/Airfields_FL_TampaS.htm
B1CB606B16,,FL,Rockledge Flypark / Rockledge Airpark (21FA),,Rocklegde,28.298,-80.721,,HISTORICAL_INFORMATIONAL,yes,,https://www.airfields-freeman.com/FL/Airfields_FL_Daytona.htm
F466A67E42,,FL,Ryan Municipal Airport,,Apopka,28.69,-81.51,,HISTORICAL_INFORMATIONAL,yes,,https://www.airfields-freeman.com/FL/Airfields_FL_OrlandoN.htm
B95FBB9A86,,FL,Showalter Airpark,,Winter Park,28.6,-81.32,,HISTORICAL_INFORMATIONAL,yes,,https://www.airfields-freeman.com/FL/Airfields_FL_OrlandoN.htm
50EA72E19E,,FL,Silver Springs Airpark,,Silver Springs,29.22,-82.07,,HISTORICAL_INFORMATIONAL,yes,,https://www.airfields-freeman.com/FL/Airfields_FL_OrlandoN.htm
766A5446E9,,FL,Sky Road Inn Airfield,,High Springs,29.9,-82.608,,HISTORICAL_INFORMATIONAL,yes,,https://www.airfields-freeman.com/FL/Airfields_FL_Tallahassee.htm
6B01A83357,,FL,Skyland Airport,,Lakeland,28.05,-81.989,,HISTORICAL_INFORMATIONAL,yes,,https://www.airfields-freeman.com/FL/Airfields_FL_TampaN.htm
93938542B2,,FL,Southwest Auxiliary Army Airfield #4,,Fort Ogden,27.05,-81.85,,HISTORICAL_INFORMATIONAL,yes,,https://www.airfields-freeman.com/FL/Airfields_FL_FtMyers.htm
E763542E88,,FL,St. Cloud Airfield,,St. Cloud,28.234,-81.284,,HISTORICAL_INFORMATIONAL,yes,,https://www.airfields-freeman.com/FL/Airfields_FL_OrlandoSE.htm
A60774075A,,FL,Stengel Airport,,Gainesville,29.63,-82.38,,HISTORICAL_INFORMATIONAL,yes,,https://www.airfields-freeman.com/FL/Airfields_FL_JaxSW.htm
2F2915ABFF,,FL,Stump Field Naval Outlying Landing Field / Pensacola Airpark,,Pensacola,30.48,-87.25,,HISTORICAL_INFORMATIONAL,yes,,https://www.airfields-freeman.com/FL/Airfields_FL_Pensacola_N.htm
CC4DC18902,,FL,Switzerland Naval Outer Landing Field,,Switzerland,30.05,-81.64,,HISTORICAL_INFORMATIONAL,yes,,https://www.airfields-freeman.com/FL/Airfields_FL_JaxSE.htm
2CBB841BD7,,FL,Tarkiln Field / Bronson Field Naval Auxiliary Air Station,,Myrtle Grove,30.39,-87.41,,HISTORICAL_INFORMATIONAL,yes,,https://www.airfields-freeman.com/FL/Airfields_FL_Pensacola_SW.htm
D694F1CB97,,FL,Taylor Field,,Ocala,29.18,-82.15,,HISTORICAL_INFORMATIONAL,yes,,https://www.airfields-freeman.com/FL/Airfields_FL_OrlandoN.htm
FECAF7BB70,,FL,Torii Field,,Trinity,28.14,-82.674,,HISTORICAL_INFORMATIONAL,yes,,https://www.airfields-freeman.com/FL/Airfields_FL_TampaN.htm
4F0ACD3DBC,,FL,Trout Creek Naval Outer Landing Field,,Elwood,30,-81.55,,HISTORICAL_INFORMATIONAL,yes,,https://www.airfields-freeman.com/FL/Airfields_FL_JaxSE.htm
BE0BCC6CC5,,FL,Trumbo Point Seaplane Base,,Key West,24.56,-81.79,,HISTORICAL_INFORMATIONAL,yes,,https://www.airfields-freeman.com/FL/Airfields_FL_Keys.htm
32C1CD1AD1,,FL,V Field,,West Pensacola,30.445,-87.308,,HISTORICAL_INFORMATIONAL,yes,,https://www.airfields-freeman.com/FL/Airfields_FL_Pensacola_NW.htm
798E4E8F67,,FL,Venetian Causeway Seaplane Base / Viking Airport / Embry-Riddle Seaplane Base,,Miami Beach,25.79,-80.17,,HISTORICAL_INFORMATIONAL,yes,,https://www.airfields-freeman.com/FL/Airfields_FL_Miami_C.htm
4A1D1E3A83,,FL,Venice Airport / Albee Field / Venice Municipal Airport / Venice State Airport,,Venice,27.1,-82.44,,HISTORICAL_INFORMATIONAL,yes,,https://www.airfields-freeman.com/FL/Airfields_FL_TampaS.htm
3D43CE8564,,FL,Wagner Field / Eglin Air Force Aux #1,,Niceville,30.67,-86.35,,HISTORICAL_INFORMATIONAL,yes,,https://www.airfields-freeman.com/FL/Airfields_FL_Eglin.htm
A65BEFCD7F,,FL,Watson Island Blimp Base,,Watson Island,25.76,-80.18,,HISTORICAL_INFORMATIONAL,yes,,https://www.airfields-freeman.com/FL/Airfields_FL_Miami_C.htm
FC2B27A2A6,,FL,Wells Auxiliary Army Airfield #2,,Fort Ogden,27.1,-81.92,,HISTORICAL_INFORMATIONAL,yes,,https://www.airfields-freeman.com/FL/Airfields_FL_FtMyers.htm
769B8643F0,,FL,West Pasco Airpark / Tampa Bay Executive Airport (3FD1),,New Port Richey,28.19,-82.627,,HISTORICAL_INFORMATIONAL,yes,,https://www.airfields-freeman.com/FL/Airfields_FL_TampaN.htm
494256F4CE,,FL,Withlacoochee Army Airfield,,Lacoochee,28.488,-82.04,,HISTORICAL_INFORMATIONAL,yes,,https://www.airfields-freeman.com/FL/Airfields_FL_TampaN.htm
02F58DD10C,,FL,X Field Naval Outlying Landing Field,,Pensacola,30.5,-87.33,,HISTORICAL_INFORMATIONAL,yes,,https://www.airfields-freeman.com/FL/Airfields_FL_Pensacola_NW.htm
F8CAC2CF0A,,FL,Y Field Naval Outlying Landing Field / Field 35307,,Pensacola,30.443,-87.28,,HISTORICAL_INFORMATIONAL,yes,,https://www.airfields-freeman.com/FL/Airfields_FL_Pensacola_N.htm
489A571777,,FL,Z Field Naval Outlying Landing Field,,Pensacola,30.43,-87.28,,HISTORICAL_INFORMATIONAL,yes,,https://www.airfields-freeman.com/FL/Airfields_FL_Pensacola_N.htm
E50AD2EC2D,,GA,(Original) Columbus Municipal Airport,,Columbus,32.448,-84.971,,HISTORICAL_INFORMATIONAL,yes,,https://www.airfields-freeman.com/GA/Airfields_GA_C.htm
6F9193C530,,GA,Air Corps Advanced Flying School Albany / Turner Field / Turner AFB / Albany NAS,,Albany,31.62,-84.06,,HISTORICAL_INFORMATIONAL,yes,,https://www.airfields-freeman.com/GA/Airfields_GA_SW.htm
403BF47293,,GA,Albany Field,,Albany,31.556,-84.173,,HISTORICAL_INFORMATIONAL,yes,,https://www.airfields-freeman.com/GA/Airfields_GA_SW.htm
9C15FDB436,,GA,Ayresport Airport (52GA),,Dawson,31.645,-84.318,,HISTORICAL_INFORMATIONAL,yes,,https://www.airfields-freeman.com/GA/Airfields_GA_SW.htm
16B386D980,,GA,Babcock Auxiliary Army Airfield #5,,Boykin,31.12,-84.62,,HISTORICAL_INFORMATIONAL,yes,,https://www.airfields-freeman.com/GA/Airfields_GA_SW.htm
BCE1A7CE7B,,GA,Bainbridge Auxiliary Field #2 / Reynoldsville Field,,Reynoldsville,30.84,-84.79,,HISTORICAL_INFORMATIONAL,yes,,https://www.airfields-freeman.com/GA/Airfields_GA_SW.htm
1FA6B48A19,,GA,Bellah Field,,Stockbridge,33.55,-84.17,,HISTORICAL_INFORMATIONAL,yes,,https://www.airfields-freeman.com/GA/Airfields_GA_Atlanta_S.htm
EAEFDBF01E,,GA,Bishop Airfield,,Fayetteville,33.446,-84.406,,HISTORICAL_INFORMATIONAL,yes,,https://www.airfields-freeman.com/GA/Airfields_GA_Atlanta_S.htm
00C0DD2851,,GA,Brunswick Municipal Airport (original location),,Brunswick,31.185,-81.48,,HISTORICAL_INFORMATIONAL,yes,,https://www.airfields-freeman.com/GA/Airfields_GA_SE.htm
2F1E2BF708,,GA,Camfield Airfield,,McDonough,33.48,-83.97,,HISTORICAL_INFORMATIONAL,yes,,https://www.airfields-freeman.com/GA/Airfields_GA_N.htm
1010D70ED0,,GA,City-County Airport / Carrollton Municipal Airport,,Carrollton,33.597,-85.047,,HISTORICAL_INFORMATIONAL,yes,,https://www.airfields-freeman.com/GA/Airfields_GA_Atlanta_S.htm
34454C2EBE,,GA,Cline Ranch Strip (GA81),,Social Circle,33.618,-83.782,,HISTORICAL_INFORMATIONAL,yes,,https://www.airfields-freeman.com/GA/Airfields_GA_Atlanta_N.htm
BB16FE6CC9,,GA,Cline Ranch Strip (GA81),,Social Circle,33.618,-83.782,,HISTORICAL_INFORMATIONAL,yes,,https://www.airfields-freeman.com/GA/Airfields_GA_Atlanta_S.htm
D5FD926E8F,,GA,Cobb Airport / Cobb Air Park / South Cobb Airport,,Atlanta,33.869,-84.591,,HISTORICAL_INFORMATIONAL,yes,,https://www.airfields-freeman.com/GA/Airfields_GA_Atlanta_N.htm
2602504ADD,,GA,Cole Field / Coles Field (GA88),,Stockbridge,33.637,-84.207,,HISTORICAL_INFORMATIONAL,yes,,https://www.airfields-freeman.com/GA/Airfields_GA_Atlanta_N.htm
D99A9B4C95,,GA,Cole Field / Coles Field (GA88),,Stockbridge,33.637,-84.207,,HISTORICAL_INFORMATIONAL,yes,,https://www.airfields-freeman.com/GA/Airfields_GA_Atlanta_S.htm
41A77C4E77,,GA,Commodore Decatur Auxiliary Army Airfield #6 (20J),,Bainbridge,30.916,-84.61,,HISTORICAL_INFORMATIONAL,yes,,https://www.airfields-freeman.com/GA/Airfields_GA_SW.htm
00EE166201,,GA,Conyers Airport / Styx Airport,,Coners,33.655,-84.02,,HISTORICAL_INFORMATIONAL,yes,,https://www.airfields-freeman.com/GA/Airfields_GA_N.htm
639BDF0B6E,,GA,Cumberland Academy Airfield,,Calhoun,34.465,-85.032,,HISTORICAL_INFORMATIONAL,yes,,https://www.airfields-freeman.com/GA/Airfields_GA_N.htm
53135171C5,,GA,Cumming Airfield,,Cumming,34.255,-84.205,,HISTORICAL_INFORMATIONAL,yes,,https://www.airfields-freeman.com/GA/Airfields_GA_N.htm
293E425355,,GA,Dionne Auxiliary Field,,Waynesboro,33.097,-81.954,,HISTORICAL_INFORMATIONAL,yes,,https://www.airfields-freeman.com/GA/Airfields_GA_C.htm
D6355FE1CE,,GA,Edwards Sky-Port / South Fulton Airport / South Fulton Skyport (8A9),,Palmetto,33.538,-84.638,,HISTORICAL_INFORMATIONAL,yes,,https://www.airfields-freeman.com/GA/Airfields_GA_Atlanta_S.htm
46F2DFFC70,,GA,Evans Army Heliport / Evans Army Airfield,,Flemington,31.94,-81.51,,HISTORICAL_INFORMATIONAL,yes,,https://www.airfields-freeman.com/GA/Airfields_GA_SE.htm
0E8652B6BD,,GA,Glynco NAS (BQK),,Brunswick,31.245,-81.474,,HISTORICAL_INFORMATIONAL,yes,,https://www.airfields-freeman.com/GA/Airfields_GA_SE.htm
DAB956AE84,,GA,Gunn Airfield,,Belmont,33.728,-84.161,,HISTORICAL_INFORMATIONAL,yes,,https://www.airfields-freeman.com/GA/Airfields_GA_Atlanta_S.htm
E4BA964077,,GA,Harris Neck Army Airfield / Harris Neck Outlying Field,,Harris Neck,31.64,-81.27,,HISTORICAL_INFORMATIONAL,yes,,https://www.airfields-freeman.com/GA/Airfields_GA_SE.htm
8A65EBE899,,GA,Harris Neck Intermediate Field Site #8,,Harris Neck,31.62,-81.27,,HISTORICAL_INFORMATIONAL,yes,,https://www.airfields-freeman.com/GA/Airfields_GA_SE.htm
D6B6859167,,GA,Jaeck Army Stagefield / Jaeck Drop Zone Army Airfield,,Glenvville,31.939,-81.856,,HISTORICAL_INFORMATIONAL,yes,,https://www.airfields-freeman.com/GA/Airfields_GA_SE.htm
60874A4E07,,GA,Lake Park Auxiliary Army Airfield #2,,Lake Park,30.67,-83.19,,HISTORICAL_INFORMATIONAL,yes,,https://www.airfields-freeman.com/GA/Airfields_GA_SW.htm
1474660BD2,,GA,Lakewood Airport,,Atlanta,33.71,-84.394,,HISTORICAL_INFORMATIONAL,yes,,https://www.airfields-freeman.com/GA/Airfields_GA_Atlanta_S.htm
F70FC4DD94,,GA,Liberty County Airport (2J2),,Walthoursville,31.785,-81.64,,HISTORICAL_INFORMATIONAL,yes,,https://www.airfields-freeman.com/GA/Airfields_GA_SE.htm
AB7696520F,,GA,Little Neck Army Stagefield,,Savannah,32.04,-81.287,,HISTORICAL_INFORMATIONAL,yes,,https://www.airfields-freeman.com/GA/Airfields_GA_SE.htm
38C6B44862,,GA,"Mathis Airport / Mathis Field (84A, GA27)",,Suwanee,34.1,-84.162,,HISTORICAL_INFORMATIONAL,yes,,https://www.airfields-freeman.com/GA/Airfields_GA_Atlanta_N.htm
59E311360F,,GA,McDonough Airport,,McDonough,33.41,-84.154,,HISTORICAL_INFORMATIONAL,yes,,https://www.airfields-freeman.com/GA/Airfields_GA_C.htm
70F4DAD772,,GA,Mercer Air Field,,Calhoun,34.44,-84.92,,HISTORICAL_INFORMATIONAL,yes,,https://www.airfields-freeman.com/GA/Airfields_GA_N.htm
CA4EE36C32,,GA,Miller Field,,Macon,32.862,-83.569,,HISTORICAL_INFORMATIONAL,yes,,https://www.airfields-freeman.com/GA/Airfields_GA_C.htm
2ADC79F0FC,,GA,Moody Auxiliary Army Airfield #3 / Bemiss Field,,Bemiss,30.95,-83.15,,HISTORICAL_INFORMATIONAL,yes,,https://www.airfields-freeman.com/GA/Airfields_GA_SW.htm
B4FE8EEDBA,,GA,Morris Army Airfield (AGD),,Forest Park,33.623,-84.34,,HISTORICAL_INFORMATIONAL,yes,,https://www.airfields-freeman.com/GA/Airfields_GA_Atlanta_S.htm
55E5126BD3,,GA,Parkaire Field,,Marietta,33.965,-84.41,,HISTORICAL_INFORMATIONAL,yes,,https://www.airfields-freeman.com/GA/Airfields_GA_Atlanta_N.htm
4059C18925,,GA,Poole Farm Airport (21GA),,Oxford,33.68,-83.853,,HISTORICAL_INFORMATIONAL,yes,,https://www.airfields-freeman.com/GA/Airfields_GA_N.htm
02804A5716,,GA,Putnam County Airport (32A),,Warfield,33.3,-83.38,,HISTORICAL_INFORMATIONAL,yes,,https://www.airfields-freeman.com/GA/Airfields_GA_C.htm
0AFA77047C,,GA,Reginald Grant Memorial Airport (2A2),,Thomaston,32.94,-84.34,,HISTORICAL_INFORMATIONAL,yes,,https://www.airfields-freeman.com/GA/Airfields_GA_C.htm
6772187E84,,GA,Rocky Ford Auxiliary Army Airfield #1,,Nankin,30.67,-83.49,,HISTORICAL_INFORMATIONAL,yes,,https://www.airfields-freeman.com/GA/Airfields_GA_SW.htm
F67EE545E0,,GA,Rome Airport,,Rome,34.282,-85.222,,HISTORICAL_INFORMATIONAL,yes,,https://www.airfields-freeman.com/GA/Airfields_GA_N.htm
1105384DAC,,GA,Rust Airport (GA82 / GA09 / 3RU),,Woolsey,33.333,-84.402,,HISTORICAL_INFORMATIONAL,yes,,https://www.airfields-freeman.com/GA/Airfields_GA_C.htm
FCD1F974FD,,GA,Saffold Field (GA40),,Wilmington Island,32.04,-81.008,,HISTORICAL_INFORMATIONAL,yes,,https://www.airfields-freeman.com/GA/Airfields_GA_SE.htm
37C8443AAE,,GA,Savannah Wilmington Island Airport / Hobbs Field,,Wilmington Island,32.014,-80.98,,HISTORICAL_INFORMATIONAL,yes,,https://www.airfields-freeman.com/GA/Airfields_GA_SE.htm
6375B076E0,,GA,Shellbine Airfield & Rocket Test Site,,Shellbine,30.945,-81.53,,HISTORICAL_INFORMATIONAL,yes,,https://www.airfields-freeman.com/GA/Airfields_GA_SE.htm
D72DF587DA,,GA,Shuford Municipal Airport,,Lavonia,34.42,-83.11,,HISTORICAL_INFORMATIONAL,yes,,https://www.airfields-freeman.com/GA/Airfields_GA_N.htm
DB1416E336,,GA,South Expressway Airport (9A7),,Jonesboro,33.505,-84.36,,HISTORICAL_INFORMATIONAL,yes,,https://www.airfields-freeman.com/GA/Airfields_GA_Atlanta_S.htm
7578B28BF6,,GA,St Marys Airport (4J6),,St Marys,30.753,-81.558,,HISTORICAL_INFORMATIONAL,yes,,https://www.airfields-freeman.com/GA/Airfields_GA_SE.htm
A57805945A,,GA,Stone Mountain Britt Memorial Airport (00A),,Stone Mountain,33.813,-84.12,,HISTORICAL_INFORMATIONAL,yes,,https://www.airfields-freeman.com/GA/Airfields_GA_Atlanta_N.htm
195779849C,,GA,Sunset Strip,,Stockbridge,33.623,-84.26,,HISTORICAL_INFORMATIONAL,yes,,https://www.airfields-freeman.com/GA/Airfields_GA_Atlanta_S.htm
DAB85956D0,,GA,TAC-X Army Airfield,,Pembroke,32.101,-81.659,,HISTORICAL_INFORMATIONAL,yes,,https://www.airfields-freeman.com/GA/Airfields_GA_C.htm
12AE042A74,,GA,Townsend Airfield,,Townsend,31.543,-81.537,,HISTORICAL_INFORMATIONAL,yes,,https://www.airfields-freeman.com/GA/Airfields_GA_SE.htm
7C9A33F01B,,GA,Turner Auxiliary Army Airfield #3 / West Leesburg Field / Lee County Airport,,Leesburg,31.72,-84.21,,HISTORICAL_INFORMATIONAL,yes,,https://www.airfields-freeman.com/GA/Airfields_GA_SW.htm
49D4A2BF29,,GA,Turner Auxiliary Field #2 / West Smithville Field,,Smithville,31.89,-84.33,,HISTORICAL_INFORMATIONAL,yes,,https://www.airfields-freeman.com/GA/Airfields_GA_SW.htm
810DFBF7D9,,GA,Turner Auxiliary Field #6 / North Smithville Field,,Smithville,31.92,-84.19,,HISTORICAL_INFORMATIONAL,yes,,https://www.airfields-freeman.com/GA/Airfields_GA_SW.htm
6058C0FC62,,GA,Vada Auxiliary Army Airfield #4,,Vada,31.088,-84.442,,HISTORICAL_INFORMATIONAL,yes,,https://www.airfields-freeman.com/GA/Airfields_GA_SW.htm
432C99FDFF,,GA,Vose Field / Rose City Airport / Thomasville Airport (Original),,Thomasville,30.827,-84.002,,HISTORICAL_INFORMATIONAL,yes,,https://www.airfields-freeman.com/GA/Airfields_GA_SW.htm
5386E0D3FE,,GA,Yawn Auxiliary Field,,Waynesboro,33.199,-82.061,,HISTORICAL_INFORMATIONAL,yes,,https://www.airfields-freeman.com/GA/Airfields_GA_C.htm
AF5E9CD97A,,HI,Bellows Field / Bellows Air Force Station,,Walmanalo,21.36,-157.72,,HISTORICAL_INFORMATIONAL,yes,,https://www.airfields-freeman.com/HI/Airfields_HI_Oahu_S.htm
35BE3E8578,,HI,Ewa Marine Corps Air Station,,Ewa,21.33,-158.05,,HISTORICAL_INFORMATIONAL,yes,,https://www.airfields-freeman.com/HI/Airfields_HI_Oahu_S.htm
DEB070080E,,HI,Kaanapali Airport (HKP),,Kaanapali,20.945,-156.69,,HISTORICAL_INFORMATIONAL,yes,,https://www.airfields-freeman.com/HI/Airfields_HI_Maui.htm
7F1E86FDFB,,HI,Kahuku Army Airfield / Kuilima Air Park,,Kahuku,21.71,-157.97,,HISTORICAL_INFORMATIONAL,yes,,https://www.airfields-freeman.com/HI/Airfields_HI_Oahu_N.htm
72B08BA94B,,HI,"Kailua Sky Ranch, Airfield",,Kailua,21.43,-157.75,,HISTORICAL_INFORMATIONAL,yes,,https://www.airfields-freeman.com/HI/Airfields_HI_Oahu_N.htm
5BDC14D86C,,HI,Kaupulehu Airfield / Kona Village Resort Airstrip / Kaupulehu Heliport,,Kailua-Kona,19.833,-155.982,,HISTORICAL_INFORMATIONAL,yes,,https://www.airfields-freeman.com/HI/Airfields_HI_Hawaii.htm
B1A489A4AC,,HI,Kealia Landing Strip,,Kealia,22.132,-159.336,,HISTORICAL_INFORMATIONAL,yes,,https://www.airfields-freeman.com/HI/Airfields_HI_Kauai.htm
A6B817A095,,HI,Kekaha Airstrip,,Kekaha,21.995,-159.749,,HISTORICAL_INFORMATIONAL,yes,,https://www.airfields-freeman.com/HI/Airfields_HI_Kauai.htm
E9C87EC7B0,,HI,Kualoa Army Airfield,,Kualoa,21.52,-157.84,,HISTORICAL_INFORMATIONAL,yes,,https://www.airfields-freeman.com/HI/Airfields_HI_Oahu_N.htm
D81CB5EE09,,HI,Marine Corps Air Station Bordelon / Bordelon Field / (Original) Kamuela Airport / Waimea Airport,,Kamuela,20.01,-155.68,,HISTORICAL_INFORMATIONAL,yes,,https://www.airfields-freeman.com/HI/Airfields_HI_Hawaii.htm
598C4CE9DF,,HI,Morse Field,,South Point,18.92,-155.68,,HISTORICAL_INFORMATIONAL,yes,,https://www.airfields-freeman.com/HI/Airfields_HI_Hawaii.htm
B82FCACC8D,,HI,Murray-Air Kapolei Airfield,,Kapolei,21.33,-158.06,,HISTORICAL_INFORMATIONAL,yes,,https://www.airfields-freeman.com/HI/Airfields_HI_Oahu_S.htm
61274A584B,,HI,Naval Air Station Kipapa Field / Kipapa Army Airfield,,Kipapa,21.44,-158.02,,HISTORICAL_INFORMATIONAL,yes,,https://www.airfields-freeman.com/HI/Airfields_HI_Oahu_S.htm
9B2B699522,,HI,Original Kona Airport,,Kailua,19.644,-156.009,,HISTORICAL_INFORMATIONAL,yes,,https://www.airfields-freeman.com/HI/Airfields_HI_Hawaii.htm
AF21D1C26D,,HI,Pahoa Airstrip,,Pahoa,19.516,-154.963,,HISTORICAL_INFORMATIONAL,yes,,https://www.airfields-freeman.com/HI/Airfields_HI_Hawaii.htm
4084AEEA13,,HI,Pearl Harbor,,,21.36,-157.96,,HISTORICAL_INFORMATIONAL,yes,,https://www.airfields-freeman.com/HI/Airfields_HI_Oahu_S.htm
A9DF76D1D2,,HI,Pepeekeo Airstrip,,Pepeekeo,19.846,-155.112,,HISTORICAL_INFORMATIONAL,yes,,https://www.airfields-freeman.com/HI/Airfields_HI_Hawaii.htm
BC90254008,,HI,Puunene Airport / Naval Air Station Maui / Naval Air Station Puunene / Maui Airport,,Puunene,20.817,-156.46,,HISTORICAL_INFORMATIONAL,yes,,https://www.airfields-freeman.com/HI/Airfields_HI_Maui.htm
8B35D0893A,,HI,Waiele Gulch Army Airfield,,Wahiawā,21.47,-158.04,,HISTORICAL_INFORMATIONAL,yes,,https://www.airfields-freeman.com/HI/Airfields_HI_Oahu_N.htm
833BE85EFB,,HI,Waipio Peninsula Naval Reservation Airfield,,Waipio Peninsula,21.361,-157.987,,HISTORICAL_INFORMATIONAL,yes,,https://www.airfields-freeman.com/HI/Airfields_HI_Oahu_S.htm
566C38AEDB,,IA,(Original) Ames Municipal Airport / Wearth Airport,,Ames,42,-93.61,,HISTORICAL_INFORMATIONAL,yes,,https://www.airfields-freeman.com/IA/Airfields_IA_W.htm
A06AA9445C,,IA,Bantam Airport / K Field,,Denver,42.714,-92.361,,HISTORICAL_INFORMATIONAL,yes,,https://www.airfields-freeman.com/IA/Airfields_IA_E.htm
31F8AF099A,,IA,Cedar Rapids Municipal Airport (original location) / Hunter Field,,Cedar Rapids,41.93,-91.66,,HISTORICAL_INFORMATIONAL,yes,,https://www.airfields-freeman.com/IA/Airfields_IA_E.htm
FD5CF87828,,IA,Council Bluffs Airport (original location),,Council Bluffs,41.22,-95.84,,HISTORICAL_INFORMATIONAL,yes,,https://www.airfields-freeman.com/IA/Airfields_IA_W.htm
AAC6DC4C54,,IA,Cram Field,,Davenport,41.555,-90.605,,HISTORICAL_INFORMATIONAL,yes,,https://www.airfields-freeman.com/IA/Airfields_IA_E.htm
6D80664895,,IA,Davenport Airport (original location) / Agonair Airport / Bettendorf Airport,,Bettendorf,41.55,-90.51,,HISTORICAL_INFORMATIONAL,yes,,https://www.airfields-freeman.com/IA/Airfields_IA_E.htm
5D343F34C2,,IA,De Witt Airport,,De Witt,41.822,-90.511,,HISTORICAL_INFORMATIONAL,yes,,https://www.airfields-freeman.com/IA/Airfields_IA_E.htm
6F3A2D8068,,IA,Dodge Airport,,Camp Dodge,41.685,-93.715,,HISTORICAL_INFORMATIONAL,yes,,https://www.airfields-freeman.com/IA/Airfields_IA_E.htm
E9B7B4F299,,IA,Fort Dodge Airport / Eno Airport,,Ft Dodge,42.5,-94.13,,HISTORICAL_INFORMATIONAL,yes,,https://www.airfields-freeman.com/IA/Airfields_IA_W.htm
0B4FFC5A87,,IA,John Deere Dubuque Tractor Works Airfield,,Sageville,42.575,-90.71,,HISTORICAL_INFORMATIONAL,yes,,https://www.airfields-freeman.com/IA/Airfields_IA_E.htm
82864711CD,,IA,Laurens Skyways Airport,,Laurens,42.847,-94.864,,HISTORICAL_INFORMATIONAL,yes,,https://www.airfields-freeman.com/IA/Airfields_IA_W.htm
56F403D173,,IA,Linby Naval Outlying Landing Field,,Pekin,41.154,-92.166,,HISTORICAL_INFORMATIONAL,yes,,https://www.airfields-freeman.com/IA/Airfields_IA_W.htm
5BA6B8F9D3,,IA,McBride Field (7IA3),,Cedar Rapids,42.065,-91.635,,HISTORICAL_INFORMATIONAL,yes,,https://www.airfields-freeman.com/IA/Airfields_IA_E.htm
60F3CD1F9D,,IA,Monona Municipal Airport (7C3),,Monona,43.034,-91.347,,HISTORICAL_INFORMATIONAL,yes,,https://www.airfields-freeman.com/IA/Airfields_IA_E.htm
21DA58A5FD,,IA,North Landing Field / Morningstar Field (Y76),,Des Moines,41.654,-93.641,,HISTORICAL_INFORMATIONAL,yes,,https://www.airfields-freeman.com/IA/Airfields_IA_E.htm
E35C2AB714,,IA,Onawa Municipal Airport (K36),,Onawa,42.0,-96.1,,HISTORICAL_INFORMATIONAL,yes,,https://www.airfields-freeman.com/IA/Airfields_IA_W.htm
C6FF643BD8,,IA,Orange City Airport (KORC),,Orange City,42.989,-96.062,,HISTORICAL_INFORMATIONAL,yes,,https://www.airfields-freeman.com/IA/Airfields_IA_W.htm
3685539741,,IA,Primghar Airport (2Y0),,Primghar,43.078,-95.614,,HISTORICAL_INFORMATIONAL,yes,,https://www.airfields-freeman.com/IA/Airfields_IA_W.htm
792D50C257,,IA,Sioux Center Municipal Airport (KSOY),,Orange City,43.133,-96.188,,HISTORICAL_INFORMATIONAL,yes,,https://www.airfields-freeman.com/IA/Airfields_IA_W.htm
1233AB7C9D,,IA,Wallace Field,,Bettendorf,41.524,-90.483,,HISTORICAL_INFORMATIONAL,yes,,https://www.airfields-freeman.com/IA/Airfields_IA_E.htm
C9DE68E062,,ID,Aircraft Service Company Airfield / Bradley Field,,Boise,43.64,-116.26,,HISTORICAL_INFORMATIONAL,yes,,https://www.airfields-freeman.com/ID/Airfields_ID_SW.htm
6A69217652,,ID,Boise Air Park,,Boise,43.63,-116.23,,HISTORICAL_INFORMATIONAL,yes,,https://www.airfields-freeman.com/ID/Airfields_ID_SW.htm
6D011C52E6,,ID,Booth Field / Boise Airport (original location),,Boise,43.603,-116.198,,HISTORICAL_INFORMATIONAL,yes,,https://www.airfields-freeman.com/ID/Airfields_ID_SW.htm
34976E5A98,,ID,Floating Feather Airport,,Eagle,43.7,-116.312,,HISTORICAL_INFORMATIONAL,yes,,https://www.airfields-freeman.com/ID/Airfields_ID_SW.htm
13284EDE90,,ID,Gimlet Airport,,Sun Valley,43.622,-114.345,,HISTORICAL_INFORMATIONAL,yes,,https://www.airfields-freeman.com/ID/Airfields_ID_SE.htm
8B22B62FCD,,ID,Glider Air Park,,Boise,43.715,-116.297,,HISTORICAL_INFORMATIONAL,yes,,https://www.airfields-freeman.com/ID/Airfields_ID_SW.htm
730C95B1E2,,ID,Hayfield Airport,,Tyhee,42.93,-112.45,,HISTORICAL_INFORMATIONAL,yes,,https://www.airfields-freeman.com/ID/Airfields_ID_SE.htm
A26A4BF980,,ID,Henley Aerodrome (S62),,Athol,47.91,-116.71,,HISTORICAL_INFORMATIONAL,yes,,https://www.airfields-freeman.com/ID/Airfields_ID_N.htm
7A8E679ED6,,ID,Pocatello Municipal Airport / McDougall Field,,Pocatello,42.91,-112.54,,HISTORICAL_INFORMATIONAL,yes,,https://www.airfields-freeman.com/ID/Airfields_ID_SE.htm
9053C7D8EE,,ID,Stone Airport / Major Airport / Strawberry Glenn Airport (S65),,Boise,43.67,-116.29,,HISTORICAL_INFORMATIONAL,yes,,https://www.airfields-freeman.com/ID/Airfields_ID_SW.htm
BE92A3CD95,,ID,Test Area North,,Monteview,43.86,-112.73,,HISTORICAL_INFORMATIONAL,yes,,https://www.airfields-freeman.com/ID/Airfields_ID_SE.htm
CE04F2504B,,ID,University Field / Ham's Field,,Pocatello,42.87,-112.43,,HISTORICAL_INFORMATIONAL,yes,,https://www.airfields-freeman.com/ID/Airfields_ID_SE.htm
3A6648420C,,ID,Walker Field / Caldwell Municipal Airport,,Caldwell,43.67,-116.71,,HISTORICAL_INFORMATIONAL,yes,,https://www.airfields-freeman.com/ID/Airfields_ID_SW.htm
B2E978B57C,,IL,(Original) Carmi Municipal Airport,,Carmi,38.101,-88.153,,HISTORICAL_INFORMATIONAL,yes,,https://www.airfields-freeman.com/IL/Airfields_IL_SE.htm
841CEC5866,,IL,(Original) Rockford Airport / Machesney Airport (KRMC),,Machesney Park,42.35,-89.054,,HISTORICAL_INFORMATIONAL,yes,,https://www.airfields-freeman.com/IL/Airfields_IL_N.htm
7B0861944D,,IL,Aero Club of Illinois Flying Field / Ashburn Field,,Chicago,41.74,-87.736,,HISTORICAL_INFORMATIONAL,yes,,https://www.airfields-freeman.com/IL/Airfields_IL_Chicago_W.htm
58D3F57E07,,IL,Allendale Field / Libertyville Naval Outer Landing Field (LBV) / Libertyville Airport,,Vernon Hills,42.224,-87.954,,HISTORICAL_INFORMATIONAL,yes,,https://www.airfields-freeman.com/IL/Airfields_IL_Chicago_NW.htm
0D44BD5E98,,IL,Arlington Naval Outer Landing Field / Field 25610 / Arlington Airport,,Arlington Heights,42.064,-88,,HISTORICAL_INFORMATIONAL,yes,,https://www.airfields-freeman.com/IL/Airfields_IL_Chicago_NW.htm
FAA7E93422,,IL,Aurora Airport / Aurora Airways Airport / Aurora Industrial Airport,,Aurora,41.8,-88.337,,HISTORICAL_INFORMATIONAL,yes,,https://www.airfields-freeman.com/IL/Airfields_IL_Chicago_W.htm
3167D8FE71,,IL,Belleville Airport,,Belleville,38.579,-89.988,,HISTORICAL_INFORMATIONAL,yes,,https://www.airfields-freeman.com/IL/Airfields_IL_SW.htm
A4D6D1FBEA,,IL,Bosa Field / Springfield Airport / Conkling Field / Lindbergh Field,,Springfield,39.824,-89.72,,HISTORICAL_INFORMATIONAL,yes,,https://www.airfields-freeman.com/IL/Airfields_IL_SW.htm
CDE47E1563,,IL,Burris Field / (Original) Waukegan Airport,,Waukegan,42.39,-87.88,,HISTORICAL_INFORMATIONAL,yes,,https://www.airfields-freeman.com/IL/Airfields_IL_Chicago_N.htm
B2CA4FD77B,,IL,Central Airport,,Centralia,38.58,-89.12,,HISTORICAL_INFORMATIONAL,yes,,https://www.airfields-freeman.com/IL/Airfields_IL_SW.htm
01839727AA,,IL,Checkerboard Field / Maywood Airmail Field / Hines Field,,Broadview,41.858,-87.84,,HISTORICAL_INFORMATIONAL,yes,,https://www.airfields-freeman.com/IL/Airfields_IL_Chicago_C.htm
8B3DE594E9,,IL,Clarence C. Johnson Field,,Manhattan,41.384,-87.945,,HISTORICAL_INFORMATIONAL,yes,,https://www.airfields-freeman.com/IL/Airfields_IL_N.htm
B3484EB316,,IL,Collinsville Airport / Downtown Airpark,,Collinsville,38.655,-90.054,,HISTORICAL_INFORMATIONAL,yes,,https://www.airfields-freeman.com/IL/Airfields_IL_SW.htm
BDAF01A608,,IL,Curtiss-Reynolds Field / Glenview NAS / CGAF Chicago,,Chicago,42.09,-87.82,,HISTORICAL_INFORMATIONAL,yes,,https://www.airfields-freeman.com/IL/Airfields_IL_Chicago_N.htm
B677A2EDCD,,IL,Cyril Lebert Airport / Flying L Airport (3H5),,Lebanon,38.59,-89.8,,HISTORICAL_INFORMATIONAL,yes,,https://www.airfields-freeman.com/IL/Airfields_IL_SW.htm
91252F232D,,IL,Dixon Springs Airport,,Dixon Springs,37.434,-88.69,,HISTORICAL_INFORMATIONAL,yes,,https://www.airfields-freeman.com/IL/Airfields_IL_SE.htm
4FB27D58B0,,IL,Eagle Airport,,Hinckley,41.753,-88.616,,HISTORICAL_INFORMATIONAL,yes,,https://www.airfields-freeman.com/IL/Airfields_IL_N.htm
6A57627396,,IL,Eagle Flying Field / Elmhurst Airport / Elmhurst Greer College Airport,,Elmhurst,41.926,-87.962,,HISTORICAL_INFORMATIONAL,yes,,https://www.airfields-freeman.com/IL/Airfields_IL_Chicago_C.htm
474BBC5700,,IL,Earlville Airport,,Earlville,41.566,-88.951,,HISTORICAL_INFORMATIONAL,yes,,https://www.airfields-freeman.com/IL/Airfields_IL_N.htm
AB372F7D15,,IL,Elgin Airport,,Elgin,42.07,-88.287,,HISTORICAL_INFORMATIONAL,yes,,https://www.airfields-freeman.com/IL/Airfields_IL_Chicago_NW.htm
FE802F926A,,IL,Fort Sheridan Rifle Range Field / Fort Sheridan Army Airfield / Haley Army Airfield,,Highland Park,42.22,-87.82,,HISTORICAL_INFORMATIONAL,yes,,https://www.airfields-freeman.com/IL/Airfields_IL_Chicago_N.htm
055E3BFAB2,,IL,Frankfort Airport (L40),,Frankfort,41.478,-87.845,,HISTORICAL_INFORMATIONAL,yes,,https://www.airfields-freeman.com/IL/Airfields_IL_Chicago_S.htm
197110DC20,,IL,Galesburg Airport (original location),,Galesburg,40.963,-90.384,,HISTORICAL_INFORMATIONAL,yes,,https://www.airfields-freeman.com/IL/Airfields_IL_N.htm
3BA49A4C37,,IL,Giant City State Park Airfield,,Makanda,37.602,-89.176,,HISTORICAL_INFORMATIONAL,yes,,https://www.airfields-freeman.com/IL/Airfields_IL_SW.htm
90B68FF32C,,IL,Governor's Airpark / Wings Field / Haedtler Field,,Chicago Heights,41.47,-87.72,,HISTORICAL_INFORMATIONAL,yes,,https://www.airfields-freeman.com/IL/Airfields_IL_Chicago_S.htm
EF65CB70FB,,IL,Greer Airport / Park Ridge Airport / River Road Airport,,Park Ridge,42.007,-87.873,,HISTORICAL_INFORMATIONAL,yes,,https://www.airfields-freeman.com/IL/Airfields_IL_Chicago_N.htm
529BB9F53B,,IL,Half Day Naval Outlying Landing Field / Wheeling Naval Outlying Landing Field / Chicagoland Airport (3CG),,Wheeling,42.194,-87.935,,HISTORICAL_INFORMATIONAL,yes,,https://www.airfields-freeman.com/IL/Airfields_IL_Chicago_NW.htm
193C511129,,IL,Hanson Airport / Taylor Airport,,Round Lake,42.396,-88.077,,HISTORICAL_INFORMATIONAL,yes,,https://www.airfields-freeman.com/IL/Airfields_IL_Chicago_N.htm
00FA16BCFD,,IL,Harlem Airport,,Oaklawn,41.73,-87.796,,HISTORICAL_INFORMATIONAL,yes,,https://www.airfields-freeman.com/IL/Airfields_IL_Chicago_W.htm
6A9ADB3535,,IL,Hinsdale Airport,,Hinsdale,41.748,-87.94,,HISTORICAL_INFORMATIONAL,yes,,https://www.airfields-freeman.com/IL/Airfields_IL_Chicago_W.htm
CE2480EE3D,,IL,"Homer Airport (0I7, HMJ)",,Homer,40.026,-87.954,,HISTORICAL_INFORMATIONAL,yes,,https://www.airfields-freeman.com/IL/Airfields_IL_SE.htm
CBCC73E52B,,IL,Howell Airport (1st location),,Blue Island,41.65,-87.74,,HISTORICAL_INFORMATIONAL,yes,,https://www.airfields-freeman.com/IL/Airfields_IL_Chicago_S.htm
A3079B8D30,,IL,Kankakee River State Park Airfield,,Manteno,41.213,-87.985,,HISTORICAL_INFORMATIONAL,yes,,https://www.airfields-freeman.com/IL/Airfields_IL_N.htm
E2FA79089C,,IL,Lakeview Airport / Lakeside Airport / Nichols Airport,,Granite City,38.7,-90.07,,HISTORICAL_INFORMATIONAL,yes,,https://www.airfields-freeman.com/IL/Airfields_IL_SW.htm
C7ABF0DF64,,IL,Lemont Aero Airport / Lemont Airfield,,Lemont,41.658,-88.027,,HISTORICAL_INFORMATIONAL,yes,,https://www.airfields-freeman.com/IL/Airfields_IL_Chicago_W.htm
B0BC23B4A0,,IL,Lincoln Airport / Bock Airfield,,Lincoln,40.157,-89.397,,HISTORICAL_INFORMATIONAL,yes,,https://www.airfields-freeman.com/IL/Airfields_IL_N.htm
694B3E74B9,,IL,Lombard Airport / York Township Airport,,Lombard,41.858,-88.031,,HISTORICAL_INFORMATIONAL,yes,,https://www.airfields-freeman.com/IL/Airfields_IL_Chicago_W.htm
3F4643630A,,IL,Mall Airfield / FBM Company Airfield,,University Park,41.44,-87.69,,HISTORICAL_INFORMATIONAL,yes,,https://www.airfields-freeman.com/IL/Airfields_IL_Chicago_S.htm
EB309B02BF,,IL,Meigs Field (CGX),,Chicago,41.86,-87.61,,HISTORICAL_INFORMATIONAL,yes,,https://www.airfields-freeman.com/IL/Airfields_IL_Chicago_C.htm
9D714EE21B,,IL,Metropolitan Airport / Ashland Avenue Airport / Chicago Heights Airport,,Chicago Heights,41.517,-87.659,,HISTORICAL_INFORMATIONAL,yes,,https://www.airfields-freeman.com/IL/Airfields_IL_Chicago_S.htm
1C17597F2A,,IL,New Lenox Airport / Howell Airport (2nd location) (1C2),,New Lenox,41.48,-87.92,,HISTORICAL_INFORMATIONAL,yes,,https://www.airfields-freeman.com/IL/Airfields_IL_Chicago_S.htm
C5D2ACE0DC,,IL,Northern Pump Airfield / McHenry Farms Airfield,,McHenry,42.378,-88.319,,HISTORICAL_INFORMATIONAL,yes,,https://www.airfields-freeman.com/IL/Airfields_IL_Chicago_NW.htm
6E800AC90E,,IL,O'Neal Airport (KOEA),,Westport,38.691,-87.551,,HISTORICAL_INFORMATIONAL,yes,,https://www.airfields-freeman.com/IL/Airfields_IL_SE.htm
1CC5155384,,IL,Ottawa Airport / Skydive Chicago Airfield (C13),,Ottawa,41.364,-88.86,,HISTORICAL_INFORMATIONAL,yes,,https://www.airfields-freeman.com/IL/Airfields_IL_N.htm
2BCEB05007,,IL,Parks College Airport (H72),,East St. Louis,38.57,-90.18,,HISTORICAL_INFORMATIONAL,yes,,https://www.airfields-freeman.com/IL/Airfields_IL_SW.htm
9191B9BEF1,,IL,Piper Airport (C41),,Princeton,41.37,-89.43,,HISTORICAL_INFORMATIONAL,yes,,https://www.airfields-freeman.com/IL/Airfields_IL_N.htm
44FEC92C65,,IL,Plainfield Airport,,Plainfield,41.627,-88.16,,HISTORICAL_INFORMATIONAL,yes,,https://www.airfields-freeman.com/IL/Airfields_IL_Chicago_S.htm
F5BE3CF3B4,,IL,Polidori RLA Airfield / Victory Aircraft Airfield / Air Estates Airport (LL09),,Mundelein,42.282,-88.093,,HISTORICAL_INFORMATIONAL,yes,,https://www.airfields-freeman.com/IL/Airfields_IL_Chicago_N.htm
EE627FACF0,,IL,Prosperi Airport,,Tinley Park,41.547,-87.788,,HISTORICAL_INFORMATIONAL,yes,,https://www.airfields-freeman.com/IL/Airfields_IL_Chicago_S.htm
F0B7FCA938,,IL,Ravenswood Airport,,Rosemont,42.01,-87.93,,HISTORICAL_INFORMATIONAL,yes,,https://www.airfields-freeman.com/IL/Airfields_IL_Chicago_N.htm
C06D62AA7A,,IL,Rubinkam Airport,,Markham,41.589,-87.688,,HISTORICAL_INFORMATIONAL,yes,,https://www.airfields-freeman.com/IL/Airfields_IL_Chicago_S.htm
F1BC42AF9B,,IL,Sky Harbor Airport,,Northbrook,42.143,-87.856,,HISTORICAL_INFORMATIONAL,yes,,https://www.airfields-freeman.com/IL/Airfields_IL_Chicago_N.htm
FE748AF072,,IL,Sky Haven Airport,,Franklin Park,41.939,-87.906,,HISTORICAL_INFORMATIONAL,yes,,https://www.airfields-freeman.com/IL/Airfields_IL_Chicago_C.htm
BDEF05C13D,,IL,Sky-Line Airport / Mitchell Field,,Lombard,41.92,-88.04,,HISTORICAL_INFORMATIONAL,yes,,https://www.airfields-freeman.com/IL/Airfields_IL_Chicago_C.htm
91FAFA2324,,IL,Skycrest Country Club Airport,,Long Grove,42.19,-87.992,,HISTORICAL_INFORMATIONAL,yes,,https://www.airfields-freeman.com/IL/Airfields_IL_Chicago_NW.htm
36A19168EE,,IL,South Beloit Airport / Beloit Airways Airport,,South Beloit,42.476,-89.036,,HISTORICAL_INFORMATIONAL,yes,,https://www.airfields-freeman.com/IL/Airfields_IL_N.htm
882F236F7E,,IL,Springfield Commercial Airport / Springfield Municipal Airport / Southwest Airport,,Springfield,39.75,-89.69,,HISTORICAL_INFORMATIONAL,yes,,https://www.airfields-freeman.com/IL/Airfields_IL_SW.htm
369541A7DA,,IL,Starved Rock Airpark,,Utica,41.325,-89,,HISTORICAL_INFORMATIONAL,yes,,https://www.airfields-freeman.com/IL/Airfields_IL_N.htm
9DA5135F86,,IL,Stinson Airport,,La Grange,41.788,-87.852,,HISTORICAL_INFORMATIONAL,yes,,https://www.airfields-freeman.com/IL/Airfields_IL_Chicago_W.htm
8444E7EB3D,,IL,Sycamore Airport,,Sycamore,41.983,-88.662,,HISTORICAL_INFORMATIONAL,yes,,https://www.airfields-freeman.com/IL/Airfields_IL_N.htm
67216DA266,,IL,Wagon Wheel Airport (C80),,Rockton,42.44,-89.073,,HISTORICAL_INFORMATIONAL,yes,,https://www.airfields-freeman.com/IL/Airfields_IL_N.htm
D483F98628,,IL,WLS Airport,,Williamson,38.98,-89.75,,HISTORICAL_INFORMATIONAL,yes,,https://www.airfields-freeman.com/IL/Airfields_IL_SW.htm
2CD5738AE2,,IL,Woodale Naval Outlying Landing Field / Wood Dale Field / Moody Airport,,Wood Dale,41.98,-87.97,,HISTORICAL_INFORMATIONAL,yes,,https://www.airfields-freeman.com/IL/Airfields_IL_Chicago_NW.htm
D624DCDE11,,IN,Aretz Airport (3AR),,Lafayette,40.46,-86.837,,HISTORICAL_INFORMATIONAL,yes,,https://www.airfields-freeman.com/IN/Airfields_IN_N.htm
93B1210B24,,IN,Aurora Industrial Airfield,,Aurora,39.035,-84.965,,HISTORICAL_INFORMATIONAL,yes,,https://www.airfields-freeman.com/IN/Airfields_IN_S.htm
279E431E15,,IN,Brightwood Airport,,Indianapolis,39.801,-86.099,,HISTORICAL_INFORMATIONAL,yes,,https://www.airfields-freeman.com/IN/Airfields_IN_Indy_E.htm
9F60FCF810,,IN,Brownsburg Airport,,Brownsburg,39.825,-86.394,,HISTORICAL_INFORMATIONAL,yes,,https://www.airfields-freeman.com/IN/Airfields_IN_Indy_W.htm
24C7B486D4,,IN,Capital Airways Airport / Capitol Airways Airdrome / Aircraft Owners Airfield / Tarkington Airport,,Indianapolis,39.818,-86.231,,HISTORICAL_INFORMATIONAL,yes,,https://www.airfields-freeman.com/IN/Airfields_IN_Indy_W.htm
38D344DFB2,,IN,Clinton Airport (1I7),,Clinton,39.71,-87.4,,HISTORICAL_INFORMATIONAL,yes,,https://www.airfields-freeman.com/IN/Airfields_IN_Indy_W.htm
4C28D83B5B,,IN,Converse Airport (1I8),,Converse,40.57,-85.89,,HISTORICAL_INFORMATIONAL,yes,,https://www.airfields-freeman.com/IN/Airfields_IN_N.htm
116215F8C1,,IN,Culver Airport / Fleet Field,,Culver,41.22,-86.39,,HISTORICAL_INFORMATIONAL,yes,,https://www.airfields-freeman.com/IN/Airfields_IN_N.htm
60717D46C0,,IN,Dresser Field / Paul Cox Field,,Terre Haute,39.42,-87.41,,HISTORICAL_INFORMATIONAL,yes,,https://www.airfields-freeman.com/IN/Airfields_IN_S.htm
F53A97461C,,IN,East Side Airport,,Elkhart,41.685,-85.921,,HISTORICAL_INFORMATIONAL,yes,,https://www.airfields-freeman.com/IN/Airfields_IN_N.htm
B2BDC6D633,,IN,Eastport Airport,,Indianapolis,39.79,-86,,HISTORICAL_INFORMATIONAL,yes,,https://www.airfields-freeman.com/IN/Airfields_IN_Indy_E.htm
2813CA2724,,IN,Elwood Airport (3I1),,Elwood,40.25,-85.83,,HISTORICAL_INFORMATIONAL,yes,,https://www.airfields-freeman.com/IN/Airfields_IN_N.htm
30ED93D947,,IN,Frankfort Airport / Lockwood Field,,Frankfort,40.25,-86.51,,HISTORICAL_INFORMATIONAL,yes,,https://www.airfields-freeman.com/IN/Airfields_IN_N.htm
B7AAFEAC85,,IN,Freeman Field Auxiliary #1 / Walesboro Field / Columbus Airport (IFR),,Walesboro,39.142,-85.925,,HISTORICAL_INFORMATIONAL,yes,,https://www.airfields-freeman.com/IN/Airfields_IN_S.htm
2B72092513,,IN,Galveston Airport (5I6),,Galveston,40.586,-86.252,,HISTORICAL_INFORMATIONAL,yes,,https://www.airfields-freeman.com/IN/Airfields_IN_N.htm
B87228C392,,IN,Guy Means Airport,,Fort Wayne,41.125,-85.153,,HISTORICAL_INFORMATIONAL,yes,,https://www.airfields-freeman.com/IN/Airfields_IN_N.htm
B8D50D1D13,,IN,Halsmer Airport (3HM),,Lafayette,40.39,-86.8,,HISTORICAL_INFORMATIONAL,yes,,https://www.airfields-freeman.com/IN/Airfields_IN_N.htm
83844257C7,,IN,Hap's Airport,,Clarksville,38.34,-85.76,,HISTORICAL_INFORMATIONAL,yes,,https://www.airfields-freeman.com/IN/Airfields_IN_S.htm
D62191B4C4,,IN,Helmer Intermediate Field,,Helmer,41.558,-85.189,,HISTORICAL_INFORMATIONAL,yes,,https://www.airfields-freeman.com/IN/Airfields_IN_N.htm
A161CE8F87,,IN,Hillside Airpark,,Burnett,39.544,-87.323,,HISTORICAL_INFORMATIONAL,yes,,https://www.airfields-freeman.com/IN/Airfields_IN_S.htm
47B1ABC15E,,IN,Hoosier Airport,,Indianapolis,39.8,-86.215,,HISTORICAL_INFORMATIONAL,yes,,https://www.airfields-freeman.com/IN/Airfields_IN_Indy_W.htm
389BCC577F,,IN,Indianapolis Motor Speedway Aerodrome / Indianapolis Motor Speedway Aviation Repair Depot,,Indianapolis,39.8,-86.23,,HISTORICAL_INFORMATIONAL,yes,,https://www.airfields-freeman.com/IN/Airfields_IN_Indy_W.htm
5745214100,,IN,Kelly Airfield / Lowry Air-Field,,Mooresville,39.577,-86.378,,HISTORICAL_INFORMATIONAL,yes,,https://www.airfields-freeman.com/IN/Airfields_IN_Indy_W.htm
C88FE7318D,,IN,Madison Army Airfield / Madison Municipal Airport (MDN),,Madison,38.82,-85.43,,HISTORICAL_INFORMATIONAL,yes,,https://www.airfields-freeman.com/IN/Airfields_IN_S.htm
A7D354C2B6,,IN,Mapleton Airport,,Seymour,38.955,-85.837,,HISTORICAL_INFORMATIONAL,yes,,https://www.airfields-freeman.com/IN/Airfields_IN_S.htm
A4F8ED3A63,,IN,McCordsville Airpark / Brookside Airpark (I21),,Indianapolis,39.906,-85.923,,HISTORICAL_INFORMATIONAL,yes,,https://www.airfields-freeman.com/IN/Airfields_IN_Indy_E.htm
9D4A83C749,,IN,Michigan City Municipal Airport (C39),,Michigan City,41.67,-86.89,,HISTORICAL_INFORMATIONAL,yes,,https://www.airfields-freeman.com/IN/Airfields_IN_N.htm
3C1B4F739B,,IN,Midway Airport,,Dunlap,41.626,-85.911,,HISTORICAL_INFORMATIONAL,yes,,https://www.airfields-freeman.com/IN/Airfields_IN_N.htm
7062A10108,,IN,New Albany – Jeffersonville Airport / Bush Airport,,Clarksville,38.305,-85.758,,HISTORICAL_INFORMATIONAL,yes,,https://www.airfields-freeman.com/IN/Airfields_IN_S.htm
A772E8ACAF,,IN,Ropkey Field (IN63),,Indianapolis,39.899,-86.272,,HISTORICAL_INFORMATIONAL,yes,,https://www.airfields-freeman.com/IN/Airfields_IN_Indy_W.htm
2DEC23AB65,,IN,Schoen Field,,Indianapolis,39.852,-86.012,,HISTORICAL_INFORMATIONAL,yes,,https://www.airfields-freeman.com/IN/Airfields_IN_Indy_E.htm
4896AE3D56,,IN,Servia Airport,,Servia,40.961,-85.732,,HISTORICAL_INFORMATIONAL,yes,,https://www.airfields-freeman.com/IN/Airfields_IN_N.htm
B65C150751,,IN,Shank Airport,,Indianapolis,39.83,-86.25,,HISTORICAL_INFORMATIONAL,yes,,https://www.airfields-freeman.com/IN/Airfields_IN_Indy_W.htm
6A499C0447,,IN,Shenk Airport (3C2),,Laotto,41.306,-85.18,,HISTORICAL_INFORMATIONAL,yes,,https://www.airfields-freeman.com/IN/Airfields_IN_N.htm
BFCC2D6173,,IN,Sky Harbor Airport,,Indianapolis,39.805,-86.02,,HISTORICAL_INFORMATIONAL,yes,,https://www.airfields-freeman.com/IN/Airfields_IN_Indy_E.htm
2B29051C12,,IN,South Bend Airport (original) / Cadet Field,,South Bend,41.741,-86.168,,HISTORICAL_INFORMATIONAL,yes,,https://www.airfields-freeman.com/IN/Airfields_IN_N.htm
553C37849F,,IN,Speedway Airport (3SY),,Indianapolis,39.8,-86.36,,HISTORICAL_INFORMATIONAL,yes,,https://www.airfields-freeman.com/IN/Airfields_IN_Indy_W.htm
7F85559856,,IN,Stair Airport,,Mulberry,40.349,-86.661,,HISTORICAL_INFORMATIONAL,yes,,https://www.airfields-freeman.com/IN/Airfields_IN_N.htm
D6C686B24E,,IN,Stout Field / Stout Army Airfield,,Indianapolis,39.74,-86.23,,HISTORICAL_INFORMATIONAL,yes,,https://www.airfields-freeman.com/IN/Airfields_IN_Indy_W.htm
53261FDAB5,,KS,(Original) Coffeyville Municipal Airport,,Coffeyville,37.06,-95.64,,HISTORICAL_INFORMATIONAL,yes,,https://www.airfields-freeman.com/KS/Airfields_KS_E.htm
B9710502CE,,KS,(Original) Garden City Municipal Airport,,Garden City,37.97,-100.82,,HISTORICAL_INFORMATIONAL,yes,,https://www.airfields-freeman.com/KS/Airfields_KS_W.htm
A740EEBDA9,,KS,(Original) Salina Airport,,Salina,38.82,-97.57,,HISTORICAL_INFORMATIONAL,yes,,https://www.airfields-freeman.com/KS/Airfields_KS_Wichita.htm
F92B390875,,KS,Allen Airpark / Allen Landing Field (TPB),,Topeka,39.025,-95.758,,HISTORICAL_INFORMATIONAL,yes,,https://www.airfields-freeman.com/KS/Airfields_KS_C.htm
A8499DEEC9,,KS,Arkansas City Airport / Haines Landing Field,,Arkansas City,37.0118,-97.035,,HISTORICAL_INFORMATIONAL,yes,,https://www.airfields-freeman.com/KS/Airfields_KS_C.htm
7D8E77129D,,KS,Barney Scherr Airport,,Collyer,39.034,-100.084,,HISTORICAL_INFORMATIONAL,yes,,https://www.airfields-freeman.com/KS/Airfields_KS_W.htm
35D9176E26,,KS,Buckley Aircraft Airfield / Rawdon Field / Copeland Field / Beech North Airport (K31),,Wichita,37.7,-97.21,,HISTORICAL_INFORMATIONAL,yes,,https://www.airfields-freeman.com/KS/Airfields_KS_Wichita.htm
54870A2B26,,KS,Clothier Landing Field,,Cedar Point,38.203,-96.838,,HISTORICAL_INFORMATIONAL,yes,,https://www.airfields-freeman.com/KS/Airfields_KS_Wichita.htm
F180823FCC,,KS,Conard Field / Intermediate Field Site 42B,,Ottawa,38.664,-95.243,,HISTORICAL_INFORMATIONAL,yes,,https://www.airfields-freeman.com/KS/Airfields_KS_E.htm
E1016753FC,,KS,Culver Airport,,Wichita,37.742,-97.331,,HISTORICAL_INFORMATIONAL,yes,,https://www.airfields-freeman.com/KS/Airfields_KS_Wichita.htm
04E808062A,,KS,Dempsay Farm Airport,,Rantoul,38.542,-95.104,,HISTORICAL_INFORMATIONAL,yes,,https://www.airfields-freeman.com/KS/Airfields_KS_E.htm
152FB21940,,KS,Dodge City Army Airfield / Ford County Airport,,Dodge City,37.798,-100.117,,HISTORICAL_INFORMATIONAL,yes,,https://www.airfields-freeman.com/KS/Airfields_KS_W.htm
AB4285F3AE,,KS,Garden City Aux Army Airfield #1 / Ingalls Municipal Airport (30K),,Ingalls,37.91,-100.53,,HISTORICAL_INFORMATIONAL,yes,,https://www.airfields-freeman.com/KS/Airfields_KS_W.htm
F27A315B07,,KS,Garden City Aux Army Airfield #2,,Garden City,38,-100.63,,HISTORICAL_INFORMATIONAL,yes,,https://www.airfields-freeman.com/KS/Airfields_KS_W.htm
DA4C588CE4,,KS,Garden City Aux Army Airfield #3,,Garden City,38,-100.77,,HISTORICAL_INFORMATIONAL,yes,,https://www.airfields-freeman.com/KS/Airfields_KS_W.htm
E00BCF341E,,KS,Gilmore Airport (57K),,Pleasanton,38.13,-94.75,,HISTORICAL_INFORMATIONAL,yes,,https://www.airfields-freeman.com/KS/Airfields_KS_E.htm
94045F0D12,,KS,Glenwood Airport,,Overland Park,38.954,-94.674,,HISTORICAL_INFORMATIONAL,yes,,https://www.airfields-freeman.com/KS/Airfields_KS_E.htm
378DDE6E24,,KS,Great Bend Airport (1st location & 3rd location),,Great Bend,38.39,-98.76,,HISTORICAL_INFORMATIONAL,yes,,https://www.airfields-freeman.com/KS/Airfields_KS_C.htm
BD02CEF267,,KS,Great Bend Airport (2nd location),,Great Bend,38.36,-98.89,,HISTORICAL_INFORMATIONAL,yes,,https://www.airfields-freeman.com/KS/Airfields_KS_C.htm
C77701607F,,KS,Greensburg Airport / Paul Windle Municipal Airport (8K7),,Greensburg,37.606,-99.275,,HISTORICAL_INFORMATIONAL,yes,,https://www.airfields-freeman.com/KS/Airfields_KS_W.htm
F0B39B2CD6,,KS,Hamilton Airport (1K3),,Derby,37.561,-97.234,,HISTORICAL_INFORMATIONAL,yes,,https://www.airfields-freeman.com/KS/Airfields_KS_Wichita.htm
F485E9596F,,KS,Huntoon Airport,,Topeka,39.042,-95.778,,HISTORICAL_INFORMATIONAL,yes,,https://www.airfields-freeman.com/KS/Airfields_KS_C.htm
AA052873E7,,KS,Hutton Airport,,Brewster,39.358,-101.365,,HISTORICAL_INFORMATIONAL,yes,,https://www.airfields-freeman.com/KS/Airfields_KS_W.htm
4A38CCDB09,,KS,Independence Auxiliary Army Airfield #3 / Edna Municipal Airport,,Edna,37.13,-95.35,,HISTORICAL_INFORMATIONAL,yes,,https://www.airfields-freeman.com/KS/Airfields_KS_E.htm
45F4BB9F5C,,KS,Kansas City Suburban Airport / Bonner Springs Airport (4K2),,Shawnee,39.037,-94.85,,HISTORICAL_INFORMATIONAL,yes,,https://www.airfields-freeman.com/KS/Airfields_KS_E.htm
C3F3A9DCFE,,KS,Mooney Airfield,,Wichita,37.66,-97.25,,HISTORICAL_INFORMATIONAL,yes,,https://www.airfields-freeman.com/KS/Airfields_KS_Wichita.htm
4062FCAE7C,,KS,Newton Airport (1st location),,Newton,38.067,-97.352,,HISTORICAL_INFORMATIONAL,yes,,https://www.airfields-freeman.com/KS/Airfields_KS_C.htm
E2AE2C4288,,KS,Pottawatomie Airport,,Manhattan,39.186,-96.554,,HISTORICAL_INFORMATIONAL,yes,,https://www.airfields-freeman.com/KS/Airfields_KS_C.htm
9BA963AA44,,KS,Riverside Airport (K32),,Wichita,37.75,-97.406,,HISTORICAL_INFORMATIONAL,yes,,https://www.airfields-freeman.com/KS/Airfields_KS_Wichita.htm
A0C5251D1E,,KS,State Line Airpark (3KC),,Leawood,38.89,-94.609,,HISTORICAL_INFORMATIONAL,yes,,https://www.airfields-freeman.com/KS/Airfields_KS_E.htm
A347FA83E4,,KS,Sterling Airport,,Sterling,38.32,-98.22,,HISTORICAL_INFORMATIONAL,yes,,https://www.airfields-freeman.com/KS/Airfields_KS_C.htm
5EFAEAA888,,KS,Swallow Field / United Aircraft Airfield / University Airport,,Wichita,37.728,-97.3,,HISTORICAL_INFORMATIONAL,yes,,https://www.airfields-freeman.com/KS/Airfields_KS_Wichita.htm
C6361DA8E2,,KS,Sweeney Airport / Fairfax Airport / Fairfax Army Airfield (KCK),,Kansas City,39.15,-94.6,,HISTORICAL_INFORMATIONAL,yes,,https://www.airfields-freeman.com/KS/Airfields_KS_E.htm
45972CF976,,KS,Topeka Airport (original location),,Topeka,39.102,-95.659,,HISTORICAL_INFORMATIONAL,yes,,https://www.airfields-freeman.com/KS/Airfields_KS_C.htm
9647742595,,KS,Wilroads Gardens Airport (9K1),,Dodge City,37.721,-99.924,,HISTORICAL_INFORMATIONAL,yes,,https://www.airfields-freeman.com/KS/Airfields_KS_W.htm
1DC048BC1D,,KS,Wilson Field / Country Club Airport / Ken-Mar Airport (original location),,Wichita,37.71,-97.283,,HISTORICAL_INFORMATIONAL,yes,,https://www.airfields-freeman.com/KS/Airfields_KS_Wichita.htm
6A79184E20,,KS,Winfield – Arkansas City #5 / Strother #2,,Arkansas City,37.05,-97.16,,HISTORICAL_INFORMATIONAL,yes,,https://www.airfields-freeman.com/KS/Airfields_KS_C.htm
F04E98642E,,KY,(Original) Marshall Field,,Georgetown,38.19,-84.57,,HISTORICAL_INFORMATIONAL,yes,,https://www.airfields-freeman.com/KY/Airfields_KY_C.htm
6FC5BB08BC,,KY,Berea-Richmond Airport / Lackey Airport,,Berea,37.646,-84.284,,HISTORICAL_INFORMATIONAL,yes,,https://www.airfields-freeman.com/KY/Airfields_KY_C.htm
969F03096F,,KY,Burgess Field / Ashland Airport,,Ashland,38.471,-82.618,,HISTORICAL_INFORMATIONAL,yes,,https://www.airfields-freeman.com/KY/Airfields_KY_E.htm
4CF8DB4BB6,,KY,Butler State Park Airfield,,Carrollton,38.663,-85.136,,HISTORICAL_INFORMATIONAL,yes,,https://www.airfields-freeman.com/KY/Airfields_KY_E.htm
03EC93F559,,KY,Calla Airfield,,Irvine,37.72,-84,,HISTORICAL_INFORMATIONAL,yes,,https://www.airfields-freeman.com/KY/Airfields_KY_E.htm
4678CB48D9,,KY,Camp Breckenridge Army Airfield / Morganfield Airport,,Morganfield,37.69,-87.84,,HISTORICAL_INFORMATIONAL,yes,,https://www.airfields-freeman.com/KY/Airfields_KY_W.htm
6146B5DE01,,KY,Codell Airport / Hazard Airport,,Hazard,37.28,-83.21,,HISTORICAL_INFORMATIONAL,yes,,https://www.airfields-freeman.com/KY/Airfields_KY_E.htm
A6AFCABF55,,KY,Codell Field / Histle Field,,Winchester,38.02,-84.22,,HISTORICAL_INFORMATIONAL,yes,,https://www.airfields-freeman.com/KY/Airfields_KY_C.htm
D27F71A8BB,,KY,Farrington Airpark (KY29),,Paducah,36.968,-88.565,,HISTORICAL_INFORMATIONAL,yes,,https://www.airfields-freeman.com/KY/Airfields_KY_W.htm
95BD6EDF12,,KY,Halley Field / (Original) Lexington Airport,,Lexington,38.071,-84.525,,HISTORICAL_INFORMATIONAL,yes,,https://www.airfields-freeman.com/KY/Airfields_KY_C.htm
6310BBCB0A,,KY,Hardin County Airport / Elizabethtown Airport / Ben Floyd Field (O19),,Elizabethtown,37.75,-85.89,,HISTORICAL_INFORMATIONAL,yes,,https://www.airfields-freeman.com/KY/Airfields_KY_W.htm
E1E9DCB13D,,KY,Lexington Airport (2nd location) / Glengarry Field / Cool Meadow Airport,,Lexington,38.11,-84.476,,HISTORICAL_INFORMATIONAL,yes,,https://www.airfields-freeman.com/KY/Airfields_KY_C.htm
D4AADAE898,,KY,Morehead Rowan County Airport,,Farmers,38.13,-83.54,,HISTORICAL_INFORMATIONAL,yes,,https://www.airfields-freeman.com/KY/Airfields_KY_E.htm
FED04EC083,,KY,Mt. Washington Airport,,Mt. Washington,38.052,-85.54,,HISTORICAL_INFORMATIONAL,yes,,https://www.airfields-freeman.com/KY/Airfields_KY_C.htm
8DF1B8A153,,KY,New Fangled Flying Machine Incorporated Airport,,Hopkinsville,36.894,-87.425,,HISTORICAL_INFORMATIONAL,yes,,https://www.airfields-freeman.com/KY/Airfields_KY_W.htm
05CFBC695D,,KY,Olive Hill Airport / Sellers Field (2I2),,Olive Hill,38.25,-83.14,,HISTORICAL_INFORMATIONAL,yes,,https://www.airfields-freeman.com/KY/Airfields_KY_E.htm
B04965FBD1,,KY,Original Hancock County Airport (X6M5),,Petri,37.94,-86.79,,HISTORICAL_INFORMATIONAL,yes,,https://www.airfields-freeman.com/KY/Airfields_KY_W.htm
9214671CC7,,KY,Paducah Airport / Howell Field,,Paducah,37.09,-86.67,,HISTORICAL_INFORMATIONAL,yes,,https://www.airfields-freeman.com/KY/Airfields_KY_W.htm
79A55FF97A,,KY,Port Richmond Airfield,,Richmond,37.747,-84.211,,HISTORICAL_INFORMATIONAL,yes,,https://www.airfields-freeman.com/KY/Airfields_KY_C.htm
AE46D1AB20,,KY,Russell Springs Airport / Original Russell County Airport,,Russell Springs,37.022,-85.089,,HISTORICAL_INFORMATIONAL,yes,,https://www.airfields-freeman.com/KY/Airfields_KY_W.htm
9A9CFD7B2A,,KY,Smiths Grove Intermediate Field,,Smiths Grove,37.068,-86.191,,HISTORICAL_INFORMATIONAL,yes,,https://www.airfields-freeman.com/KY/Airfields_KY_C.htm
0A090AF08C,,KY,"Spring Creek Airport / Dale Hollow Regional Airport / Petro Field (44I, 5KY7)",,Dale Hollow,36.639,-85.164,,HISTORICAL_INFORMATIONAL,yes,,https://www.airfields-freeman.com/KY/Airfields_KY_C.htm
1552860C07,,KY,Thorn Hill Airfield,,Kenton,38.86,-84.45,,HISTORICAL_INFORMATIONAL,yes,,https://www.airfields-freeman.com/KY/Airfields_KY_C.htm
D9C2FD5062,,KY,Warsaw Airport,,Warsaw,38.778,-84.911,,HISTORICAL_INFORMATIONAL,yes,,https://www.airfields-freeman.com/KY/Airfields_KY_C.htm
A37E83184D,,KY,West Point Airport,,West Point,38.005,-85.932,,HISTORICAL_INFORMATIONAL,yes,,https://www.airfields-freeman.com/KY/Airfields_KY_W.htm
6B181507AC,,KY,Whitesburg Municipal Airport,,Whitesburg,37.23,-82.87,,HISTORICAL_INFORMATIONAL,yes,,https://www.airfields-freeman.com/KY/Airfields_KY_E.htm
588C7770C1,,KY,Williamsburg Cumberland Falls Airport (4I1),,Williamsburg,36.83,-84.19,,HISTORICAL_INFORMATIONAL,yes,,https://www.airfields-freeman.com/KY/Airfields_KY_C.htm
C4D7938EA2,,LA,(Original) Shreveport Airport,,Shreveport,32.47,-93.83,,HISTORICAL_INFORMATIONAL,yes,,https://www.airfields-freeman.com/LA/Airfields_LA_N.htm
6068C78D32,,LA,Alvin Callender Naval Outlying Landing Field,,Belle Chasse,29.85,-90,,HISTORICAL_INFORMATIONAL,yes,,https://www.airfields-freeman.com/LA/Airfields_LA_NewOrleans_E.htm
8046491B02,,LA,Babin Landing Strip,,Gonzales,30.279,-90.962,,HISTORICAL_INFORMATIONAL,yes,,https://www.airfields-freeman.com/LA/Airfields_LA_BatonRouge.htm
A79DE39DB6,,LA,Baton Rouge Municipal Airport / Downtown Airport (EBR),,Baton Rouge,30.45,-91.11,,HISTORICAL_INFORMATIONAL,yes,,https://www.airfields-freeman.com/LA/Airfields_LA_BatonRouge.htm
185792A9F4,,LA,Gerstner Field,,Lake Charles,30.116,-93.079,,HISTORICAL_INFORMATIONAL,yes,,https://www.airfields-freeman.com/LA/Airfields_LA_SW.htm
8A46731BA7,,LA,Hodges Airfield,,Hornbeck,31.38,-93.39,,HISTORICAL_INFORMATIONAL,yes,,https://www.airfields-freeman.com/LA/Airfields_LA_N.htm
C3B104C15D,,LA,Iberia Parish Airport,,New Iberia,30.051,-91.882,,HISTORICAL_INFORMATIONAL,yes,,https://www.airfields-freeman.com/LA/Airfields_LA_BatonRouge.htm
8F4DACB3F5,,LA,Lake Charles Airport / Louisiana Flyers Airport / East Lake Charles Airport (4R5),,Lake Charles,30.22,-93.14,,HISTORICAL_INFORMATIONAL,yes,,https://www.airfields-freeman.com/LA/Airfields_LA_SW.htm
2A05ABF6FE,,LA,Lucien Airport (F33),,Shreveport,32.39,-93.74,,HISTORICAL_INFORMATIONAL,yes,,https://www.airfields-freeman.com/LA/Airfields_LA_N.htm
03586DD33C,,LA,McArthur Drive Airport / Hub City Airport,,Alexandria,31.293,-92.48,,HISTORICAL_INFORMATIONAL,yes,,https://www.airfields-freeman.com/LA/Airfields_LA_SW.htm
A559121C06,,LA,McFillen Airpark,,Lake Charles,30.138,-93.185,,HISTORICAL_INFORMATIONAL,yes,,https://www.airfields-freeman.com/LA/Airfields_LA_SW.htm
D1E2FBED96,,LA,Menefee Airport / Navy Outlying Field 12509 / Meraux-Neunez Airpark,,Chalmette,29.95,-89.989,,HISTORICAL_INFORMATIONAL,yes,,https://www.airfields-freeman.com/LA/Airfields_LA_NewOrleans_E.htm
85928E50C8,,LA,Micheaud Factory Airfield,,New Orleans,30.03,-89.92,,HISTORICAL_INFORMATIONAL,yes,,https://www.airfields-freeman.com/LA/Airfields_LA_NewOrleans_E.htm
5891B47C9F,,LA,Olla Airport (L46),,Olla,31.896,-92.218,,HISTORICAL_INFORMATIONAL,yes,,https://www.airfields-freeman.com/LA/Airfields_LA_N.htm
94835FF485,,LA,Omega Protein Cameron Airfield,,Cameron,29.786,-93.349,,HISTORICAL_INFORMATIONAL,yes,,https://www.airfields-freeman.com/LA/Airfields_LA_SW.htm
A505E1948A,,LA,Original New Orleans Naval Air Station,,New Orleans,30.03,-90.07,,HISTORICAL_INFORMATIONAL,yes,,https://www.airfields-freeman.com/LA/Airfields_LA_NewOrleans_E.htm
E3C0B7E796,,LA,Ruston Municipal Airport (RSN),,Ruston,32.51,-92.63,,HISTORICAL_INFORMATIONAL,yes,,https://www.airfields-freeman.com/LA/Airfields_LA_N.htm
D51444D63C,,LA,Stovall Airport / Shreveport Airpark,,Shreveport,32.45,-93.78,,HISTORICAL_INFORMATIONAL,yes,,https://www.airfields-freeman.com/LA/Airfields_LA_N.htm
FCF2B259B5,,LA,Texaco Airport / Riverside Airport,,Shreveport,32.48,-93.7,,HISTORICAL_INFORMATIONAL,yes,,https://www.airfields-freeman.com/LA/Airfields_LA_N.htm
86AB884D18,,LA,Wedell-Williams Airport / New Orleans Airport / Naval Outlying Landing Field 22508,,New Orleans,29.951,-90.186,,HISTORICAL_INFORMATIONAL,yes,,https://www.airfields-freeman.com/LA/Airfields_LA_NewOrleans_W.htm
2CC3CDE8AA,,LA,Westwego Airport & Seaplane Base,,Westwego,29.884,-90.138,,HISTORICAL_INFORMATIONAL,yes,,https://www.airfields-freeman.com/LA/Airfields_LA_NewOrleans_W.htm
93DA08AFEF,,MA,(Original) Providence Airport,,Seekonk,41.78,-71.3,,HISTORICAL_INFORMATIONAL,yes,,https://www.airfields-freeman.com/MA/Airfields_MA_SE.htm
365C082B4F,,MA,Acushnet Airport,,Acushnet,41.68,-70.894,,HISTORICAL_INFORMATIONAL,yes,,https://www.airfields-freeman.com/MA/Airfields_MA_SE.htm
C06D8BBD5E,,MA,Atwood Airport,,Northampton,42.305,-72.623,,HISTORICAL_INFORMATIONAL,yes,,https://www.airfields-freeman.com/MA/Airfields_MA_W.htm
6EE7E8BB7D,,MA,Bayside Airport,,Hingham,42.25,-70.92,,HISTORICAL_INFORMATIONAL,yes,,https://www.airfields-freeman.com/MA/Airfields_MA_Boston_SE.htm
96A78FB12F,,MA,Boston City Heliport (1MA3),,Boston,42.347,-71.044,,HISTORICAL_INFORMATIONAL,yes,,https://www.airfields-freeman.com/MA/Airfields_MA_Boston_SE.htm
EB294AAB2E,,MA,Boston Metropolitan Airport,,Canton,42.17,-71.16,,HISTORICAL_INFORMATIONAL,yes,,https://www.airfields-freeman.com/MA/Airfields_MA_Boston_SW.htm
4764BA7FE9,,MA,Boston Nashua Street Department of Public Works Heliport / Bank-Whitmore Heliport (MA89),,Boston,42.368,-71.067,,HISTORICAL_INFORMATIONAL,yes,,https://www.airfields-freeman.com/MA/Airfields_MA_Boston_N.htm
F1C08579D7,,MA,Bowles Agawam Airport (7B0),,Agawam,42.05,-72.65,,HISTORICAL_INFORMATIONAL,yes,,https://www.airfields-freeman.com/MA/Airfields_MA_W.htm
27649A5611,,MA,Braintree Airport,,Braintree,42.205,-71.04,,HISTORICAL_INFORMATIONAL,yes,,https://www.airfields-freeman.com/MA/Airfields_MA_Boston_SE.htm
2D05727439,,MA,Brigg's Field / Eastham Airport / Nauset Airport,,Eastham,41.851,-69.992,,HISTORICAL_INFORMATIONAL,yes,,https://www.airfields-freeman.com/MA/Airfields_MA_SE.htm
CFCE503AE9,,MA,Brockton Airport,,Brockton,42.045,-71.016,,HISTORICAL_INFORMATIONAL,yes,,https://www.airfields-freeman.com/MA/Airfields_MA_Boston_SE.htm
FC7934DD99,,MA,Cashen's Airfield / Bascom Field / East Harwich Airport,,East Harwich,41.712,-70.014,,HISTORICAL_INFORMATIONAL,yes,,https://www.airfields-freeman.com/MA/Airfields_MA_SE.htm
5DF8450FFE,,MA,Chatham Naval Air Station,,Chatham,41.72,-69.96,,HISTORICAL_INFORMATIONAL,yes,,https://www.airfields-freeman.com/MA/Airfields_MA_SE.htm
BE8D68FF29,,MA,Clark Airport,,Hanover,42.104,-70.866,,HISTORICAL_INFORMATIONAL,yes,,https://www.airfields-freeman.com/MA/Airfields_MA_Boston_SE.htm
2A351BB034,,MA,Clifton Field,,Eastham,41.88,-69.97,,HISTORICAL_INFORMATIONAL,yes,,https://www.airfields-freeman.com/MA/Airfields_MA_SE.htm
CFC220E107,,MA,Clinton Airport / Balboni Airport / Bolton Airport,,Bolton,42.436,-71.651,,HISTORICAL_INFORMATIONAL,yes,,https://www.airfields-freeman.com/MA/Airfields_MA_C.htm
A598FAE437,,MA,Dennison Airport,,Quincy,42.295,-71.033,,HISTORICAL_INFORMATIONAL,yes,,https://www.airfields-freeman.com/MA/Airfields_MA_Boston_SE.htm
FA4ED0FEB0,,MA,Digital Equipment Corporation Heliport (MA91),,Maynard,42.417,-71.45,,HISTORICAL_INFORMATIONAL,yes,,https://www.airfields-freeman.com/MA/Airfields_MA_NE.htm
491608AED4,,MA,Dudley Intermediate Field,,Dudley,42.047,-71.919,,HISTORICAL_INFORMATIONAL,yes,,https://www.airfields-freeman.com/MA/Airfields_MA_C.htm
81072E5FBE,,MA,Fall River Municipal Airport (FLR),,Fall River,41.754,-71.112,,HISTORICAL_INFORMATIONAL,yes,,https://www.airfields-freeman.com/MA/Airfields_MA_SE.htm
EF9086306B,,MA,Falmouth Airport / Coonamessett Airport,,Hatchville,41.64,-70.56,,HISTORICAL_INFORMATIONAL,yes,,https://www.airfields-freeman.com/MA/Airfields_MA_SE.htm
F330DA0BF2,,MA,Fisher Field,,Middleborough,41.874,-70.843,,HISTORICAL_INFORMATIONAL,yes,,https://www.airfields-freeman.com/MA/Airfields_MA_SE.htm
FABCD09FF1,,MA,Fort Devens AAF / Ayer NAAS / Moore AAF,,Leominster,42.574,-71.606,,HISTORICAL_INFORMATIONAL,yes,,https://www.airfields-freeman.com/MA/Airfields_MA_C.htm
3C8DC2F449,,MA,"Franklin-Norfolk Airport / Norfolk Airport / Heenan-Menfi Memorial Airport (MA07, 32M)",,Norfolk,42.13,-71.373,,HISTORICAL_INFORMATIONAL,yes,,https://www.airfields-freeman.com/MA/Airfields_MA_C.htm
2C5C6EE2F1,,MA,Gould Farm Airport / Framingham Airport (2nd location),,Framingham,42.26,-71.41,,HISTORICAL_INFORMATIONAL,yes,,https://www.airfields-freeman.com/MA/Airfields_MA_Boston_SW.htm
EA8B600C1C,,MA,Groton Airport,,Groton,42.642,-71.654,,HISTORICAL_INFORMATIONAL,yes,,https://www.airfields-freeman.com/MA/Airfields_MA_NE.htm
5A4C4C7F7D,,MA,Harvard Aviation Field / Squantum Naval Air Station,,Quincy,42.295,-71.032,,HISTORICAL_INFORMATIONAL,yes,,https://www.airfields-freeman.com/MA/Airfields_MA_Boston_SE.htm
1310369292,,MA,Hatfield-Pilgrim Airport (MA03),,Hatfield,42.421,-72.594,,HISTORICAL_INFORMATIONAL,yes,,https://www.airfields-freeman.com/MA/Airfields_MA_W.htm
7527B97A3C,,MA,Haverhill Dutton Airport (8B6),,Haverhill,42.8,-71.06,,HISTORICAL_INFORMATIONAL,yes,,https://www.airfields-freeman.com/MA/Airfields_MA_NE.htm
F1883BCF90,,MA,Haverhill Riverside Airport & Seaplane Base (MA04),,Haverhill,42.77,-71.03,,HISTORICAL_INFORMATIONAL,yes,,https://www.airfields-freeman.com/MA/Airfields_MA_NE.htm
39EE088DCD,,MA,Hiller Airport / Barre Airport / Barre-Hiller Airport / Tanner-Hiller Airport (8B5),,Barre,42.356,-72.13,,HISTORICAL_INFORMATIONAL,yes,,https://www.airfields-freeman.com/MA/Airfields_MA_C.htm
E0A8359820,,MA,Kallander Field (09MA),,Southborough,42.305,-71.506,,HISTORICAL_INFORMATIONAL,yes,,https://www.airfields-freeman.com/MA/Airfields_MA_Boston_SW.htm
E56BE5BFA5,,MA,Leicester Airport,,Leicester,42.275,-71.912,,HISTORICAL_INFORMATIONAL,yes,,https://www.airfields-freeman.com/MA/Airfields_MA_C.htm
57F25DAF18,,MA,Lowell Airport,,Tewsbury,42.611,-71.29,,HISTORICAL_INFORMATIONAL,yes,,https://www.airfields-freeman.com/MA/Airfields_MA_NE.htm
C76654E6D5,,MA,Manter Field,,Newbury,42.748,-70.926,,HISTORICAL_INFORMATIONAL,yes,,https://www.airfields-freeman.com/MA/Airfields_MA_NE.htm
E45B6E2220,,MA,Marlboro Airport (9B1),,Marlborough,42.343,-71.509,,HISTORICAL_INFORMATIONAL,yes,,https://www.airfields-freeman.com/MA/Airfields_MA_C.htm
254FC523F5,,MA,Mendon Airport,,Mendon,42.1,-71.56,,HISTORICAL_INFORMATIONAL,yes,,https://www.airfields-freeman.com/MA/Airfields_MA_C.htm
569529D87C,,MA,Muller Field / Riverside Airport / Revere Airport,,Revere,42.43,-71.02,,HISTORICAL_INFORMATIONAL,yes,,https://www.airfields-freeman.com/MA/Airfields_MA_Boston_N.htm
F49BC04FDD,,MA,New Bedford Fairhaven Airport,,Fairhaven,41.647,-70.879,,HISTORICAL_INFORMATIONAL,yes,,https://www.airfields-freeman.com/MA/Airfields_MA_SE.htm
D8C9C35998,,MA,No Man's Land Navy Airfield,,No Man's Land Island,41.25,-70.82,,HISTORICAL_INFORMATIONAL,yes,,https://www.airfields-freeman.com/MA/Airfields_MA_SE.htm
B480A4C801,,MA,North Middleboro Airpark / Middleboro Airport (9B0),,North Middleboro,41.925,-70.976,,HISTORICAL_INFORMATIONAL,yes,,https://www.airfields-freeman.com/MA/Airfields_MA_SE.htm
EFB2313C88,,MA,North Truro Air Force Station Heliport,,North Truro,42.03,-70.051,,HISTORICAL_INFORMATIONAL,yes,,https://www.airfields-freeman.com/MA/Airfields_MA_SE.htm
ED7218D0F0,,MA,Orleans Airport / Skymeadow Airport,,Orleans,41.79,-70.01,,HISTORICAL_INFORMATIONAL,yes,,https://www.airfields-freeman.com/MA/Airfields_MA_SE.htm
D676222AED,,MA,Oxford Airport (43M),,Oxford,42.152,-71.837,,HISTORICAL_INFORMATIONAL,yes,,https://www.airfields-freeman.com/MA/Airfields_MA_C.htm
AB00F2923A,,MA,Pine Hill Airport,,Lancaster,42.47,-71.65,,HISTORICAL_INFORMATIONAL,yes,,https://www.airfields-freeman.com/MA/Airfields_MA_C.htm
7D43EDF534,,MA,Pleasant View Airport,,Newburyport,42.803,-70.887,,HISTORICAL_INFORMATIONAL,yes,,https://www.airfields-freeman.com/MA/Airfields_MA_NE.htm
B0ACAE14E8,,MA,Robbins Airport,,Danvers,42.56,-70.96,,HISTORICAL_INFORMATIONAL,yes,,https://www.airfields-freeman.com/MA/Airfields_MA_Boston_N.htm
68311E0BA9,,MA,Rochester-Marion Airport,,Rochester,41.731,-70.827,,HISTORICAL_INFORMATIONAL,yes,,https://www.airfields-freeman.com/MA/Airfields_MA_SE.htm
F75887EA8D,,MA,Round Hill Airport,,Round Hill,41.542,-70.94,,HISTORICAL_INFORMATIONAL,yes,,https://www.airfields-freeman.com/MA/Airfields_MA_SE.htm
25AD837B05,,MA,Salem Coast Guard Air Station,,Salem,42.527,-70.869,,HISTORICAL_INFORMATIONAL,yes,,https://www.airfields-freeman.com/MA/Airfields_MA_Boston_N.htm
3170622EB3,,MA,Saugus Field / Atwood Park,,Saugus,42.44,-71.006,,HISTORICAL_INFORMATIONAL,yes,,https://www.airfields-freeman.com/MA/Airfields_MA_Boston_N.htm
2405C1ABB7,,MA,Shawsheen Pines Airport / Billerica-Wilmington Airport,,Billerica,42.55,-71.21,,HISTORICAL_INFORMATIONAL,yes,,https://www.airfields-freeman.com/MA/Airfields_MA_Boston_N.htm
6BD8915153,,MA,"Shirley Airport (9B4, 61MA)",,Shirley,42.527,-71.666,,HISTORICAL_INFORMATIONAL,yes,,https://www.airfields-freeman.com/MA/Airfields_MA_C.htm
2BC37D5A55,,MA,South Weymouth NAS / Shea Field,,South Weymouth,42.15,-70.94,,HISTORICAL_INFORMATIONAL,yes,,https://www.airfields-freeman.com/MA/Airfields_MA_Boston_SE.htm
1637A01DCB,,MA,Springfield Airport,,Springfield,42.14,-72.58,,HISTORICAL_INFORMATIONAL,yes,,https://www.airfields-freeman.com/MA/Airfields_MA_W.htm
420002B243,,MA,State Muster Field / Framingham Airport (1st location),,Framingham,42.296,-71.412,,HISTORICAL_INFORMATIONAL,yes,,https://www.airfields-freeman.com/MA/Airfields_MA_Boston_SW.htm
4BBE1FC5DF,,MA,Ten Pound Island Coast Guard Air Station,,Ten Pound Island,42.6,-70.66,,HISTORICAL_INFORMATIONAL,yes,,https://www.airfields-freeman.com/MA/Airfields_MA_NE.htm
3EC4F5BE4B,,MA,Tew-Mac Airport (B09),,Tewksbury,42.595,-71.206,,HISTORICAL_INFORMATIONAL,yes,,https://www.airfields-freeman.com/MA/Airfields_MA_Boston_N.htm
577E1CE113,,MA,Turnpike Airport / Westboro Airport (3B6),,Westboro,42.275,-71.65,,HISTORICAL_INFORMATIONAL,yes,,https://www.airfields-freeman.com/MA/Airfields_MA_C.htm
6DFA45A2D2,,MA,Valley Airport / Palmer Metropolitan Airport (PMX / 13MA),,Palmer,42.224,-72.312,,HISTORICAL_INFORMATIONAL,yes,,https://www.airfields-freeman.com/MA/Airfields_MA_W.htm
2E8C11877C,,MA,Whittal Field / Grafton Airport,,North Grafton,42.225,-71.715,,HISTORICAL_INFORMATIONAL,yes,,https://www.airfields-freeman.com/MA/Airfields_MA_C.htm
4207F8200B,,MA,Wilkins Airport,,North Attleboro,42.007,-71.304,,HISTORICAL_INFORMATIONAL,yes,,https://www.airfields-freeman.com/MA/Airfields_MA_SE.htm
EC29D8C4D0,,MA,Windle Airport / Millbury Airport,,West Millbury,42.172,-71.817,,HISTORICAL_INFORMATIONAL,yes,,https://www.airfields-freeman.com/MA/Airfields_MA_C.htm
58700A397C,,MD,(Original) Fort Meade Auxiliary Army Airfield,,Fort Meade,39.11,-76.74,,HISTORICAL_INFORMATIONAL,yes,,https://www.airfields-freeman.com/MD/Airfields_MD_AnneArundelCo.htm
3671B3BF1B,,MD,Aberdeen Airpark,,Aberdeen,39.5,-76.18,,HISTORICAL_INFORMATIONAL,yes,,https://www.airfields-freeman.com/MD/Airfields_MD_NE.htm
AC655ED791,,MD,Aberdeen Proving Grounds Airfield / Original Phillips Army Airfield,,Aberdeen,39.463,-76.102,,HISTORICAL_INFORMATIONAL,yes,,https://www.airfields-freeman.com/MD/Airfields_MD_NE.htm
5B8AB75CC7,,MD,Annapolis Airport,,Annapolis,38.949,-76.487,,HISTORICAL_INFORMATIONAL,yes,,https://www.airfields-freeman.com/MD/Airfields_MD_AnneArundelCo.htm
72BD6CCC59,,MD,Annapolis Naval Air Facility,,Annapolis,38.98,-76.46,,HISTORICAL_INFORMATIONAL,yes,,https://www.airfields-freeman.com/MD/Airfields_MD_AnneArundelCo.htm
C98C938401,,MD,Aqualand Airport,,Clifton,38.37,-76.97,,HISTORICAL_INFORMATIONAL,yes,,https://www.airfields-freeman.com/MD/Airfields_MD_S.htm
3CD6BA2571,,MD,Baltimore Municipal Airport / Baltimore AAF / Harbor Field,,Dundalk,39.25,-76.53,,HISTORICAL_INFORMATIONAL,yes,,https://www.airfields-freeman.com/MD/Airfields_MD_Balt_SE.htm
428A9D5FCD,,MD,Barren Island Airfield,,Barren Island,38.34,-76.26,,HISTORICAL_INFORMATIONAL,yes,,https://www.airfields-freeman.com/MD/Airfields_MD_E.htm
0E808BF6F5,,MD,Bassler Airfield,,Columbia,39.217,-76.886,,HISTORICAL_INFORMATIONAL,yes,,https://www.airfields-freeman.com/MD/Airfields_MD_HowardCo.htm
831AE2C409,,MD,Beaverbrook Airfield,,Columbia,39.24,-76.84,,HISTORICAL_INFORMATIONAL,yes,,https://www.airfields-freeman.com/MD/Airfields_MD_HowardCo.htm
74C3F4CDFD,,MD,Bower Field,,Silesia,38.736,-77.022,,HISTORICAL_INFORMATIONAL,yes,,https://www.airfields-freeman.com/MD/Airfields_MD_PG_S.htm
3C10FAFEAF,,MD,Bowman Airfield,,McHenry,39.56,-79.35,,HISTORICAL_INFORMATIONAL,yes,,https://www.airfields-freeman.com/MD/Airfields_MD_W.htm
2B148D8961,,MD,Brunswick Airport,,Brunswick,39.309,-77.622,,HISTORICAL_INFORMATIONAL,yes,,https://www.airfields-freeman.com/MD/Airfields_MD_Frederick.htm
714643B28C,,MD,Capitol Airport (1st location),,Bladensburg,38.93,-76.93,,HISTORICAL_INFORMATIONAL,yes,,https://www.airfields-freeman.com/MD/Airfields_MD_PG_C.htm
B6E03D7268,,MD,Capitol Airport (2nd location),,College Park,39.005,-76.935,,HISTORICAL_INFORMATIONAL,yes,,https://www.airfields-freeman.com/MD/Airfields_MD_PG_N.htm
DE4696212D,,MD,Carroll Airport,,Dominion,38.95,-76.26,,HISTORICAL_INFORMATIONAL,yes,,https://www.airfields-freeman.com/MD/Airfields_MD_E.htm
BEB7FA1C5A,,MD,Castle Marina Airport (0W6),,Kent Island,38.983,-76.291,,HISTORICAL_INFORMATIONAL,yes,,https://www.airfields-freeman.com/MD/Airfields_MD_E.htm
48DD0A88F8,,MD,Cheltenham Navy Airfield,,Cheltenham,38.74,-76.83,,HISTORICAL_INFORMATIONAL,yes,,https://www.airfields-freeman.com/MD/Airfields_MD_PG_S.htm
C49905594C,,MD,Chestertown Airport / Gill Airport / Scheeler Field (0W7),,Chestertown,39.23,-76.07,,HISTORICAL_INFORMATIONAL,yes,,https://www.airfields-freeman.com/MD/Airfields_MD_E.htm
BE846CD5B5,,MD,City Line Airport,,Pikesville,39.37,-76.71,,HISTORICAL_INFORMATIONAL,yes,,https://www.airfields-freeman.com/MD/Airfields_MD_Balt_NW.htm
EE53E594CB,,MD,Congressional Airport,,Rockville,39.06,-77.13,,HISTORICAL_INFORMATIONAL,yes,,https://www.airfields-freeman.com/MD/Airfields_MD_Mont.htm
3FD6D7218F,,MD,Cumberland Airport (Pinto location),,Pinto,39.57,-78.85,,HISTORICAL_INFORMATIONAL,yes,,https://www.airfields-freeman.com/MD/Airfields_MD_W.htm
97CFBC66FE,,MD,Curtiss-Wright Airport / Pimlico Airport,,Baltimore,39.38,-76.69,,HISTORICAL_INFORMATIONAL,yes,,https://www.airfields-freeman.com/MD/Airfields_MD_Balt_NW.htm
44D89D9E66,,MD,Deep Creek Airport,,Churchton,38.81,-76.51,,HISTORICAL_INFORMATIONAL,yes,,https://www.airfields-freeman.com/MD/Airfields_MD_AnneArundelCo.htm
677B10A3F2,,MD,Dixie Airport,,Crofton,38.99,-76.69,,HISTORICAL_INFORMATIONAL,yes,,https://www.airfields-freeman.com/MD/Airfields_MD_AnneArundelCo.htm
CC3817C782,,MD,Dundalk Flying Field / Logan Field,,Baltimore,39.249,-76.514,,HISTORICAL_INFORMATIONAL,yes,,https://www.airfields-freeman.com/MD/Airfields_MD_Balt_SE.htm
0747120DC9,,MD,ERCO Field,,Riverdale,38.97,-76.92,,HISTORICAL_INFORMATIONAL,yes,,https://www.airfields-freeman.com/MD/Airfields_MD_PG_C.htm
836D1D1270,,MD,Fort Detrick Army Airfield / Intermediate Field 5A,,Frederick,39.43,-77.43,,HISTORICAL_INFORMATIONAL,yes,,https://www.airfields-freeman.com/MD/Airfields_MD_Frederick.htm
D56A1DC09A,,MD,Frostburg Airfield,,Frostburg,39.592,-78.962,,HISTORICAL_INFORMATIONAL,yes,,https://www.airfields-freeman.com/MD/Airfields_MD_W.htm
1B39F1162A,,MD,Glen Burnie Airport & Seaplane Base / Whipp Airport & Seaplane Base,,Glen Burnie,39.17,-76.6,,HISTORICAL_INFORMATIONAL,yes,,https://www.airfields-freeman.com/MD/Airfields_MD_AnneArundelCo.htm
A5D3473AAE,,MD,Greer Airport,,Elkridge,39.202,-76.763,,HISTORICAL_INFORMATIONAL,yes,,https://www.airfields-freeman.com/MD/Airfields_MD_HowardCo.htm
4B386B06F0,,MD,Gude Airport,,Rockville,39.11,-77.15,,HISTORICAL_INFORMATIONAL,yes,,https://www.airfields-freeman.com/MD/Airfields_MD_Mont.htm
D740133559,,MD,Half Pone Point Airport,,Hollywood,38.35,-76.5,,HISTORICAL_INFORMATIONAL,yes,,https://www.airfields-freeman.com/MD/Airfields_MD_S.htm
29C1D8712F,,MD,Haysfield Airport (MD24),,Clarksville,39.238,-76.948,,HISTORICAL_INFORMATIONAL,yes,,https://www.airfields-freeman.com/MD/Airfields_MD_HowardCo.htm
E3FF4454D0,,MD,Hebron Airport / Del-Mar-Va Airport,,Hebron,38.43,-75.68,,HISTORICAL_INFORMATIONAL,yes,,https://www.airfields-freeman.com/MD/Airfields_MD_E.htm
FE6AAE4C3D,,MD,Horn Point Aerodrome (MD18),,Cambridge,38.588,-76.138,,HISTORICAL_INFORMATIONAL,yes,,https://www.airfields-freeman.com/MD/Airfields_MD_E.htm
525A0D7188,,MD,"Intermediate Field 57B / Bowie Airport / Beltsville Airport (KBVL, 2W1)",,Beltsville,39.027,-76.825,,HISTORICAL_INFORMATIONAL,yes,,https://www.airfields-freeman.com/MD/Airfields_MD_PG_N.htm
55FACBCDAF,,MD,La Plata Airfield,,La Plata,38.54,-76.92,,HISTORICAL_INFORMATIONAL,yes,,https://www.airfields-freeman.com/MD/Airfields_MD_S.htm
A908CF064E,,MD,Lovett Field (2nd location) / (Original) Cecil County Airpark (2N0),,Elkton,39.65,-75.8,,HISTORICAL_INFORMATIONAL,yes,,https://www.airfields-freeman.com/MD/Airfields_MD_NE.htm
7F127DA519,,MD,Lower Marlboro Airport,,Lower Marlboro,38.652,-76.674,,HISTORICAL_INFORMATIONAL,yes,,https://www.airfields-freeman.com/MD/Airfields_MD_S.htm
167E10CBB2,,MD,Mape Airport / Mapes Airpark,,Sykesville,39.338,-76.985,,HISTORICAL_INFORMATIONAL,yes,,https://www.airfields-freeman.com/MD/Airfields_MD_HowardCo.htm
E8385AFEEE,,MD,Moran Airfield (MD99),,Westernport,39.5,-79.07,,HISTORICAL_INFORMATIONAL,yes,,https://www.airfields-freeman.com/MD/Airfields_MD_W.htm
4F7B9690BA,,MD,Park Hall Airport,,Lexington Park,38.23,-76.45,,HISTORICAL_INFORMATIONAL,yes,,https://www.airfields-freeman.com/MD/Airfields_MD_S.htm
CAB5AA7860,,MD,Park Heights Flying School Airport / Handler Field / Handler Airport / Service Field,,Pikesville,39.386,-76.716,,HISTORICAL_INFORMATIONAL,yes,,https://www.airfields-freeman.com/MD/Airfields_MD_Balt_NW.htm
73041C5ACC,,MD,Piscataway Airport,,Piscataway,38.68,-76.98,,HISTORICAL_INFORMATIONAL,yes,,https://www.airfields-freeman.com/MD/Airfields_MD_PG_S.htm
2576D9D72C,,MD,Prince George's Industrial Airpark,,Bowie,38.88,-76.735,,HISTORICAL_INFORMATIONAL,yes,,https://www.airfields-freeman.com/MD/Airfields_MD_PG_N.htm
0F77100D63,,MD,Queen's Chapel Airport,,Hyattsville,38.954,-76.968,,HISTORICAL_INFORMATIONAL,yes,,https://www.airfields-freeman.com/MD/Airfields_MD_PG_C.htm
0BB15A064C,,MD,Quinn Airport / Baltimore Airpark (1W2),,Perry Hall,39.405,-76.427,,HISTORICAL_INFORMATIONAL,yes,,https://www.airfields-freeman.com/MD/Airfields_MD_Balt_NE.htm
137DB63022,,MD,Riverside Field / Columbia Air Center / Croom Field,,Croom,38.754,-76.705,,HISTORICAL_INFORMATIONAL,yes,,https://www.airfields-freeman.com/MD/Airfields_MD_PG_S.htm
59AB93927B,,MD,Rutherford Field / Baltimore Airport,,Woodlawn,39.336,-76.753,,HISTORICAL_INFORMATIONAL,yes,,https://www.airfields-freeman.com/MD/Airfields_MD_Balt_NW.htm
274BD45A0D,,MD,Schrom Airport,,Greenbelt,38.99,-76.88,,HISTORICAL_INFORMATIONAL,yes,,https://www.airfields-freeman.com/MD/Airfields_MD_PG_N.htm
9573164AE8,,MD,Shadyside Airport,,Churchton,38.82,-76.54,,HISTORICAL_INFORMATIONAL,yes,,https://www.airfields-freeman.com/MD/Airfields_MD_AnneArundelCo.htm
0AE0927196,,MD,Skyhaven Airport,,Suitland,38.85,-76.93,,HISTORICAL_INFORMATIONAL,yes,,https://www.airfields-freeman.com/MD/Airfields_MD_PG_C.htm
F662A169BD,,MD,Southern Cross Airport,,Downsville,39.55,-77.8,,HISTORICAL_INFORMATIONAL,yes,,https://www.airfields-freeman.com/MD/Airfields_MD_Frederick.htm
3284761AA4,,MD,Spamer Field,,Nottingham,39.415,-76.489,,HISTORICAL_INFORMATIONAL,yes,,https://www.airfields-freeman.com/MD/Airfields_MD_Balt_NE.htm
1F00D99F1D,,MD,Stevens Airport,,Hansonville,39.51,-77.41,,HISTORICAL_INFORMATIONAL,yes,,https://www.airfields-freeman.com/MD/Airfields_MD_Frederick.htm
DDD04A9099,,MD,Suburban Airport (W18),,Laurel,39.08,-76.83,,HISTORICAL_INFORMATIONAL,yes,,https://www.airfields-freeman.com/MD/Airfields_MD_AnneArundelCo.htm
802267750E,,MD,Talisman Farm Airfield,,Bryantown,38.93,-76.2,,HISTORICAL_INFORMATIONAL,yes,,https://www.airfields-freeman.com/MD/Airfields_MD_E.htm
1E22A526F2,,MD,Taneytown Airport,,Taneytown,39.68,-77.21,,HISTORICAL_INFORMATIONAL,yes,,https://www.airfields-freeman.com/MD/Airfields_MD_Frederick.htm
08B87A57D8,,MD,Tred Avon Airport / Webb Airport,,Easton,38.78,-76.02,,HISTORICAL_INFORMATIONAL,yes,,https://www.airfields-freeman.com/MD/Airfields_MD_E.htm
F932045525,,MD,Turbo-Porter Field,,Germantown,39.19,-77.26,,HISTORICAL_INFORMATIONAL,yes,,https://www.airfields-freeman.com/MD/Airfields_MD_Mont.htm
6D6E3D67A0,,MD,Turf Valley Airport,,Ellicott City,39.3,-76.89,,HISTORICAL_INFORMATIONAL,yes,,https://www.airfields-freeman.com/MD/Airfields_MD_HowardCo.htm
9DDF020968,,MD,Woodbine Airport / Woodbine Gliderport (MD78),,Woodbine,39.38,-77.07,,HISTORICAL_INFORMATIONAL,yes,,https://www.airfields-freeman.com/MD/Airfields_MD_Frederick.htm
420FF1C7BE,,ME,(Original) Portland Airport / Scarboro Airport / Scarborough Airport,,Scarborough,43.57,-70.36,,HISTORICAL_INFORMATIONAL,yes,,https://www.airfields-freeman.com/ME/Airfields_ME_S.htm
ED3FC44045,,ME,Andover Airport,,Andover,44.6,-70.74,,HISTORICAL_INFORMATIONAL,yes,,https://www.airfields-freeman.com/ME/Airfields_ME_S.htm
1BF4EC3C23,,ME,Casco Bay Naval Auxiliary Air Facility,,Long Island,43.7,-70.15,,HISTORICAL_INFORMATIONAL,yes,,https://www.airfields-freeman.com/ME/Airfields_ME_S.htm
5D403C8571,,ME,Estcourt Station Airport,,Estcourt Station,47.44,-69.15,,HISTORICAL_INFORMATIONAL,yes,,https://www.airfields-freeman.com/ME/Airfields_ME_N.htm
C0110952C3,,ME,Fernald Field,,Winterport,44.65,-68.91,,HISTORICAL_INFORMATIONAL,yes,,https://www.airfields-freeman.com/ME/Airfields_ME_S.htm
4838686769,,ME,Greenlaw Airport / Maheux Airport (Auburn),,Auburn,44.09,-70.27,,HISTORICAL_INFORMATIONAL,yes,,https://www.airfields-freeman.com/ME/Airfields_ME_S.htm
C17866CCCF,,ME,Limerick Yarn Mills Airport / Limerick Airport,,Limerick,43.7,-70.78,,HISTORICAL_INFORMATIONAL,yes,,https://www.airfields-freeman.com/ME/Airfields_ME_S.htm
7A3DF23523,,ME,Maheux Airport (Minot) / Maheu Airport,,Minot,44.14,-70.35,,HISTORICAL_INFORMATIONAL,yes,,https://www.airfields-freeman.com/ME/Airfields_ME_S.htm
260EF3A682,,ME,Milford Air Force Auxiliary Airfield,,Milford,44.98,-68.47,,HISTORICAL_INFORMATIONAL,yes,,https://www.airfields-freeman.com/ME/Airfields_ME_N.htm
4BA7FA3F3E,,ME,Port Of Maine Airport / Port O' Maine Airport,,Scarborough,43.609,-70.306,,HISTORICAL_INFORMATIONAL,yes,,https://www.airfields-freeman.com/ME/Airfields_ME_S.htm
B34490F804,,ME,St. Croix Airport,,Baring,45.13,-67.31,,HISTORICAL_INFORMATIONAL,yes,,https://www.airfields-freeman.com/ME/Airfields_ME_S.htm
997AE0FADE,,ME,Twitchell Airport & Seaplane Base (3B5),,Turner,44.189,-70.233,,HISTORICAL_INFORMATIONAL,yes,,https://www.airfields-freeman.com/ME/Airfields_ME_S.htm
35A3A1AEF9,,MI,(Original) Hillsdale Airport,,Hillsdale,41.94,-84.65,,HISTORICAL_INFORMATIONAL,yes,,https://www.airfields-freeman.com/MI/Airfields_MI_SW.htm
D9AA4E0D88,,MI,Allens Airport / Allen Airport / Oakland-Orion Airport,,Lake Orion,42.716,-83.261,,HISTORICAL_INFORMATIONAL,yes,,https://www.airfields-freeman.com/MI/Airfields_MI_Detroit_NE.htm
DC7AAE15E9,,MI,Athelone S. Williams Memorial Davison Township Airport (6G0),,Davison,43.029,-83.534,,HISTORICAL_INFORMATIONAL,yes,,https://www.airfields-freeman.com/MI/Airfields_MI_SE.htm
DB6DBBE370,,MI,Au Gres Airport (3Y7),,Au Gres,44.053,-83.7,,HISTORICAL_INFORMATIONAL,yes,,https://www.airfields-freeman.com/MI/Airfields_MI_C.htm
2997DAC6AC,,MI,Austin Lake Airport & Seaplane Base (09C),,Austin Lake,42.164,-85.544,,HISTORICAL_INFORMATIONAL,yes,,https://www.airfields-freeman.com/MI/Airfields_MI_SW.htm
53FA7DA5A1,,MI,Aviation Country Club,,Galesburg,42.287,-85.453,,HISTORICAL_INFORMATIONAL,yes,,https://www.airfields-freeman.com/MI/Airfields_MI_SW.htm
E812782F33,,MI,Baker Airport / River Tower Airport,,Port Huron,43.014,-82.453,,HISTORICAL_INFORMATIONAL,yes,,https://www.airfields-freeman.com/MI/Airfields_MI_E.htm
19D96B9982,,MI,Bean Blossom Airport (6B3),,Corunna,43.04,-84.01,,HISTORICAL_INFORMATIONAL,yes,,https://www.airfields-freeman.com/MI/Airfields_MI_SW.htm
1E49643813,,MI,Berz Macomb Airport (UIZ),,Utica,42.665,-82.965,,HISTORICAL_INFORMATIONAL,yes,,https://www.airfields-freeman.com/MI/Airfields_MI_Detroit_NE.htm
CA4DDA2D69,,MI,Burns Landing Field / Burns Airport,,Redford,42.37,-83.28,,HISTORICAL_INFORMATIONAL,yes,,https://www.airfields-freeman.com/MI/Airfields_MI_Detroit_NW.htm
F6CF0DCF31,,MI,Calumet-Laurium Airport / Houghton County Airport,,Laurium,47.233,-88.434,,HISTORICAL_INFORMATIONAL,yes,,https://www.airfields-freeman.com/MI/Airfields_MI_N.htm
BD335762E4,,MI,Carriage Lane Airport (35L),,Unadilla Township,42.465,-84.035,,HISTORICAL_INFORMATIONAL,yes,,https://www.airfields-freeman.com/MI/Airfields_MI_SE.htm
E1CAE4083E,,MI,Cobo Hall Heliport (84G),,Detroit,42.326,-83.048,,HISTORICAL_INFORMATIONAL,yes,,https://www.airfields-freeman.com/MI/Airfields_MI_Detroit_NE.htm
1582D782D0,,MI,Crystal Falls Airport / Dr. A.L. Haight Airport,,Crystal Falls,46.103,-88.312,,HISTORICAL_INFORMATIONAL,yes,,https://www.airfields-freeman.com/MI/Airfields_MI_N.htm
63C3F50D41,,MI,David Airfield / David's Airport (9C2),,Athens,42.064,-85.24,,HISTORICAL_INFORMATIONAL,yes,,https://www.airfields-freeman.com/MI/Airfields_MI_SW.htm
AF6A276C95,,MI,Davis Airport (2D8),,East Lansing,42.774,-84.488,,HISTORICAL_INFORMATIONAL,yes,,https://www.airfields-freeman.com/MI/Airfields_MI_C.htm
FB33D49840,,MI,Detroit Acceptance Park / Morrow Field,,Dearborn,42.348,-83.167,,HISTORICAL_INFORMATIONAL,yes,,https://www.airfields-freeman.com/MI/Airfields_MI_Detroit_SW.htm
48292CA273,,MI,Detroit Army Artillery Armory Airfield,,Oak Park,42.449,-83.193,,HISTORICAL_INFORMATIONAL,yes,,https://www.airfields-freeman.com/MI/Airfields_MI_Detroit_NW.htm
B93FBAEC75,,MI,Dudley Airport,,Standish,43.986,-83.916,,HISTORICAL_INFORMATIONAL,yes,,https://www.airfields-freeman.com/MI/Airfields_MI_C.htm
4504E58BA1,,MI,Erie Aerodrome (M84),,Temperence,41.782,-83.518,,HISTORICAL_INFORMATIONAL,yes,,https://www.airfields-freeman.com/MI/Airfields_MI_SE.htm
7B7DF9D4F6,,MI,Erin Airport / Thomas B. Joy Airport / Fraser Airport,,Fraser,42.53,-82.94,,HISTORICAL_INFORMATIONAL,yes,,https://www.airfields-freeman.com/MI/Airfields_MI_Detroit_NE.htm
C1C00C516A,,MI,Farmington Hills Airfield,,Farmington Hills,42.52,-83.38,,HISTORICAL_INFORMATIONAL,yes,,https://www.airfields-freeman.com/MI/Airfields_MI_Detroit_NW.htm
11C168FF6B,,MI,Flat Rock Airport / Maveal Airport / Maveal Brothers Airport,,Flat Rock,42.056,-83.319,,HISTORICAL_INFORMATIONAL,yes,,https://www.airfields-freeman.com/MI/Airfields_MI_Detroit_S.htm
4F1C297A30,,MI,Fontecchio Airport (MI94),,Kingsford,45.785,-88.07,,HISTORICAL_INFORMATIONAL,yes,,https://www.airfields-freeman.com/MI/Airfields_MI_N.htm
F86B480AB7,,MI,Ford Airport,,Dearborn,42.3,-83.22,,HISTORICAL_INFORMATIONAL,yes,,https://www.airfields-freeman.com/MI/Airfields_MI_Detroit_NW.htm
9A4FDE7979,,MI,Grand Rapids Municipal Airport / (Original) Kent County Airport,,Grand Rapids,42.9,-85.65,,HISTORICAL_INFORMATIONAL,yes,,https://www.airfields-freeman.com/MI/Airfields_MI_SW.htm
F8E438B1E1,,MI,Grand River Airpark & Seaplane Base,,Comstock Park,43.027,-85.665,,HISTORICAL_INFORMATIONAL,yes,,https://www.airfields-freeman.com/MI/Airfields_MI_SW.htm
346620D60B,,MI,Haggerty Field / Detroit Aviation Testing Field,,Dearborn,42.33,-83.16,,HISTORICAL_INFORMATIONAL,yes,,https://www.airfields-freeman.com/MI/Airfields_MI_Detroit_S.htm
BA711AEF52,,MI,Hance Airport,,Wyandotte,42.22,-83.2,,HISTORICAL_INFORMATIONAL,yes,,https://www.airfields-freeman.com/MI/Airfields_MI_Detroit_S.htm
7503CEDB1F,,MI,Holland Airport / Park Township Airport (KHLM),,Holland,42.796,-86.162,,HISTORICAL_INFORMATIONAL,yes,,https://www.airfields-freeman.com/MI/Airfields_MI_SW.htm
85AA5B0AE6,,MI,Holly Airport,,Holly,42.8,-83.633,,HISTORICAL_INFORMATIONAL,yes,,https://www.airfields-freeman.com/MI/Airfields_MI_SE.htm
F63BCF3B62,,MI,Houghton-Hancock Landing Field / Isle Royale Sands Airport / Houghton Sands Airport & Seaplane Base,,Houghton,47.112,-88.521,,HISTORICAL_INFORMATIONAL,yes,,https://www.airfields-freeman.com/MI/Airfields_MI_N.htm
C72BD30CE9,,MI,Ishpeming Airport / Ishpeming-Dexter Airport,,Greenwood,46.496,-87.809,,HISTORICAL_INFORMATIONAL,yes,,https://www.airfields-freeman.com/MI/Airfields_MI_N.htm
825D03ED84,,MI,Jablonski Airport (33C),,Nunica,43.082,-86.096,,HISTORICAL_INFORMATIONAL,yes,,https://www.airfields-freeman.com/MI/Airfields_MI_SW.htm
44B94AF963,,MI,John R. Airport / Big Beaver Airport (3BB),,Big Beaver,42.56,-83.11,,HISTORICAL_INFORMATIONAL,yes,,https://www.airfields-freeman.com/MI/Airfields_MI_Detroit_NW.htm
B4BC1440D3,,MI,Jonesville Airport / Merchant Field (6D3),,Jonesville,41.967,-84.703,,HISTORICAL_INFORMATIONAL,yes,,https://www.airfields-freeman.com/MI/Airfields_MI_SE.htm
A4275A6DE3,,MI,Krist Port,,Farmington,42.511,-83.363,,HISTORICAL_INFORMATIONAL,yes,,https://www.airfields-freeman.com/MI/Airfields_MI_Detroit_NW.htm
678BE6A853,,MI,L'Anse Airport / Muzzy's Airport,,L'Anse,46.722,-88.431,,HISTORICAL_INFORMATIONAL,yes,,https://www.airfields-freeman.com/MI/Airfields_MI_N.htm
9B6BF1326C,,MI,Leathers Field / Naval Outer Landing Field 24922,,Maybee,41.975,-83.564,,HISTORICAL_INFORMATIONAL,yes,,https://www.airfields-freeman.com/MI/Airfields_MI_Detroit_S.htm
F882207779,,MI,Lippert Airport / Lumberjack Land Airport,,Riverdale,43.431,-84.847,,HISTORICAL_INFORMATIONAL,yes,,https://www.airfields-freeman.com/MI/Airfields_MI_C.htm
EF17842792,,MI,Marks' Field,,Lawton,42.178,-85.847,,HISTORICAL_INFORMATIONAL,yes,,https://www.airfields-freeman.com/MI/Airfields_MI_SW.htm
1A88F5F01B,,MI,Marquette County Airport (original location) (MQT),,Marquette,46.533,-87.56,,HISTORICAL_INFORMATIONAL,yes,,https://www.airfields-freeman.com/MI/Airfields_MI_N.htm
6A51DB17CC,,MI,Mason Airport / Kelleys Airport (0MI3),,Grayling,44.63,-84.48,,HISTORICAL_INFORMATIONAL,yes,,https://www.airfields-freeman.com/MI/Airfields_MI_C.htm
141F0D1B09,,MI,McEnnan Airport,,Ypsilanti,42.204,-83.626,,HISTORICAL_INFORMATIONAL,yes,,https://www.airfields-freeman.com/MI/Airfields_MI_Detroit_S.htm
C0B648CFAE,,MI,McKinley Airport (D13),,Fraser,42.549,-82.965,,HISTORICAL_INFORMATIONAL,yes,,https://www.airfields-freeman.com/MI/Airfields_MI_Detroit_NE.htm
CE53CB2293,,MI,Menominee County Airport,,Menominee,45.186,-87.566,,HISTORICAL_INFORMATIONAL,yes,,https://www.airfields-freeman.com/MI/Airfields_MI_N.htm
FDCAED93BE,,MI,Miller Airport / Nartron Field (RCT),,Reed City,43.9,-85.517,,HISTORICAL_INFORMATIONAL,yes,,https://www.airfields-freeman.com/MI/Airfields_MI_C.htm
954FFB9BD3,,MI,Morgan Field,,Albion,42.256,-84.71,,HISTORICAL_INFORMATIONAL,yes,,https://www.airfields-freeman.com/MI/Airfields_MI_SW.htm
2D1BD00C1A,,MI,Motor Boat Seaplane Base / Garland's Seaplane Base,,Detroit,42.359,-82.934,,HISTORICAL_INFORMATIONAL,yes,,https://www.airfields-freeman.com/MI/Airfields_MI_Detroit_S.htm
8F95B5A270,,MI,Nan Bar Airport / NOLF 27106 / Flat Rock Field,,Flat Rock,42.103,-83.27,,HISTORICAL_INFORMATIONAL,yes,,https://www.airfields-freeman.com/MI/Airfields_MI_SE.htm
500AB17FA5,,MI,National Airways Airport / National Air Service Airport / National Airport,,Livonia,42.37,-83.34,,HISTORICAL_INFORMATIONAL,yes,,https://www.airfields-freeman.com/MI/Airfields_MI_Detroit_S.htm
2EDB812660,,MI,Navarre Airport,,Monroe,41.932,-83.351,,HISTORICAL_INFORMATIONAL,yes,,https://www.airfields-freeman.com/MI/Airfields_MI_SE.htm
62D510371A,,MI,Newport Naval Outer Landing Field,,Newport,42,-83.37,,HISTORICAL_INFORMATIONAL,yes,,https://www.airfields-freeman.com/MI/Airfields_MI_Detroit_S.htm
57A49453BC,,MI,Newton Field (O86),,Fowlerville,42.611,-84.103,,HISTORICAL_INFORMATIONAL,yes,,https://www.airfields-freeman.com/MI/Airfields_MI_SE.htm
C828B913E6,,MI,Northside Airport,,North Muskegon,43.291,-86.192,,HISTORICAL_INFORMATIONAL,yes,,https://www.airfields-freeman.com/MI/Airfields_MI_SW.htm
FD80D36C11,,MI,Onaway Airport / Leo E. Goetz County Airport,,Onaway,45.366,-84.224,,HISTORICAL_INFORMATIONAL,yes,,https://www.airfields-freeman.com/MI/Airfields_MI_C.htm
98A2AA5994,,MI,Oselka Airport,,Three Oaks,41.775,-86.653,,HISTORICAL_INFORMATIONAL,yes,,https://www.airfields-freeman.com/MI/Airfields_MI_SW.htm
15DE2A4F1E,,MI,Otisville Airport / Otisville Rixport Airport,,Otisville,43.197,-83.546,,HISTORICAL_INFORMATIONAL,yes,,https://www.airfields-freeman.com/MI/Airfields_MI_SE.htm
2641BF3EA7,,MI,Ottiger Field (C26),,Rothbury,43.455,-86.354,,HISTORICAL_INFORMATIONAL,yes,,https://www.airfields-freeman.com/MI/Airfields_MI_SW.htm
A3EDA455A9,,MI,Packard Field / Gratiot Airport / Hartung Field / Roseville Airport / Greater Detroit Airport,,Roseville,42.49,-82.94,,HISTORICAL_INFORMATIONAL,yes,,https://www.airfields-freeman.com/MI/Airfields_MI_Detroit_NE.htm
FA4C4A4CBF,,MI,Packard Proving Ground Airfield,,Utica,42.66,-83.05,,HISTORICAL_INFORMATIONAL,yes,,https://www.airfields-freeman.com/MI/Airfields_MI_Detroit_NE.htm
FA89E10517,,MI,Plane Haven Airport,,McBrides,43.333,-85.051,,HISTORICAL_INFORMATIONAL,yes,,https://www.airfields-freeman.com/MI/Airfields_MI_SW.htm
008806DCB9,,MI,Poschke's Harbor Beach Airport,,Harbor Beach,43.848,-82.698,,HISTORICAL_INFORMATIONAL,yes,,https://www.airfields-freeman.com/MI/Airfields_MI_C.htm
8881E2FFAD,,MI,Rexton Airport / D A R Airport,,Rexton,46.153,-85.271,,HISTORICAL_INFORMATIONAL,yes,,https://www.airfields-freeman.com/MI/Airfields_MI_N.htm
15C41BBF28,,MI,Riverland Airfield,,Harvey,46.489,-87.345,,HISTORICAL_INFORMATIONAL,yes,,https://www.airfields-freeman.com/MI/Airfields_MI_N.htm
C109B9F0DF,,MI,Robbins Airfield,,Madison Heights,42.54,-83.118,,HISTORICAL_INFORMATIONAL,yes,,https://www.airfields-freeman.com/MI/Airfields_MI_Detroit_NW.htm
0C84FAEC5B,,MI,Salem Airport (0G9),,Salem,42.41,-83.58,,HISTORICAL_INFORMATIONAL,yes,,https://www.airfields-freeman.com/MI/Airfields_MI_Detroit_NW.htm
06F663FEAB,,MI,"Saline Airport (2C3, 68MI)",,Saline,42.146,-83.792,,HISTORICAL_INFORMATIONAL,yes,,https://www.airfields-freeman.com/MI/Airfields_MI_SE.htm
07D8E9DDA9,,MI,Sanders Field / Naval Outer Landing Field 24109 / Carls Airport (78MI),,South Rockwood,42.041,-83.304,,HISTORICAL_INFORMATIONAL,yes,,https://www.airfields-freeman.com/MI/Airfields_MI_Detroit_S.htm
7084D1C133,,MI,Saugatuck-Douglas Airport / Douglas Lakeside Airport,,Douglas,42.619,-86.207,,HISTORICAL_INFORMATIONAL,yes,,https://www.airfields-freeman.com/MI/Airfields_MI_SW.htm
F5919DF270,,MI,Scheidler Field,,Alpena,45.162,-83.42,,HISTORICAL_INFORMATIONAL,yes,,https://www.airfields-freeman.com/MI/Airfields_MI_N.htm
43612CCDF8,,MI,Sharrar Airport / Alma Airport,,Alma,43.391,-84.643,,HISTORICAL_INFORMATIONAL,yes,,https://www.airfields-freeman.com/MI/Airfields_MI_C.htm
AB9E9C8525,,MI,Sheep Ranch Naval Outer Landing Field,,Newport,42.02,-83.27,,HISTORICAL_INFORMATIONAL,yes,,https://www.airfields-freeman.com/MI/Airfields_MI_Detroit_S.htm
F6FE537E7C,,MI,Shoemaker Airport (C08),,Grandville,42.881,-85.745,,HISTORICAL_INFORMATIONAL,yes,,https://www.airfields-freeman.com/MI/Airfields_MI_SW.htm
B93180ECE6,,MI,Silver Ace Airport / Monroe Airport / Marshall Airport,,Monroe,41.957,-83.301,,HISTORICAL_INFORMATIONAL,yes,,https://www.airfields-freeman.com/MI/Airfields_MI_SE.htm
7E3C8F9E55,,MI,Smith Airport / Hartsell Air Terminal / National Airport (1G2),,Westland,42.32,-83.43,,HISTORICAL_INFORMATIONAL,yes,,https://www.airfields-freeman.com/MI/Airfields_MI_Detroit_S.htm
24C7DA1846,,MI,South Kent Airport,,Grand Rapids,42.84,-85.69,,HISTORICAL_INFORMATIONAL,yes,,https://www.airfields-freeman.com/MI/Airfields_MI_SW.htm
301F88236F,,MI,St Johns Airport / Wings Airport / Dickinson Airport,,St Johns,42.975,-84.6,,HISTORICAL_INFORMATIONAL,yes,,https://www.airfields-freeman.com/MI/Airfields_MI_C.htm
C5295A239A,,MI,Standish City Airport / Standish Industrial Airport (Y75),,Standish,43.98,-83.975,,HISTORICAL_INFORMATIONAL,yes,,https://www.airfields-freeman.com/MI/Airfields_MI_C.htm
AD9446F846,,MI,Stinson Field,,Wayne,42.26,-83.4,,HISTORICAL_INFORMATIONAL,yes,,https://www.airfields-freeman.com/MI/Airfields_MI_Detroit_S.htm
73BCB67AE4,,MI,Stinson-Northville Field,,Northville,42.412,-83.519,,HISTORICAL_INFORMATIONAL,yes,,https://www.airfields-freeman.com/MI/Airfields_MI_Detroit_S.htm
AF33AB73E5,,MI,Sugar Loaf Resort Airport / Sugar Loaf Wallace G. Fryer Airfield (Y04),,Cedar,44.908,-85.815,,HISTORICAL_INFORMATIONAL,yes,,https://www.airfields-freeman.com/MI/Airfields_MI_C.htm
BE22E23046,,MI,Sunglen Airfield,,Vanderbilt,45.173,-84.633,,HISTORICAL_INFORMATIONAL,yes,,https://www.airfields-freeman.com/MI/Airfields_MI_N.htm
DFA5BD931F,,MI,Szekely Field,,Holland,42.832,-86.121,,HISTORICAL_INFORMATIONAL,yes,,https://www.airfields-freeman.com/MI/Airfields_MI_SW.htm
294A5A9D01,,MI,Triangle Glider Port / Triangle Airport,,Plymouth,42.36,-83.43,,HISTORICAL_INFORMATIONAL,yes,,https://www.airfields-freeman.com/MI/Airfields_MI_Detroit_NW.htm
43F2E65008,,MI,Trott Brothers Airport / Almont Municipal Airport,,Almont,42.94,-83.062,,HISTORICAL_INFORMATIONAL,yes,,https://www.airfields-freeman.com/MI/Airfields_MI_E.htm
833C31621A,,MI,Utica Airport,,Utica,42.642,-83.083,,HISTORICAL_INFORMATIONAL,yes,,https://www.airfields-freeman.com/MI/Airfields_MI_Detroit_NE.htm
CD11B1F24A,,MI,Vanderbilt Airport,,Vanderbilt,45.15,-84.67,,HISTORICAL_INFORMATIONAL,yes,,https://www.airfields-freeman.com/MI/Airfields_MI_C.htm
1DC99C4BC4,,MI,Warren Airport,,Warren,42.54,-83.07,,HISTORICAL_INFORMATIONAL,yes,,https://www.airfields-freeman.com/MI/Airfields_MI_Detroit_NW.htm
3C08DBD23C,,MI,Washtenaw Airport / Young Airport,,Ann Arbor,42.295,-83.864,,HISTORICAL_INFORMATIONAL,yes,,https://www.airfields-freeman.com/MI/Airfields_MI_SE.htm
A5E0F32BC6,,MI,Wings Airport,,Utica,42.59,-83.06,,HISTORICAL_INFORMATIONAL,yes,,https://www.airfields-freeman.com/MI/Airfields_MI_Detroit_NE.htm
DAA8105F65,,MI,Wixom International Airport (1G4),,Wixom,42.522,-83.55,,HISTORICAL_INFORMATIONAL,yes,,https://www.airfields-freeman.com/MI/Airfields_MI_Detroit_NW.htm
4099FB5015,,MI,Ypsilanti Airport / Gridley Airport,,Ypsilanti,42.218,-83.684,,HISTORICAL_INFORMATIONAL,yes,,https://www.airfields-freeman.com/MI/Airfields_MI_SE.htm
D85EE43412,,MI,"Yuba Airport (MI03, 34E)",,Yuba,44.841,-85.432,,HISTORICAL_INFORMATIONAL,yes,,https://www.airfields-freeman.com/MI/Airfields_MI_C.htm
5D8E7860F0,,MN,(Original) Litchfield Municipal Airport (Y69),,Litchfield,45.14,-94.52,,HISTORICAL_INFORMATIONAL,yes,,https://www.airfields-freeman.com/MN/Airfields_MN_W.htm
DF57875ABE,,MN,(Original) Rochester Airport / Lobb Field,,Rochester,44,-92.45,,HISTORICAL_INFORMATIONAL,yes,,https://www.airfields-freeman.com/MN/Airfields_MN_S.htm
F88B9B9BE1,,MN,Anoka Flying Service Airport,,Anoka,45.19,-93.37,,HISTORICAL_INFORMATIONAL,yes,,https://www.airfields-freeman.com/MN/Airfields_MN_Minneapolis.htm
6D6C2FF3DB,,MN,Anoka Industrial Airport / Gateway North Industrial Airport (Y25),,Ramsey,45.23,-93.445,,HISTORICAL_INFORMATIONAL,yes,,https://www.airfields-freeman.com/MN/Airfields_MN_Minneapolis.htm
E72DFA317E,,MN,Belle Plaine Airport / A.R.S. Sport Strip (7Y7),,Belle Plaine,44.659,-93.779,,HISTORICAL_INFORMATIONAL,yes,,https://www.airfields-freeman.com/MN/Airfields_MN_Minneapolis.htm
D204C6D606,,MN,Coleraine Airport,,Coleraine,47.281,-93.429,,HISTORICAL_INFORMATIONAL,yes,,https://www.airfields-freeman.com/MN/Airfields_MN_N.htm
A90CF90300,,MN,Curtiss Northwest Airport / Curtiss Field / Curtiss Twin City Airport,,Falcon Heights,44.99,-93.161,,HISTORICAL_INFORMATIONAL,yes,,https://www.airfields-freeman.com/MN/Airfields_MN_Minneapolis.htm
075D6E3FBA,,MN,Dawson Mills Airport / Dawson Municipal Airport (72D),,Dawson,44.925,-96.02,,HISTORICAL_INFORMATIONAL,yes,,https://www.airfields-freeman.com/MN/Airfields_MN_W.htm
B5A01FA1F4,,MN,Duncan Airport,,Isabella,47.63,-91.415,,HISTORICAL_INFORMATIONAL,yes,,https://www.airfields-freeman.com/MN/Airfields_MN_N.htm
32AC44C22D,,MN,Ely Municipal Airport,,Ely,47.896,-91.836,,HISTORICAL_INFORMATIONAL,yes,,https://www.airfields-freeman.com/MN/Airfields_MN_N.htm
0E79EE6966,,MN,Gervais Landing Field / Cathedral of the Pines Airport / Tofte Airport (9MN9),,Tofte,47.588,-90.823,,HISTORICAL_INFORMATIONAL,yes,,https://www.airfields-freeman.com/MN/Airfields_MN_N.htm
96FC0B1492,,MN,Holcomb Airport / Robbinsdale Airport,,Robbinsdale,45.043,-93.353,,HISTORICAL_INFORMATIONAL,yes,,https://www.airfields-freeman.com/MN/Airfields_MN_Minneapolis.htm
D4AC6E3C2D,,MN,Mankato Airport,,Mankato,44.15,-93.983,,HISTORICAL_INFORMATIONAL,yes,,https://www.airfields-freeman.com/MN/Airfields_MN_S.htm
278CE0BB62,,MN,Northern Pump Airfield,,Fridley,45.065,-93.277,,HISTORICAL_INFORMATIONAL,yes,,https://www.airfields-freeman.com/MN/Airfields_MN_Minneapolis.htm
0707846541,,MN,Northport Airport / White Bear Airport,,White Bear Lake,45.083,-92.93,,HISTORICAL_INFORMATIONAL,yes,,https://www.airfields-freeman.com/MN/Airfields_MN_Minneapolis.htm
05A449C7DD,,MN,Parker Airfield / St. Paul Park Airport,,Cottage Grove,44.822,-92.912,,HISTORICAL_INFORMATIONAL,yes,,https://www.airfields-freeman.com/MN/Airfields_MN_Minneapolis.htm
EB828A3F6A,,MN,Piney Pinecreek Border Airport (48Y),,Pinecreek,48.999,-95.982,,HISTORICAL_INFORMATIONAL,yes,,https://www.airfields-freeman.com/MN/Airfields_MN_N.htm
B45D607476,,MN,Sandstone Municipal Airport (57Y),,Sandstone,46.115,-92.89,,HISTORICAL_INFORMATIONAL,yes,,https://www.airfields-freeman.com/MN/Airfields_MN_N.htm
8EFC8A720A,,MN,Silver Bay Airport / Wayne Johnson Silver Bay Municipal Airport,,Silver Bay,47.249,-91.416,,HISTORICAL_INFORMATIONAL,yes,,https://www.airfields-freeman.com/MN/Airfields_MN_N.htm
C3A984D761,,MN,Skyport Airport / Devil's Track Municipal Airport (GRM),,Grand Marais,47.825,-90.38,,HISTORICAL_INFORMATIONAL,yes,,https://www.airfields-freeman.com/MN/Airfields_MN_N.htm
4886CCEFC0,,MN,Southport Airport,,Apple Valley,44.728,-93.212,,HISTORICAL_INFORMATIONAL,yes,,https://www.airfields-freeman.com/MN/Airfields_MN_Minneapolis.htm
253C94A1C6,,MN,St Cloud Airport / Whitney Memorial Airport,,St. Cloud,45.58,-94.183,,HISTORICAL_INFORMATIONAL,yes,,https://www.airfields-freeman.com/MN/Airfields_MN_Minneapolis.htm
557BFB7B61,,MN,University of Minnesota Airport,,Blaine,45.12,-93.185,,HISTORICAL_INFORMATIONAL,yes,,https://www.airfields-freeman.com/MN/Airfields_MN_Minneapolis.htm
5C369F59DF,,MN,Victory Airport,,Brooklyn Center,45.097,-93.307,,HISTORICAL_INFORMATIONAL,yes,,https://www.airfields-freeman.com/MN/Airfields_MN_Minneapolis.htm
CC0FA36492,,MN,Walnut Grove Airport,,Walnut Grove,44.222,-95.48,,HISTORICAL_INFORMATIONAL,yes,,https://www.airfields-freeman.com/MN/Airfields_MN_S.htm
3B0CE386E6,,MN,Willmar Municipal Airport (original location) / John L. Rice Field (KILL),,Willmar,45.116,-95.088,,HISTORICAL_INFORMATIONAL,yes,,https://www.airfields-freeman.com/MN/Airfields_MN_W.htm
F763F1437E,,MO,(Original) West Plains Municipal Airport (H63),,West Plains,36.75,-91.86,,HISTORICAL_INFORMATIONAL,yes,,https://www.airfields-freeman.com/MO/Airfields_MO_SW.htm
C0AD4CD389,,MO,Ace High Airport,,Galt,40.108,-93.438,,HISTORICAL_INFORMATIONAL,yes,,https://www.airfields-freeman.com/MO/Airfields_MO_NW.htm
A6E27C72FA,,MO,Air Park South (2K2),,Ozark,37.058,-93.233,,HISTORICAL_INFORMATIONAL,yes,,https://www.airfields-freeman.com/MO/Airfields_MO_SW.htm
5DAA404CFB,,MO,Arrowhead Airport (02K),,St Louis,38.7,-90.52,,HISTORICAL_INFORMATIONAL,yes,,https://www.airfields-freeman.com/MO/Airfields_MO_SE.htm
8B0A348ABB,,MO,Bolivar Memorial Airport,,Bolivar,37.61,-93.43,,HISTORICAL_INFORMATIONAL,yes,,https://www.airfields-freeman.com/MO/Airfields_MO_SW.htm
620C40A854,,MO,Boonville Airport,,Boonville,38.991,-92.75,,HISTORICAL_INFORMATIONAL,yes,,https://www.airfields-freeman.com/MO/Airfields_MO_NW.htm
9733BACE4F,,MO,Bootheel Flying Service Airfield,,Caruth,36.158,-90.079,,HISTORICAL_INFORMATIONAL,yes,,https://www.airfields-freeman.com/MO/Airfields_MO_SE.htm
49AAC89B39,,MO,Brookfield,,,39.762,-93.108,,HISTORICAL_INFORMATIONAL,yes,,https://www.airfields-freeman.com/MO/Airfields_MO_NW.htm
08CB253B4F,,MO,Columbia Municipal Airport (CBI),,Columbia,38.97,-92.36,,HISTORICAL_INFORMATIONAL,yes,,https://www.airfields-freeman.com/MO/Airfields_MO_NE.htm
89AD572AC6,,MO,Cooter Auxiliary Army Airfield #4,,Cooter,36.03,-89.78,,HISTORICAL_INFORMATIONAL,yes,,https://www.airfields-freeman.com/MO/Airfields_MO_SE.htm
8D61153CD7,,MO,E W Cotton Woods Memorial Airport (K24),,Columbia,39,-92.3,,HISTORICAL_INFORMATIONAL,yes,,https://www.airfields-freeman.com/MO/Airfields_MO_NE.htm
293D49A048,,MO,Haerr Field (MO14),,Taylor,39.94,-91.51,,HISTORICAL_INFORMATIONAL,yes,,https://www.airfields-freeman.com/MO/Airfields_MO_NE.htm
61F225F910,,MO,"Heart of America Airport / Thirty-First Street Airport / Heart Airport (MO06, 0L8)",,Kansas City,39.074,-94.507,,HISTORICAL_INFORMATIONAL,yes,,https://www.airfields-freeman.com/MO/Airfields_MO_NW.htm
9046C929EB,,MO,"Independence Memorial Airport (3IP, 5MO2)",,Independence,39.065,-94.342,,HISTORICAL_INFORMATIONAL,yes,,https://www.airfields-freeman.com/MO/Airfields_MO_NW.htm
FA4DF669D1,,MO,Kansas City Aero Club Field / Richards Field / Old Richards Airport / Ong Airport,,Raytown,38.994,-94.476,,HISTORICAL_INFORMATIONAL,yes,,https://www.airfields-freeman.com/MO/Airfields_MO_NW.htm
5AA747483F,,MO,Kratz Field / Suburban Airport,,St. Charles,38.78,-90.45,,HISTORICAL_INFORMATIONAL,yes,,https://www.airfields-freeman.com/MO/Airfields_MO_NE.htm
EF50A67027,,MO,Lake Winnebago Municipal Airport (MO8),,Lake Winnebago,38.81,-94.31,,HISTORICAL_INFORMATIONAL,yes,,https://www.airfields-freeman.com/MO/Airfields_MO_NE.htm
DB4773F486,,MO,Lobmaster Field / Lobmaster Sky Ranch,,Chesterfield,38.68,-90.638,,HISTORICAL_INFORMATIONAL,yes,,https://www.airfields-freeman.com/MO/Airfields_MO_SE.htm
9F070F0F17,,MO,Lucas Airport / Festus Memorial Airport (FES),,Festus,38.195,-90.386,,HISTORICAL_INFORMATIONAL,yes,,https://www.airfields-freeman.com/MO/Airfields_MO_SE.htm
D482B31894,,MO,Marceline Municipal Airport,,Marceline,39.734,-92.949,,HISTORICAL_INFORMATIONAL,yes,,https://www.airfields-freeman.com/MO/Airfields_MO_NE.htm
73C04E364F,,MO,McFarland Airport,,Springfield,37.171,-93.259,,HISTORICAL_INFORMATIONAL,yes,,https://www.airfields-freeman.com/MO/Airfields_MO_SW.htm
47FFD6B2A2,,MO,Myers Field / Carthage Municipal Airport / Myers Park Memorial Municipal Airport (H20),,Carthage,37.14,-94.31,,HISTORICAL_INFORMATIONAL,yes,,https://www.airfields-freeman.com/MO/Airfields_MO_SW.htm
37E214A905,,MO,Ozarks Flying Patch Airport,,Bruner,37.002,-92.9419,,HISTORICAL_INFORMATIONAL,yes,,https://www.airfields-freeman.com/MO/Airfields_MO_SW.htm
7CA10A55DF,,MO,Richards Gebaur Airport (GVW),,Grandview,38.844,-94.56,,HISTORICAL_INFORMATIONAL,yes,,https://www.airfields-freeman.com/MO/Airfields_MO_NW.htm
23993D0D1D,,MO,Rock Port Municipal Airport,,Rock Port,40.416,-95.6,,HISTORICAL_INFORMATIONAL,yes,,https://www.airfields-freeman.com/MO/Airfields_MO_NW.htm
1960293511,,MO,Rolla Airport (original location) (ROL),,Rolla,37.985,-91.723,,HISTORICAL_INFORMATIONAL,yes,,https://www.airfields-freeman.com/MO/Airfields_MO_SE.htm
15DC001D97,,MO,Ross Airport,,St. Louis,38.703,-90.224,,HISTORICAL_INFORMATIONAL,yes,,https://www.airfields-freeman.com/MO/Airfields_MO_NE.htm
CEAE97A68D,,MO,St Clair Municipal Airport (1st location),,St Clair,38.353,-90.961,,HISTORICAL_INFORMATIONAL,yes,,https://www.airfields-freeman.com/MO/Airfields_MO_SE.htm
E58A78FA21,,MO,St Clair Municipal Airport (2nd location) / St Clair Regional Airport (K39),,St Clair,38.374,-90.974,,HISTORICAL_INFORMATIONAL,yes,,https://www.airfields-freeman.com/MO/Airfields_MO_SE.htm
B9116583AC,,MO,St. Charles Municipal Airport,,St. Charles,38.85,-90.5,,HISTORICAL_INFORMATIONAL,yes,,https://www.airfields-freeman.com/MO/Airfields_MO_NE.htm
40A1193E82,,MO,Starling Airport,,Starling,38.451,-90.356,,HISTORICAL_INFORMATIONAL,yes,,https://www.airfields-freeman.com/MO/Airfields_MO_SE.htm
A35D1FF748,,MO,Steuby Airport / Maramec Airport / Meramec Airport / Naval Outlying Field 19714 / Southwest Airport,,Fenton,38.544,-90.457,,HISTORICAL_INFORMATIONAL,yes,,https://www.airfields-freeman.com/MO/Airfields_MO_SE.htm
DD4B17E350,,MO,Sullivan Memorial Airport (H62),,Sullivan,38.2,-91.18,,HISTORICAL_INFORMATIONAL,yes,,https://www.airfields-freeman.com/MO/Airfields_MO_SW.htm
FDE5ED3B2C,,MO,Sylvan Beach Airport / Naval Outlying Field 19715,,Fenton,38.534,-90.453,,HISTORICAL_INFORMATIONAL,yes,,https://www.airfields-freeman.com/MO/Airfields_MO_SE.htm
D3D7E248E0,,MO,Timberline Airport / Timber Line Airport (2K2),,Cassville,36.654,-93.803,,HISTORICAL_INFORMATIONAL,yes,,https://www.airfields-freeman.com/MO/Airfields_MO_SW.htm
CB6E6F4CAF,,MO,Weiss Airport (3WE),,St Louis,38.54,-90.45,,HISTORICAL_INFORMATIONAL,yes,,https://www.airfields-freeman.com/MO/Airfields_MO_SE.htm
68C0A7B098,,MO,Wentzville Airport (MO50),,Wentzville,38.821,-90.834,,HISTORICAL_INFORMATIONAL,yes,,https://www.airfields-freeman.com/MO/Airfields_MO_NE.htm
2B1C04038C,,MS,Alexander Airport / Picayune Airport / Alexandria Airport,,Picayune,30.52,-89.69,,HISTORICAL_INFORMATIONAL,yes,,https://www.airfields-freeman.com/MS/Airfields_MS_S.htm
88F772CCB8,,MS,Canton Airfield,,Canton,32.598,-90.069,,HISTORICAL_INFORMATIONAL,yes,,https://www.airfields-freeman.com/MS/Airfields_MS_S.htm
98BF403BF2,,MS,Carthage Airport / (Original) Leake County Airport,,Carthage,32.703,-89.517,,HISTORICAL_INFORMATIONAL,yes,,https://www.airfields-freeman.com/MS/Airfields_MS_NE.htm
7A1AE5343D,,MS,Coast Guard Air Station Biloxi / Soule Seaplane Base / Rogers Seaplane Base,,Biloxi,30.394,-88.858,,HISTORICAL_INFORMATIONAL,yes,,https://www.airfields-freeman.com/MS/Airfields_MS_S.htm
AF48FAF320,,MS,Columbus Auxiliary Army Airfield #6 / Vaugh Field / Vaughn AF Aux / Vaughn Airport,,Columbus,33.38,-88.37,,HISTORICAL_INFORMATIONAL,yes,,https://www.airfields-freeman.com/MS/Airfields_MS_NE.htm
9E347F9F33,,MS,De Soto Airpark,,Southhaven,34.99,-90.03,,HISTORICAL_INFORMATIONAL,yes,,https://www.airfields-freeman.com/MS/Airfields_MS_NW.htm
2DC3D8ADFA,,MS,Eddie A. Stinson Field / Columbus AAF Auxiliary #7 / Stinson Field Municipal Airport,,Aberdeen,33.85,-88.59,,HISTORICAL_INFORMATIONAL,yes,,https://www.airfields-freeman.com/MS/Airfields_MS_NE.htm
51377844F1,,MS,Forest Home Airport (MS23),,Woodville,31.007,-91.203,,HISTORICAL_INFORMATIONAL,yes,,https://www.airfields-freeman.com/MS/Airfields_MS_S.htm
911D0E57AE,,MS,Fulton-Itawamba County Airport (11M),,Fulton,34.35,-88.38,,HISTORICAL_INFORMATIONAL,yes,,https://www.airfields-freeman.com/MS/Airfields_MS_NE.htm
328FA8FA4D,,MS,Greenville Municipal Airport / Greenville Army Airfield Auxiliary #1,,Greenville,33.39,-91,,HISTORICAL_INFORMATIONAL,yes,,https://www.airfields-freeman.com/MS/Airfields_MS_NW.htm
7F66DFE34C,,MS,Greenwood Municipal Airport / Le Flore Airport,,Greenwood,33.5,-90.2,,HISTORICAL_INFORMATIONAL,yes,,https://www.airfields-freeman.com/MS/Airfields_MS_NW.htm
87FCFB330C,,MS,Hancock County Airport,,Bay St. Louis,30.31,-89.38,,HISTORICAL_INFORMATIONAL,yes,,https://www.airfields-freeman.com/MS/Airfields_MS_S.htm
09E98A2DC1,,MS,K&R Airport / King Riddell Airport,,Canton,32.596,-90.102,,HISTORICAL_INFORMATIONAL,yes,,https://www.airfields-freeman.com/MS/Airfields_MS_S.htm
B4472917A1,,MS,Natchez Airpark,,Natchez,31.585,-91.382,,HISTORICAL_INFORMATIONAL,yes,,https://www.airfields-freeman.com/MS/Airfields_MS_S.htm
4E377F7670,,MS,Oxford Municipal Airport,,Oxford,34.262,-89.528,,HISTORICAL_INFORMATIONAL,yes,,https://www.airfields-freeman.com/MS/Airfields_MS_NW.htm
5A0C0ECDB7,,MS,Pascagoula Airport (2nd location) / Jackson County Airport (PGL),,Pascagoula,30.38,-88.49,,HISTORICAL_INFORMATIONAL,yes,,https://www.airfields-freeman.com/MS/Airfields_MS_S.htm
9D83DDBC7D,,MS,Payne Field / Old Payne Field,,West Point,33.668,-88.633,,HISTORICAL_INFORMATIONAL,yes,,https://www.airfields-freeman.com/MS/Airfields_MS_NE.htm
773461A329,,MS,Picayune Municipal Airport (2nd location) (PCU) / Picayune Pearl River County Airport,,Picayune,30.52,-89.71,,HISTORICAL_INFORMATIONAL,yes,,https://www.airfields-freeman.com/MS/Airfields_MS_S.htm
4D3ABC3ACE,,MS,Raby Field / Pascagoula Airport (1st location) / Jackson County Airport,,Pascagoula,30.38,-88.53,,HISTORICAL_INFORMATIONAL,yes,,https://www.airfields-freeman.com/MS/Airfields_MS_S.htm
E75C7F4ED0,,MS,River Auxiliary Army Airfield #2 / River Air Force Auxiliary / River Airport,,Aberdeen,33.8,-88.32,,HISTORICAL_INFORMATIONAL,yes,,https://www.airfields-freeman.com/MS/Airfields_MS_NE.htm
51EFDE2D26,,MS,Sanders Field / Twinkle Town Airport,,Walls,34.93,-90.17,,HISTORICAL_INFORMATIONAL,yes,,https://www.airfields-freeman.com/MS/Airfields_MS_NW.htm
DFF0DF4D70,,MS,Vicksburg Airport (original location),,Vicksburg,32.402,-90.787,,HISTORICAL_INFORMATIONAL,yes,,https://www.airfields-freeman.com/MS/Airfields_MS_NW.htm
7348E3E8C5,,MS,Yazoo City Municipal Airport / Barrier Airport (M09),,Yazoo City,32.88,-90.41,,HISTORICAL_INFORMATIONAL,yes,,https://www.airfields-freeman.com/MS/Airfields_MS_NW.htm
385AA28E34,,MT,(Original) Eureka Airport,,Eureka,48.916,-115.085,,HISTORICAL_INFORMATIONAL,yes,,https://www.airfields-freeman.com/MT/Airfields_MT_W.htm
1A998D6BA4,,MT,(Original) Missoula Airport / Garden City Airport / Hale Field,,Missoula,46.84,-114.01,,HISTORICAL_INFORMATIONAL,yes,,https://www.airfields-freeman.com/MT/Airfields_MT_W.htm
664239381F,,MT,681st Aircraft Control & Warning Squadron Airfield,,Croff Lake,48.934,-112.795,,HISTORICAL_INFORMATIONAL,yes,,https://www.airfields-freeman.com/MT/Airfields_MT_W.htm
0C92D1E278,,MT,Broadus Airport (original location) (KBDX),,Broadus,45.432,-105.419,,HISTORICAL_INFORMATIONAL,yes,,https://www.airfields-freeman.com/MT/Airfields_MT_E.htm
C66EC87BE2,,MT,Glasgow AFB / Valley Industrial Park Airport / Glasgow Industrial Airport (GSG),,Glasgow,48.42,-106.53,,HISTORICAL_INFORMATIONAL,yes,,https://www.airfields-freeman.com/MT/Airfields_MT_E.htm
EC12BBA0E0,,MT,Glendive Airport,,Glendive,47.13,-104.69,,HISTORICAL_INFORMATIONAL,yes,,https://www.airfields-freeman.com/MT/Airfields_MT_E.htm
643DB90A30,,MT,Great Falls AAF / Malmstrom AFB (GFA),,Malmstrom,47.5,-111.19,,HISTORICAL_INFORMATIONAL,yes,,https://www.airfields-freeman.com/MT/Airfields_MT_W.htm
F08CE4DEB3,,MT,Higgins Airfield,,Ringling,46.268,-110.789,,HISTORICAL_INFORMATIONAL,yes,,https://www.airfields-freeman.com/MT/Airfields_MT_W.htm
C07B36DD5C,,MT,Oscar's Dreamland Airfield (9M3),,Billings,45.707,-108.62,,HISTORICAL_INFORMATIONAL,yes,,https://www.airfields-freeman.com/MT/Airfields_MT_E.htm
2FAA6D0072,,MT,Poplar Airport (2nd location),,Poplar,48.116,-105.181,,HISTORICAL_INFORMATIONAL,yes,,https://www.airfields-freeman.com/MT/Airfields_MT_E.htm
0EE535AD86,,MT,Poplar Municipal Airport (1st location),,Poplar,48.13,-105.21,,HISTORICAL_INFORMATIONAL,yes,,https://www.airfields-freeman.com/MT/Airfields_MT_E.htm
963BC99EE7,,MT,Seeley Lake USFS Airfield (original location),,Seeley Lake,47.24,-113.56,,HISTORICAL_INFORMATIONAL,yes,,https://www.airfields-freeman.com/MT/Airfields_MT_W.htm
110B07243E,,MT,Veseth Airport / Malta Airport,,Malta,48.349,-107.884,,HISTORICAL_INFORMATIONAL,yes,,https://www.airfields-freeman.com/MT/Airfields_MT_E.htm
B360AA047F,,MT,West Yellowstone Airport,,West Yellowstone,44.66,-111.12,,HISTORICAL_INFORMATIONAL,yes,,https://www.airfields-freeman.com/MT/Airfields_MT_W.htm
AE459254AC,,MT,Whitehall Intermediate Field,,Whitehall,45.81,-112.21,,HISTORICAL_INFORMATIONAL,yes,,https://www.airfields-freeman.com/MT/Airfields_MT_W.htm
B20ECA56D5,,NC,(Original) Charlotte Airport / Cannon Airport,,Charlotte,35.24,-80.89,,HISTORICAL_INFORMATIONAL,yes,,https://www.airfields-freeman.com/NC/Airfields_NC_Charlotte.htm
70561EBF38,,NC,(Original) Mt. Airy Airport,,Mt. Airy,36.478,-80.64,,HISTORICAL_INFORMATIONAL,yes,,https://www.airfields-freeman.com/NC/Airfields_NC_Greensboro.htm
7F0A99D9BC,,NC,(Original) Wilkes County Airport (IKB),,Wilkesboro,36.14,-81.19,,HISTORICAL_INFORMATIONAL,yes,,https://www.airfields-freeman.com/NC/Airfields_NC_Charlotte.htm
6FBC4D4565,,NC,Albemarle Airport,,Albemarle,35.34,-80.18,,HISTORICAL_INFORMATIONAL,yes,,https://www.airfields-freeman.com/NC/Airfields_NC_Charlotte.htm
01A6C6FF36,,NC,Asheville-Hendersonville Airport,,Fletcher,35.44,-82.48,,HISTORICAL_INFORMATIONAL,yes,,https://www.airfields-freeman.com/NC/Airfields_NC_W.htm
91D5BC7C32,,NC,Baird Bottom Landing Strip,,Asheville,35.63,-82.56,,HISTORICAL_INFORMATIONAL,yes,,https://www.airfields-freeman.com/NC/Airfields_NC_W.htm
1D0798965B,,NC,Blue Bird Marine Corps Expeditionary Airfield,,Duck Creek,34.553,-77.318,,HISTORICAL_INFORMATIONAL,yes,,https://www.airfields-freeman.com/NC/Airfields_NC_SE.htm
849DBB08FF,,NC,Brevard Airport (NC16),,Brevard,35.223,-82.726,,HISTORICAL_INFORMATIONAL,yes,,https://www.airfields-freeman.com/NC/Airfields_NC_W.htm
F80E51C227,,NC,Bridges Airpark,,Shelby,35.319,-81.498,,HISTORICAL_INFORMATIONAL,yes,,https://www.airfields-freeman.com/NC/Airfields_NC_Charlotte.htm
5BC61766CB,,NC,Brockenbrough Airport (9A3),,Charlotte,35.32,-80.84,,HISTORICAL_INFORMATIONAL,yes,,https://www.airfields-freeman.com/NC/Airfields_NC_Charlotte.htm
3B6E7CF701,,NC,Burgaw Airport,,Burgaw,34.55,-77.95,,HISTORICAL_INFORMATIONAL,yes,,https://www.airfields-freeman.com/NC/Airfields_NC_SE.htm
A1272D8C08,,NC,Camp Davis Marine Corps Outer Landing Field (14NC),,Holly Ridge,34.52,-77.55,,HISTORICAL_INFORMATIONAL,yes,,https://www.airfields-freeman.com/NC/Airfields_NC_SE.htm
4B973A8BEE,,NC,Camp Summit Airfield,,Cedar Mountain,35.17,-82.61,,HISTORICAL_INFORMATIONAL,yes,,https://www.airfields-freeman.com/NC/Airfields_NC_W.htm
822EECE675,,NC,Carolina Air Park / Carolina Skypark,,Kannapolis,35.454,-80.605,,HISTORICAL_INFORMATIONAL,yes,,https://www.airfields-freeman.com/NC/Airfields_NC_Charlotte.htm
2EC336E22E,,NC,Carpenter Airfield,,Charlotte,35.14,-80.97,,HISTORICAL_INFORMATIONAL,yes,,https://www.airfields-freeman.com/NC/Airfields_NC_Charlotte.htm
0BE7AB4643,,NC,Carrier Field / Owens Field,,Asheville,35.57,-82.58,,HISTORICAL_INFORMATIONAL,yes,,https://www.airfields-freeman.com/NC/Airfields_NC_W.htm
65F2DC35A6,,NC,Caswell Airpark (6W4),,Yanceyville,36.4,-79.39,,HISTORICAL_INFORMATIONAL,yes,,https://www.airfields-freeman.com/NC/Airfields_NC_Greensboro.htm
2E4E423517,,NC,Clayton Airport / Meadowlark Gliderport (NC19),,Whitsett,36.07,-79.58,,HISTORICAL_INFORMATIONAL,yes,,https://www.airfields-freeman.com/NC/Airfields_NC_Greensboro.htm
C1D86058FB,,NC,Colonial Airport,,Mt. Airy,36.516,-80.596,,HISTORICAL_INFORMATIONAL,yes,,https://www.airfields-freeman.com/NC/Airfields_NC_Greensboro.htm
E5694C35BA,,NC,Concord Airport (original location),,Concord,35.385,-80.492,,HISTORICAL_INFORMATIONAL,yes,,https://www.airfields-freeman.com/NC/Airfields_NC_Charlotte.htm
91BCE43447,,NC,Delta Air Base (NC24),,Charlotte,35.21,-80.72,,HISTORICAL_INFORMATIONAL,yes,,https://www.airfields-freeman.com/NC/Airfields_NC_Charlotte.htm
684B0AB279,,NC,Eagle Airport / Rocky Mount Municipal Airport (RMT),,Rocky Mount,35.96,-77.79,,HISTORICAL_INFORMATIONAL,yes,,https://www.airfields-freeman.com/NC/Airfields_NC_Raleigh.htm
A27CCD4756,,NC,Elizabeth City Municipal Airport (1st location),,Elizabeth City,36.26,-76.19,,HISTORICAL_INFORMATIONAL,yes,,https://www.airfields-freeman.com/NC/Airfields_NC_NE.htm
A9CFA583B1,,NC,Elizabeth City Municipal Airport (2nd location),,Elizabeth City,36.25,-76.26,,HISTORICAL_INFORMATIONAL,yes,,https://www.airfields-freeman.com/NC/Airfields_NC_NE.htm
B18A572E3C,,NC,Ferguson Landing Field,,Bryson City,35.44,-83.4,,HISTORICAL_INFORMATIONAL,yes,,https://www.airfields-freeman.com/NC/Airfields_NC_W.htm
2BAB38E1F8,,NC,Fields of the Wood Airfield,,Murphy,35.12,-84.25,,HISTORICAL_INFORMATIONAL,yes,,https://www.airfields-freeman.com/NC/Airfields_NC_W.htm
5A5ED5A670,,NC,Fort Fisher Army Airfield,,Fort Fisher,33.97,-77.92,,HISTORICAL_INFORMATIONAL,yes,,https://www.airfields-freeman.com/NC/Airfields_NC_SE.htm
301CCA86EE,,NC,Franklin Airport,,Franklin,35.18,-83.369,,HISTORICAL_INFORMATIONAL,yes,,https://www.airfields-freeman.com/NC/Airfields_NC_W.htm
ADAD827DDB,,NC,Franklin Field,,Louisburg,36.087,-78.33,,HISTORICAL_INFORMATIONAL,yes,,https://www.airfields-freeman.com/NC/Airfields_NC_Raleigh.htm
AA6D362922,,NC,Halifax County Airport (KRZZ),,Roanoke Rapids,36.44,-77.71,,HISTORICAL_INFORMATIONAL,yes,,https://www.airfields-freeman.com/NC/Airfields_NC_NE.htm
EE562BC9CC,,NC,Harris Airport,,Williamston,35.82,-77.06,,HISTORICAL_INFORMATIONAL,yes,,https://www.airfields-freeman.com/NC/Airfields_NC_NE.htm
22967F5607,,NC,Harvey Point Naval Auxiliary Air Station,,Harvey Point,36.1,-76.33,,HISTORICAL_INFORMATIONAL,yes,,https://www.airfields-freeman.com/NC/Airfields_NC_NE.htm
D515F6DC1D,,NC,Hotel Carolinian Airfield,,Nags Head,35.99,-75.646,,HISTORICAL_INFORMATIONAL,yes,,https://www.airfields-freeman.com/NC/Airfields_NC_NE.htm
EDE00A1E95,,NC,Huffman Field / Fairchild Field,,Burlington,36.09,-79.41,,HISTORICAL_INFORMATIONAL,yes,,https://www.airfields-freeman.com/NC/Airfields_NC_Greensboro.htm
EBF558D0DD,,NC,Hurdle Field (4W7),,Mebane,36.073,-79.281,,HISTORICAL_INFORMATIONAL,yes,,https://www.airfields-freeman.com/NC/Airfields_NC_Raleigh.htm
87B9AC90C2,,NC,Jacksonville Airport,,Jacksonville,34.786,-77.399,,HISTORICAL_INFORMATIONAL,yes,,https://www.airfields-freeman.com/NC/Airfields_NC_SE.htm
23C6E7D85B,,NC,Josephson Airport / Emma Airport / Asheville Airpark,,Emma,35.6,-82.6,,HISTORICAL_INFORMATIONAL,yes,,https://www.airfields-freeman.com/NC/Airfields_NC_W.htm
05E85EAD68,,NC,Kannapolis Airport,,Landis,35.531,-80.63,,HISTORICAL_INFORMATIONAL,yes,,https://www.airfields-freeman.com/NC/Airfields_NC_Charlotte.htm
28AE5451D1,,NC,Lake Logan Airfield,,Sunburst,35.4,-82.93,,HISTORICAL_INFORMATIONAL,yes,,https://www.airfields-freeman.com/NC/Airfields_NC_W.htm
4B4548A9DF,,NC,Lee County Airport (original location),,Sanford,35.46,-79.16,,HISTORICAL_INFORMATIONAL,yes,,https://www.airfields-freeman.com/NC/Airfields_NC_Raleigh.htm
109B9FEDFC,,NC,Lexington Airport / Grubb Airfield,,Lexington,35.798,-80.289,,HISTORICAL_INFORMATIONAL,yes,,https://www.airfields-freeman.com/NC/Airfields_NC_Greensboro.htm
62094E5A7B,,NC,Lincoln Airport,,Lincolnton,35.43,-81.27,,HISTORICAL_INFORMATIONAL,yes,,https://www.airfields-freeman.com/NC/Airfields_NC_Charlotte.htm
2F78DDFC8A,,NC,Linwood Airport / Gastonia Airport (original location) / Lynwood Airport,,Gastonia,35.249,-81.211,,HISTORICAL_INFORMATIONAL,yes,,https://www.airfields-freeman.com/NC/Airfields_NC_Charlotte.htm
32E8A14386,,NC,Louisburg Municipal Airport,,Louisburg,36.083,-78.314,,HISTORICAL_INFORMATIONAL,yes,,https://www.airfields-freeman.com/NC/Airfields_NC_Raleigh.htm
8AA7872ADB,,NC,Manteo Airport (original location) / Skyco Airport / Wanchese Airport,,Manteo,35.879,-75.66,,HISTORICAL_INFORMATIONAL,yes,,https://www.airfields-freeman.com/NC/Airfields_NC_NE.htm
2EB30FDAF9,,NC,Martindale Field / Chapel Hill Airport / Horace Williams Airport (KIGX),,Chapel Hill,35.935,-79.066,,HISTORICAL_INFORMATIONAL,yes,,https://www.airfields-freeman.com/NC/Airfields_NC_Raleigh.htm
FDEDEC0A2C,,NC,May Airport (80NC),,Forest Oaks,35.999,-79.689,,HISTORICAL_INFORMATIONAL,yes,,https://www.airfields-freeman.com/NC/Airfields_NC_Greensboro.htm
06649504DF,,NC,Mayo Airport,,Mayodan,36.41,-79.98,,HISTORICAL_INFORMATIONAL,yes,,https://www.airfields-freeman.com/NC/Airfields_NC_Greensboro.htm
A4ED0A2663,,NC,Midway Airport,,Thomasville,35.908,-80.049,,HISTORICAL_INFORMATIONAL,yes,,https://www.airfields-freeman.com/NC/Airfields_NC_Greensboro.htm
9918F8A0E6,,NC,Monroe Municipal Airport (original location) / Shute Airport,,Monroe,35.003,-80.566,,HISTORICAL_INFORMATIONAL,yes,,https://www.airfields-freeman.com/NC/Airfields_NC_Charlotte.htm
8CCAA2681D,,NC,NAS Weeksville,,Weeksville,36.23,-76.13,,HISTORICAL_INFORMATIONAL,yes,,https://www.airfields-freeman.com/NC/Airfields_NC_NE.htm
F07D2324C1,,NC,North Wilkesboro Airport,,North Wilkesboro,36.15,-81.16,,HISTORICAL_INFORMATIONAL,yes,,https://www.airfields-freeman.com/NC/Airfields_NC_Charlotte.htm
6F5274B2FC,,NC,Plaza Airport,,Charlotte,35.26,-80.76,,HISTORICAL_INFORMATIONAL,yes,,https://www.airfields-freeman.com/NC/Airfields_NC_Charlotte.htm
19C552B64C,,NC,Portsmouth Island Airfield,,Portsmouth Island,35.068,-76.058,,HISTORICAL_INFORMATIONAL,yes,,https://www.airfields-freeman.com/NC/Airfields_NC_NE.htm
3BF6B1426B,,NC,Raleigh Municipal Airport,,Raleigh,35.736,-78.655,,HISTORICAL_INFORMATIONAL,yes,,https://www.airfields-freeman.com/NC/Airfields_NC_Raleigh.htm
54695B9240,,NC,Sanford Lee County Brick Field (W77),,Sanford,35.43,-79.18,,HISTORICAL_INFORMATIONAL,yes,,https://www.airfields-freeman.com/NC/Airfields_NC_Raleigh.htm
FF91F07AD1,,NC,Shelba Airport / Wake South Airport / Raleigh Executive Airport,,Holly Springs,35.635,-78.856,,HISTORICAL_INFORMATIONAL,yes,,https://www.airfields-freeman.com/NC/Airfields_NC_Raleigh.htm
5BFC7851FD,,NC,White Oak Airport / Piney Green International Airport,,Jacksonville,34.77,-77.35,,HISTORICAL_INFORMATIONAL,yes,,https://www.airfields-freeman.com/NC/Airfields_NC_SE.htm
A41720C351,,NC,Wilgrove Air Park / Wilgrove Airport (8A6),,Charlotte,35.214,-80.668,,HISTORICAL_INFORMATIONAL,yes,,https://www.airfields-freeman.com/NC/Airfields_NC_Charlotte.htm
5EB5952658,,NC,Wolf Ridge Airport / Skyline Peak Airport (33NR),,Mars Hill,35.939,-82.515,,HISTORICAL_INFORMATIONAL,yes,,https://www.airfields-freeman.com/NC/Airfields_NC_W.htm
4BEF5CFC9A,,ND,(Original) Minnkota Airfield,,Center,47.08,-101.2,,HISTORICAL_INFORMATIONAL,yes,,https://www.airfields-freeman.com/ND/Airfields_ND.htm
301A4508A0,,ND,Bowman Field (original location) / Bowman Municipal Airport (KBPP),,Bowman,46.185,-103.427,,HISTORICAL_INFORMATIONAL,yes,,https://www.airfields-freeman.com/ND/Airfields_ND.htm
A39B418802,,ND,Canfield Airport (2nd location) / Williston Municipal Airport,,Williston,48.158,-103.638,,HISTORICAL_INFORMATIONAL,yes,,https://www.airfields-freeman.com/ND/Airfields_ND.htm
706C143AD7,,ND,Chandler Airport,,Williston,48.142,-103.678,,HISTORICAL_INFORMATIONAL,yes,,https://www.airfields-freeman.com/ND/Airfields_ND.htm
8C20AE02CD,,ND,Grand Forks Municipal Airport (original location),,Grand Forks,47.929,-97.095,,HISTORICAL_INFORMATIONAL,yes,,https://www.airfields-freeman.com/ND/Airfields_ND.htm
DDFE2BD3FE,,ND,Leonard Airport,,Leonard,46.654,-97.252,,HISTORICAL_INFORMATIONAL,yes,,https://www.airfields-freeman.com/ND/Airfields_ND.htm
0FF02573AA,,ND,Miller Airport,,Bowman,46.17,-103.38,,HISTORICAL_INFORMATIONAL,yes,,https://www.airfields-freeman.com/ND/Airfields_ND.htm
E87536E8BA,,ND,Sky Ranch Airport (6NA9),,Brenna,47.893,-97.113,,HISTORICAL_INFORMATIONAL,yes,,https://www.airfields-freeman.com/ND/Airfields_ND.htm
545F064887,,ND,Williston (New) Airport / Sloulin Field International Airport (KISN),,Williston,48.178,-103.638,,HISTORICAL_INFORMATIONAL,yes,,https://www.airfields-freeman.com/ND/Airfields_ND.htm
775DAF76E3,,ND,Williston Airport (1st location) / Canfield Airport (1st location),,Williston,48.147,-103.602,,HISTORICAL_INFORMATIONAL,yes,,https://www.airfields-freeman.com/ND/Airfields_ND.htm
E21816444B,,ND,Wimbledon Airport,,Wimbledon,47.16,-98.47,,HISTORICAL_INFORMATIONAL,yes,,https://www.airfields-freeman.com/ND/Airfields_ND.htm
7D722C8D98,,ND,Wright Field (ND23),,Williston,48.189,-103.62,,HISTORICAL_INFORMATIONAL,yes,,https://www.airfields-freeman.com/ND/Airfields_ND.htm
F6E9B1F474,,NE,Ak-Sar-Ben Field,,Omaha,41.24,-96.01,,HISTORICAL_INFORMATIONAL,yes,,https://www.airfields-freeman.com/NE/Airfields_NE_NE.htm
45FF6E0F53,,NE,Arrow Airport,,Lincoln,40.867,-96.655,,HISTORICAL_INFORMATIONAL,yes,,https://www.airfields-freeman.com/NE/Airfields_NE_NE.htm
C95C79B870,,NE,Blair Municipal Airport (83Y),,Blair,41.58,-96.16,,HISTORICAL_INFORMATIONAL,yes,,https://www.airfields-freeman.com/NE/Airfields_NE_NE.htm
81D25CFB8B,,NE,Clear Ridge Airport,,Omaha,41.316,-96.026,,HISTORICAL_INFORMATIONAL,yes,,https://www.airfields-freeman.com/NE/Airfields_NE_NE.htm
0E84BAB644,,NE,Grundman Field (3GN / 82NE),,Nebraska City,40.66,-95.86,,HISTORICAL_INFORMATIONAL,yes,,https://www.airfields-freeman.com/NE/Airfields_NE_SE.htm
407FF549C0,,NE,Harm Ranch Airfield (NE34),,Lindy,42.81,-97.725,,HISTORICAL_INFORMATIONAL,yes,,https://www.airfields-freeman.com/NE/Airfields_NE_NE.htm
3CFD5796AD,,NE,Harrison Municipal Airport / Skyranch Airport,,Harrison,42.694,-103.875,,HISTORICAL_INFORMATIONAL,yes,,https://www.airfields-freeman.com/NE/Airfields_NE_W.htm
9F2A277CD8,,NE,McCook Army Airfield / McCook State Airport,,McCook,40.31,-100.7,,HISTORICAL_INFORMATIONAL,yes,,https://www.airfields-freeman.com/NE/Airfields_NE_W.htm
B4CC6FD105,,NE,Rogert Airstrip (Y45),,Waterloo,41.275,-96.344,,HISTORICAL_INFORMATIONAL,yes,,https://www.airfields-freeman.com/NE/Airfields_NE_SE.htm
0C984852DA,,NE,Sioux Army Depot Airfield / Western Nebraska Technical College Airfield (7NE8),,Brownson,41.23,-103.1,,HISTORICAL_INFORMATIONAL,yes,,https://www.airfields-freeman.com/NE/Airfields_NE_W.htm
22C88FF1B7,,NE,South Omaha Airport,,Papillion,41.16,-96.01,,HISTORICAL_INFORMATIONAL,yes,,https://www.airfields-freeman.com/NE/Airfields_NE_NE.htm
DB7A48776B,,NE,Thedford Airport / (Original) Thomas County Airport,,Thedford,41.98,-100.532,,HISTORICAL_INFORMATIONAL,yes,,https://www.airfields-freeman.com/NE/Airfields_NE_W.htm
0B239EE3B6,,NE,Trenton Municipal Airport (9V2),,Trenton,40.19,-101.03,,HISTORICAL_INFORMATIONAL,yes,,https://www.airfields-freeman.com/NE/Airfields_NE_W.htm
A8A737F763,,NE,Union Airport,,Lincoln,40.88,-96.64,,HISTORICAL_INFORMATIONAL,yes,,https://www.airfields-freeman.com/NE/Airfields_NE_NE.htm
1A9171DAA8,,NE,Weibe Airfield,,Omaha,41.232,-96.18,,HISTORICAL_INFORMATIONAL,yes,,https://www.airfields-freeman.com/NE/Airfields_NE_NE.htm
32FC05CB01,,NH,Alstead Airfield / Whitcomb Landing Strip,,Walpole,43.128,-72.402,,HISTORICAL_INFORMATIONAL,yes,,https://www.airfields-freeman.com/NH/Airfields_NH.htm
480A634CA1,,NH,Besse Field,,Alton,43.426,-71.268,,HISTORICAL_INFORMATIONAL,yes,,https://www.airfields-freeman.com/NH/Airfields_NH.htm
11EBFE8C4B,,NH,Cibor Airport (NH28) / Rye Airfield,,Rye,43.01,-70.8,,HISTORICAL_INFORMATIONAL,yes,,https://www.airfields-freeman.com/NH/Airfields_NH.htm
A339103F59,,NH,Daniel Webster Airport / Sanders Airfield,,Merrimack,42.808,-71.487,,HISTORICAL_INFORMATIONAL,yes,,https://www.airfields-freeman.com/NH/Airfields_NH.htm
76100796CD,,NH,Granite State Airport,,Keene,42.953,-72.321,,HISTORICAL_INFORMATIONAL,yes,,https://www.airfields-freeman.com/NH/Airfields_NH.htm
454228534B,,NH,Groveton Papers Airport (7B1),,Groveton,44.615,-71.485,,HISTORICAL_INFORMATIONAL,yes,,https://www.airfields-freeman.com/NH/Airfields_NH.htm
B1DDBA527B,,NH,Hawkes Airfield / Lee Airfield (NH03),,Goffstown,43.029,-71.644,,HISTORICAL_INFORMATIONAL,yes,,https://www.airfields-freeman.com/NH/Airfields_NH.htm
04C647DD09,,NH,Hooksett-Manchester Airport & Seaplane Base,,Hooksett,43.074,-71.468,,HISTORICAL_INFORMATIONAL,yes,,https://www.airfields-freeman.com/NH/Airfields_NH.htm
7C38A4755D,,NH,Keene Airport / Keene Airpark,,Keene,42.959,-72.328,,HISTORICAL_INFORMATIONAL,yes,,https://www.airfields-freeman.com/NH/Airfields_NH.htm
B7614AAB92,,NH,Lakes Region Airport (69NH),,Wolfeboro,43.59,-71.27,,HISTORICAL_INFORMATIONAL,yes,,https://www.airfields-freeman.com/NH/Airfields_NH.htm
7CFD051BDC,,NH,Lincoln Airport,,Lincoln,44.048,-71.682,,HISTORICAL_INFORMATIONAL,yes,,https://www.airfields-freeman.com/NH/Airfields_NH.htm
2ADB514A1F,,NH,Morse Airfield,,Warren,43.935,-71.912,,HISTORICAL_INFORMATIONAL,yes,,https://www.airfields-freeman.com/NH/Airfields_NH.htm
D7B33ED282,,NH,Northeastern Gliderport / New England Gliderport,,Salem,42.76,-71.24,,HISTORICAL_INFORMATIONAL,yes,,https://www.airfields-freeman.com/NH/Airfields_NH.htm
849175D52E,,NH,Pike Airfield (8B7),,Tilton,43.46,-71.56,,HISTORICAL_INFORMATIONAL,yes,,https://www.airfields-freeman.com/NH/Airfields_NH.htm
FB8694A94B,,NH,Riverside Airport,,Ashland,43.74,-71.67,,HISTORICAL_INFORMATIONAL,yes,,https://www.airfields-freeman.com/NH/Airfields_NH.htm
0E59CC28D3,,NH,Weirs Seaplane Base,,Laconia,43.607,-71.458,,HISTORICAL_INFORMATIONAL,yes,,https://www.airfields-freeman.com/NH/Airfields_NH.htm
8BE824B58C,,NH,White Mountain Airport (CWN) / White Mountain Heliport (05N),,North Conway,44.02,-71.11,,HISTORICAL_INFORMATIONAL,yes,,https://www.airfields-freeman.com/NH/Airfields_NH.htm
70BC53D23A,,NH,White Mountain Gateway Airport (NH14),,Freedom,43.826,-71.139,,HISTORICAL_INFORMATIONAL,yes,,https://www.airfields-freeman.com/NH/Airfields_NH.htm
B59D83164C,,NJ,Adams Air Park,,Amwell,40.46,-74.769,,HISTORICAL_INFORMATIONAL,yes,,https://www.airfields-freeman.com/NJ/Airfields_NJ_Trenton.htm
E14C7DA401,,NJ,Aero-Haven Airport / Camden Burlington County Airport (16N),,Berlin,39.82,-74.89,,HISTORICAL_INFORMATIONAL,yes,,https://www.airfields-freeman.com/NJ/Airfields_NJ_SW.htm
BACDE667CB,,NJ,Aeromarine Factory Airfield / Keyport Airport,,Keyport,40.445,-74.188,,HISTORICAL_INFORMATIONAL,yes,,https://www.airfields-freeman.com/NJ/Airfields_NJ_NE.htm
190D53D65C,,NJ,Aircraft Radio Corporation Airfield,,Boonton,40.935,-74.428,,HISTORICAL_INFORMATIONAL,yes,,https://www.airfields-freeman.com/NJ/Airfields_NJ_NW.htm
8DA9F6ED48,,NJ,Almonesson Airport,,Blackwood,39.82,-75.09,,HISTORICAL_INFORMATIONAL,yes,,https://www.airfields-freeman.com/NJ/Airfields_NJ_SW.htm
1526F46693,,NJ,Applegarth Airfield,,Applegarth,40.28,-74.475,,HISTORICAL_INFORMATIONAL,yes,,https://www.airfields-freeman.com/NJ/Airfields_NJ_Trenton.htm
537B1BA941,,NJ,Arcola Airport,,Arcola,40.916,-74.084,,HISTORICAL_INFORMATIONAL,yes,,https://www.airfields-freeman.com/NJ/Airfields_NJ_NE.htm
97CB895D52,,NJ,Asbury Park Airport,,Oakhurst,40.259,-74.051,,HISTORICAL_INFORMATIONAL,yes,,https://www.airfields-freeman.com/NJ/Airfields_NJ_E.htm
B830E8D7FA,,NJ,Atlantic City Municipal Airport / Bader Field,,Atlantic City,39.36,-74.46,,HISTORICAL_INFORMATIONAL,yes,,https://www.airfields-freeman.com/NJ/Airfields_NJ_AtlanticCity.htm
B2DEB8D8F2,,NJ,Belford Airfield,,Belford,40.426,-74.078,,HISTORICAL_INFORMATIONAL,yes,,https://www.airfields-freeman.com/NJ/Airfields_NJ_NE.htm
845806C5BD,,NJ,Bridgeport Airport (N83),,Bridgeport,39.797,-75.343,,HISTORICAL_INFORMATIONAL,yes,,https://www.airfields-freeman.com/NJ/Airfields_NJ_SW.htm
A5D6145154,,NJ,Budd Lake Airfield,,Budd Lake,40.84,-74.775,,HISTORICAL_INFORMATIONAL,yes,,https://www.airfields-freeman.com/NJ/Airfields_NJ_NW.htm
E5DD9D28CB,,NJ,Camp Alfred Vail Army Airfield / Fort Monmouth Army Airfield,,Oceanport,40.32,-74.04,,HISTORICAL_INFORMATIONAL,yes,,https://www.airfields-freeman.com/NJ/Airfields_NJ_E.htm
6903A5A9F7,,NJ,Cavoli's Airport,,Buena,39.5,-74.9,,HISTORICAL_INFORMATIONAL,yes,,https://www.airfields-freeman.com/NJ/Airfields_NJ_SW.htm
5A7DFA95BB,,NJ,Central Jersey Airport / Hightstown-Windsor Airport,,Windsor,40.233,-74.591,,HISTORICAL_INFORMATIONAL,yes,,https://www.airfields-freeman.com/NJ/Airfields_NJ_Trenton.htm
C04CB0091F,,NJ,Coast Guard Air Station (NMK),,Cape May,38.945,-74.885,,HISTORICAL_INFORMATIONAL,yes,,https://www.airfields-freeman.com/NJ/Airfields_NJ_CapeMay.htm
E853B4B663,,NJ,Collins Field,,Mt Laurel,39.97,-74.91,,HISTORICAL_INFORMATIONAL,yes,,https://www.airfields-freeman.com/NJ/Airfields_NJ_Camden.htm
174D7B89A2,,NJ,Colts Neck Airport (N61),,Colts Neck,40.278,-74.182,,HISTORICAL_INFORMATIONAL,yes,,https://www.airfields-freeman.com/NJ/Airfields_NJ_E.htm
7AADB6DBA4,,NJ,Crescent Airport,,Mays Landing,39.48,-74.73,,HISTORICAL_INFORMATIONAL,yes,,https://www.airfields-freeman.com/NJ/Airfields_NJ_AtlanticCity.htm
D56F957ADE,,NJ,Crescent Airport / Camden Central Airport,,Pennsauken,39.93,-75.08,,HISTORICAL_INFORMATIONAL,yes,,https://www.airfields-freeman.com/NJ/Airfields_NJ_Camden.htm
2F82238C96,,NJ,East Hanover Airport / Hanover Airport (N58),,Hanover,40.84,-74.345,,HISTORICAL_INFORMATIONAL,yes,,https://www.airfields-freeman.com/NJ/Airfields_NJ_NE.htm
61154F959A,,NJ,Echelon Airport / Delaware Valley Airport,,Ashland,39.85,-75,,HISTORICAL_INFORMATIONAL,yes,,https://www.airfields-freeman.com/NJ/Airfields_NJ_Camden.htm
79675958B4,,NJ,Flanders Valley Airport (81N),,Flanders,40.838,-74.685,,HISTORICAL_INFORMATIONAL,yes,,https://www.airfields-freeman.com/NJ/Airfields_NJ_NW.htm
AF240322E7,,NJ,Flying W Airport (N14),,Lumberton,39.934,-74.807,,HISTORICAL_INFORMATIONAL,yes,,https://www.airfields-freeman.com/NJ/Airfields_NJ_Camden.htm
D395103E45,,NJ,Forked River Airport,,Forked River,39.84,-74.17,,HISTORICAL_INFORMATIONAL,yes,,https://www.airfields-freeman.com/NJ/Airfields_NJ_AtlanticCity.htm
76112A4ABF,,NJ,Forrestal Airport (N21),,Princeton,40.348,-74.61,,HISTORICAL_INFORMATIONAL,yes,,https://www.airfields-freeman.com/NJ/Airfields_NJ_Trenton.htm
E6B508E1A6,,NJ,Forsgate Airpark,,Jamesburg,40.344,-74.461,,HISTORICAL_INFORMATIONAL,yes,,https://www.airfields-freeman.com/NJ/Airfields_NJ_Trenton.htm
294A75B3AD,,NJ,Hadley Field,,South Plainfield,40.556,-74.43,,HISTORICAL_INFORMATIONAL,yes,,https://www.airfields-freeman.com/NJ/Airfields_NJ_NE.htm
4C77716A5F,,NJ,Haydu – Mt Bethel Airport,,Warren,40.632,-74.502,,HISTORICAL_INFORMATIONAL,yes,,https://www.airfields-freeman.com/NJ/Airfields_NJ_NE.htm
103248FC4D,,NJ,Ideal Manufacturing Corporation Airfield (NJ69),,Hammonton,39.659,-74.802,,HISTORICAL_INFORMATIONAL,yes,,https://www.airfields-freeman.com/NJ/Airfields_NJ_SW.htm
35C1C5C4B2,,NJ,Lake Hopatcong Airport / Brady Field / Hurdtown Airport,,Lake Hopatcong,40.9623,-74.601,,HISTORICAL_INFORMATIONAL,yes,,https://www.airfields-freeman.com/NJ/Airfields_NJ_NW.htm
72D4F8C388,,NJ,Lakehurst Naval Air Station (NEL),,Lakehurst,40.03,-74.35,,HISTORICAL_INFORMATIONAL,yes,,https://www.airfields-freeman.com/NJ/Airfields_NJ_E.htm
C7A43DB0D9,,NJ,Li Calzi Airport / Rainbow Field (N50),,Bridgeton,39.408,-75.237,,HISTORICAL_INFORMATIONAL,yes,,https://www.airfields-freeman.com/NJ/Airfields_NJ_SW.htm
868ABFEEA9,,NJ,Mahalchik Airfield,,Chambers Corners,40.03,-74.728,,HISTORICAL_INFORMATIONAL,yes,,https://www.airfields-freeman.com/NJ/Airfields_NJ_Trenton.htm
F1F785C821,,NJ,Manahawkin Airport (72N),,Manahawkin,39.7,-74.28,,HISTORICAL_INFORMATIONAL,yes,,https://www.airfields-freeman.com/NJ/Airfields_NJ_AtlanticCity.htm
838842F97B,,NJ,Marlton-Medford Airport,,Marlton,39.9,-74.9,,HISTORICAL_INFORMATIONAL,yes,,https://www.airfields-freeman.com/NJ/Airfields_NJ_SW.htm
B73F4D6A60,,NJ,McGuire AFB BOMARC Missile Site,,New Egypt,40.034,-74.441,,HISTORICAL_INFORMATIONAL,yes,,https://www.airfields-freeman.com/NJ/Airfields_NJ_E.htm
6115BF3CC7,,NJ,Mercer County Airport (original location) / Trenton-Mercer Airport,,Trenton,40.28,-74.83,,HISTORICAL_INFORMATIONAL,yes,,https://www.airfields-freeman.com/NJ/Airfields_NJ_Trenton.htm
C236EAB673,,NJ,Merrill Airport / Barrington Airport,,Barrington,39.866,-75.05,,HISTORICAL_INFORMATIONAL,yes,,https://www.airfields-freeman.com/NJ/Airfields_NJ_Camden.htm
F0AFFE97F6,,NJ,Moorestown Airport (2NE),,Moorestown,39.99,-74.94,,HISTORICAL_INFORMATIONAL,yes,,https://www.airfields-freeman.com/NJ/Airfields_NJ_Camden.htm
747694E386,,NJ,Murchio Field / Passaic County Airport / Murchio Airport,,Paterson,40.957,-74.237,,HISTORICAL_INFORMATIONAL,yes,,https://www.airfields-freeman.com/NJ/Airfields_NJ_NE.htm
73C3F49309,,NJ,Newton Airport (3N5),,Newton,41.025,-74.76,,HISTORICAL_INFORMATIONAL,yes,,https://www.airfields-freeman.com/NJ/Airfields_NJ_NW.htm
A7C6317920,,NJ,Norcross Airport / Hightstown Airport,,Hightstown,40.256,-74.537,,HISTORICAL_INFORMATIONAL,yes,,https://www.airfields-freeman.com/NJ/Airfields_NJ_Trenton.htm
0CCA92D648,,NJ,North Brunswick Airport,,North Brunswick,40.468,-74.486,,HISTORICAL_INFORMATIONAL,yes,,https://www.airfields-freeman.com/NJ/Airfields_NJ_NE.htm
48364A5903,,NJ,North Jersey Airport / Nelson Airport,,Franklin Lakes,41,-74.233,,HISTORICAL_INFORMATIONAL,yes,,https://www.airfields-freeman.com/NJ/Airfields_NJ_NE.htm
32B6B3A10C,,NJ,Northwest Jersey Airport,,Perryville,40.634,-74.977,,HISTORICAL_INFORMATIONAL,yes,,https://www.airfields-freeman.com/NJ/Airfields_NJ_NW.htm
97D2E78F50,,NJ,Ocean County Airport / Huppert’s Airport / Osbornville Airport,,Osbornville,40.04,-74.114,,HISTORICAL_INFORMATIONAL,yes,,https://www.airfields-freeman.com/NJ/Airfields_NJ_E.htm
56E0227F8B,,NJ,Oldmans Township Airport (7N7) / Spitfire Aerodrome,,Oldmans Township,39.735,-75.399,,HISTORICAL_INFORMATIONAL,yes,,https://www.airfields-freeman.com/NJ/Airfields_NJ_SW.htm
F32A0A752B,,NJ,Palmyra Airport,,Palmyra,40,-75.04,,HISTORICAL_INFORMATIONAL,yes,,https://www.airfields-freeman.com/NJ/Airfields_NJ_Camden.htm
268857F93A,,NJ,Pennington Airport / Twin Pine Airport (N75),,Pennington,40.31,-74.76,,HISTORICAL_INFORMATIONAL,yes,,https://www.airfields-freeman.com/NJ/Airfields_NJ_Trenton.htm
BCD50FBE35,,NJ,Phillipsburg Airport,,Phillipsburg,40.703,-75.153,,HISTORICAL_INFORMATIONAL,yes,,https://www.airfields-freeman.com/NJ/Airfields_NJ_Trenton.htm
1216F29310,,NJ,Pine Brook Airport,,Pine Brook,40.85,-74.34,,HISTORICAL_INFORMATIONAL,yes,,https://www.airfields-freeman.com/NJ/Airfields_NJ_NW.htm
CC5D12BAF6,,NJ,Piney Hollow Airfield (80N),,Monroe,39.595,-74.901,,HISTORICAL_INFORMATIONAL,yes,,https://www.airfields-freeman.com/NJ/Airfields_NJ_AtlanticCity.htm
830B81E1C8,,NJ,Pitman Airport,,Pitman,39.754,-75.141,,HISTORICAL_INFORMATIONAL,yes,,https://www.airfields-freeman.com/NJ/Airfields_NJ_SW.htm
CCEFB8B888,,NJ,Pleasantville - Somers Point Airport / Nordheim Flying K Airpark (1N6),,Cardiff,39.39,-74.61,,HISTORICAL_INFORMATIONAL,yes,,https://www.airfields-freeman.com/NJ/Airfields_NJ_AtlanticCity.htm
9A335C7B41,,NJ,Preston Airport / Marlboro Airport (2N8),,Marlboro,40.366,-74.253,,HISTORICAL_INFORMATIONAL,yes,,https://www.airfields-freeman.com/NJ/Airfields_NJ_E.htm
B3216A09BE,,NJ,Princeton Nassau Airpark,,Princeton,40.31,-74.67,,HISTORICAL_INFORMATIONAL,yes,,https://www.airfields-freeman.com/NJ/Airfields_NJ_Trenton.htm
195326E15B,,NJ,Ramapo Valley Airport (1st location),,Mahwah,41.102,-74.162,,HISTORICAL_INFORMATIONAL,yes,,https://www.airfields-freeman.com/NJ/Airfields_NJ_NE.htm
28DAFB3DEA,,NJ,Red Bank Airport,,Red Bank,40.327,-74.08,,HISTORICAL_INFORMATIONAL,yes,,https://www.airfields-freeman.com/NJ/Airfields_NJ_E.htm
F9BF43CD54,,NJ,Rudy's Airport (25N),,Vineland,39.555,-75.064,,HISTORICAL_INFORMATIONAL,yes,,https://www.airfields-freeman.com/NJ/Airfields_NJ_SW.htm
3E338F7261,,NJ,Schlossbach Field / Asbury Park Neptune Air Terminal (ARX),,Asbury Park,40.22,-74.09,,HISTORICAL_INFORMATIONAL,yes,,https://www.airfields-freeman.com/NJ/Airfields_NJ_E.htm
5062B335D9,,NJ,Shore Airport,,Brielle,40.117,-74.076,,HISTORICAL_INFORMATIONAL,yes,,https://www.airfields-freeman.com/NJ/Airfields_NJ_E.htm
A6B9167498,,NJ,Smithville Airport (3N9),,Smithville,39.49,-74.47,,HISTORICAL_INFORMATIONAL,yes,,https://www.airfields-freeman.com/NJ/Airfields_NJ_AtlanticCity.htm
C3C116841E,,NJ,Somerset Hills Airport (N64),,Basking Ridge,40.693,-74.535,,HISTORICAL_INFORMATIONAL,yes,,https://www.airfields-freeman.com/NJ/Airfields_NJ_NW.htm
F9D588A9ED,,NJ,Standard Aircraft Company Factory Airfield / Bayway Airfield,,Bayway,40.644,-74.214,,HISTORICAL_INFORMATIONAL,yes,,https://www.airfields-freeman.com/NJ/Airfields_NJ_NE.htm
354B00FADB,,NJ,Totowa-Wayne Airport,,Paterson,40.909,-74.247,,HISTORICAL_INFORMATIONAL,yes,,https://www.airfields-freeman.com/NJ/Airfields_NJ_NE.htm
F24CD42345,,NJ,Towaco Airport / Montville Airpark,,Towaco,40.932,-74.338,,HISTORICAL_INFORMATIONAL,yes,,https://www.airfields-freeman.com/NJ/Airfields_NJ_NE.htm
84173EFA5B,,NJ,Trenton-Princeton Airport / Trenton Forest Fire Service Airport,,Clarksville,40.29,-74.688,,HISTORICAL_INFORMATIONAL,yes,,https://www.airfields-freeman.com/NJ/Airfields_NJ_Trenton.htm
4DEA17B186,,NJ,Triangle Airport,,Cross Keys,39.72,-75.03,,HISTORICAL_INFORMATIONAL,yes,,https://www.airfields-freeman.com/NJ/Airfields_NJ_Camden.htm
DA27FF6748,,NJ,Trinca Airport (13N),,Andover,40.966,-74.782,,HISTORICAL_INFORMATIONAL,yes,,https://www.airfields-freeman.com/NJ/Airfields_NJ_NW.htm
A5628505F1,,NJ,Vineland Airport,,Vineland,39.432,-75.045,,HISTORICAL_INFORMATIONAL,yes,,https://www.airfields-freeman.com/NJ/Airfields_NJ_SW.htm
A9EB976C0D,,NJ,Walling Airport,,Hazlet,40.428,-74.188,,HISTORICAL_INFORMATIONAL,yes,,https://www.airfields-freeman.com/NJ/Airfields_NJ_NE.htm
1618307CEF,,NJ,Westfield Airport,,Clark,40.61,-74.319,,HISTORICAL_INFORMATIONAL,yes,,https://www.airfields-freeman.com/NJ/Airfields_NJ_NE.htm
794FEE8344,,NJ,Woodbridge Airport / Shinn-Woodbridge Airport,,Woodbridge,40.576,-74.333,,HISTORICAL_INFORMATIONAL,yes,,https://www.airfields-freeman.com/NJ/Airfields_NJ_NE.htm
1C8AE87718,,NM,(Original) Artesia Municipal Airport / Roswell Auxiliary Army Airfield #8 / Artesia Field,,Artesia,32.836,-104.507,,HISTORICAL_INFORMATIONAL,yes,,https://www.airfields-freeman.com/NM/Airfields_NM_Roswell.htm
F79DBDB736,,NM,(Original) Gallup Airport,,Gallup,35.532,-108.763,,HISTORICAL_INFORMATIONAL,yes,,https://www.airfields-freeman.com/NM/Airfields_NM_NW.htm
1144179972,,NM,(Original) Taos Airport / Kachina Airport / Downtown Airport,,Taos,36.38,-105.59,,HISTORICAL_INFORMATIONAL,yes,,https://www.airfields-freeman.com/NM/Airfields_NM_NE.htm
C9AE8B447B,,NM,Acomita Intermediate Field,,Acomita,35.045,-107.71,,HISTORICAL_INFORMATIONAL,yes,,https://www.airfields-freeman.com/NM/Airfields_NM_NW.htm
AF3BC74171,,NM,Alamogordo Airport (original) / Alamogordo Field,,Alamogordo,32.93,-105.965,,HISTORICAL_INFORMATIONAL,yes,,https://www.airfields-freeman.com/NM/Airfields_NM_Alamagordo.htm
C1A1A99CE4,,NM,Black Rock Airport,,Black Rock,35.084,-108.791,,HISTORICAL_INFORMATIONAL,yes,,https://www.airfields-freeman.com/NM/Airfields_NM_NW.htm
0F26059BA0,,NM,Carlsbad Auxiliary Army Airfield #1,,Harkey Crossing,32.26,-104.23,,HISTORICAL_INFORMATIONAL,yes,,https://www.airfields-freeman.com/NM/Airfields_NM_SE.htm
EF0095A1C0,,NM,Carlsbad Caverns Airpark,,Whites City,32.177,-104.358,,HISTORICAL_INFORMATIONAL,yes,,https://www.airfields-freeman.com/NM/Airfields_NM_SE.htm
B94A4411CB,,NM,CCES Airfield,,Mills,36.08,-104.43,,HISTORICAL_INFORMATIONAL,yes,,https://www.airfields-freeman.com/NM/Airfields_NM_NE.htm
E6FE6611E4,,NM,Chaco Canyon Airfield,,Chaco Canyon,36.096,-107.955,,HISTORICAL_INFORMATIONAL,yes,,https://www.airfields-freeman.com/NM/Airfields_NM_NW.htm
E6394093A9,,NM,Clines Corners Airport,,Clines Corners,35.006,-105.673,,HISTORICAL_INFORMATIONAL,yes,,https://www.airfields-freeman.com/NM/Airfields_NM_C.htm
A74D67CB88,,NM,Columbus Aerodrome / Columbus Airport,,Columbus,31.82,-107.63,,HISTORICAL_INFORMATIONAL,yes,,https://www.airfields-freeman.com/NM/Airfields_NM_SW.htm
5D1113313C,,NM,Condron Army Airfield (KWSD),,White Sands,32.338,-106.404,,HISTORICAL_INFORMATIONAL,yes,,https://www.airfields-freeman.com/NM/Airfields_NM_Alamagordo.htm
817F674943,,NM,Coronado Airport (4AC),,Albuquerque,35.2,-106.57,,HISTORICAL_INFORMATIONAL,yes,,https://www.airfields-freeman.com/NM/Airfields_NM_Albuquerque.htm
D05F49A539,,NM,Cotton City Landing Area,,Cotton City,32.073,-108.877,,HISTORICAL_INFORMATIONAL,yes,,https://www.airfields-freeman.com/NM/Airfields_NM_SW.htm
55C5E39C67,,NM,Cree Meadows Airport / Ruidoso Municipal Airport,,Ruidoso,33.36,-105.664,,HISTORICAL_INFORMATIONAL,yes,,https://www.airfields-freeman.com/NM/Airfields_NM_SE.htm
693AE92E3F,,NM,Cutter-Carr Airport / Cutter-Carr Airport #2 / Del Norte Airport,,Albuquerque,35.118,-106.618,,HISTORICAL_INFORMATIONAL,yes,,https://www.airfields-freeman.com/NM/Airfields_NM_Albuquerque.htm
AD641DCD10,,NM,Deming Auxiliary Army Airfield #1,,Southwest of Deming,32.02,-107.88,,HISTORICAL_INFORMATIONAL,yes,,https://www.airfields-freeman.com/NM/Airfields_NM_SW.htm
0CFC052D4F,,NM,Deming Auxiliary Army Airfield #2 / Deming Center Airport,,Gage,32.26,-107.94,,HISTORICAL_INFORMATIONAL,yes,,https://www.airfields-freeman.com/NM/Airfields_NM_SW.htm
0FA3F1477D,,NM,Dulce Airport,,Dulce,36.926,-106.995,,HISTORICAL_INFORMATIONAL,yes,,https://www.airfields-freeman.com/NM/Airfields_NM_NW.htm
8426F00E14,,NM,El Rancho Airport,,Volcano Cliffs,35.16,-106.73,,HISTORICAL_INFORMATIONAL,yes,,https://www.airfields-freeman.com/NM/Airfields_NM_Albuquerque.htm
DE2B079F85,,NM,El Vado State Park Airport / Tierra Amarilla Airport,,Tierra Amarilla,36.63,-106.72,,HISTORICAL_INFORMATIONAL,yes,,https://www.airfields-freeman.com/NM/Airfields_NM_NW.htm
0C0220A5F9,,NM,Eunice Airport (2nd location) / Lea County Eunice Airport,,Eunice,32.456,-103.242,,HISTORICAL_INFORMATIONAL,yes,,https://www.airfields-freeman.com/NM/Airfields_NM_SE.htm
03DFF19F3D,,NM,Fort Sumner Auxiliary Army Airfield #5 / Taiban Field,,Charlotte,34.59,-104,,HISTORICAL_INFORMATIONAL,yes,,https://www.airfields-freeman.com/NM/Airfields_NM_E.htm
9BC9B16560,,NM,Graham-Bell Airport / East Mesa Airpark,,Albuquerque,35.119,-106.584,,HISTORICAL_INFORMATIONAL,yes,,https://www.airfields-freeman.com/NM/Airfields_NM_Albuquerque.htm
40A996DF41,,NM,Greater Grants Airport,,Grants,35.235,-107.85,,HISTORICAL_INFORMATIONAL,yes,,https://www.airfields-freeman.com/NM/Airfields_NM_NW.htm
C797DA5BCE,,NM,Hillcrest Airport (E86),,Clovis,34.41,-103.17,,HISTORICAL_INFORMATIONAL,yes,,https://www.airfields-freeman.com/NM/Airfields_NM_E.htm
EAF438AED3,,NM,Hobbs Auxiliary Army Airfield #4 / Hobbs Municipal Auxiliary #4,,Buckeye,32.723,-103.533,,HISTORICAL_INFORMATIONAL,yes,,https://www.airfields-freeman.com/NM/Airfields_NM_SE.htm
BB8EBB853E,,NM,Hobbs Industrial Airpark (HBB),,Hobbs,32.765,-103.215,,HISTORICAL_INFORMATIONAL,yes,,https://www.airfields-freeman.com/NM/Airfields_NM_SE.htm
DE7582BF2F,,NM,Jundt Field / Westside Airport / Sunland Airpark (E32),,Sunland Park,31.802,-106.57,,HISTORICAL_INFORMATIONAL,yes,,https://www.airfields-freeman.com/NM/Airfields_NM_ElPaso.htm
247E329804,,NM,Knowles Auxiliary Army Airfield #1,,North of Hobbs,32.955,-103.12,,HISTORICAL_INFORMATIONAL,yes,,https://www.airfields-freeman.com/NM/Airfields_NM_SE.htm
6B40FC62BE,,NM,La Mesa Park Airport,,Raton,36.861,-104.449,,HISTORICAL_INFORMATIONAL,yes,,https://www.airfields-freeman.com/NM/Airfields_NM_NE.htm
69867CE902,,NM,Landing Field 73A / Otto Intermediate Field,,Otto,35.07,-106.01,,HISTORICAL_INFORMATIONAL,yes,,https://www.airfields-freeman.com/NM/Airfields_NM_NE.htm
574D03534C,,NM,Landing Field 78A / Anton Chico Intermediate Field,,Anton Chico,35.14,-105.08,,HISTORICAL_INFORMATIONAL,yes,,https://www.airfields-freeman.com/NM/Airfields_NM_NE.htm
92EC5B16CD,,NM,Las Cruces Airport (original) / Las Cruces Downtown Airport / Las Cruces East Airport,,Las Cruces,32.32,-106.76,,HISTORICAL_INFORMATIONAL,yes,,https://www.airfields-freeman.com/NM/Airfields_NM_ElPaso.htm
96541FF546,,NM,Las Cruces Intermediate Field / Hangar Lake Airport,,Las Cruces,32.41,-106.66,,HISTORICAL_INFORMATIONAL,yes,,https://www.airfields-freeman.com/NM/Airfields_NM_ElPaso.htm
C13FAC89EA,,NM,Magdalena Municipal Airport (original location),,Magdalena,34.124,-107.234,,HISTORICAL_INFORMATIONAL,yes,,https://www.airfields-freeman.com/NM/Airfields_NM_C.htm
3906CD3981,,NM,Mesquite Airfield,,Mesquite,32.17,-106.7,,HISTORICAL_INFORMATIONAL,yes,,https://www.airfields-freeman.com/NM/Airfields_NM_ElPaso.htm
3048E187EF,,NM,Mount Riley Intermediate Field,,Mount Riley,31.8,-107.07,,HISTORICAL_INFORMATIONAL,yes,,https://www.airfields-freeman.com/NM/Airfields_NM_SW.htm
94774A1CB6,,NM,Northrup Strip / White Sands Space Harbor,,White Sands,32.94,-106.42,,HISTORICAL_INFORMATIONAL,yes,,https://www.airfields-freeman.com/NM/Airfields_NM_Alamagordo.htm
D709EBFC7F,,NM,Old Savage Mine Airfield,,Silver City,32.769,-108.322,,HISTORICAL_INFORMATIONAL,yes,,https://www.airfields-freeman.com/NM/Airfields_NM_SW.htm
A83E119D33,,NM,Oscura Army Airfield,,Oscura,33.49,-106.184,,HISTORICAL_INFORMATIONAL,yes,,https://www.airfields-freeman.com/NM/Airfields_NM_Alamagordo.htm
F10498B496,,NM,Oxnard Field / (Original) Albuquerque Airport / Mobile Air Depot,,Albuquerque,35.04,-106.56,,HISTORICAL_INFORMATIONAL,yes,,https://www.airfields-freeman.com/NM/Airfields_NM_Albuquerque.htm
0AA820E82D,,NM,Paradise Acres Airport,,Albuquerque,35.01,-106.71,,HISTORICAL_INFORMATIONAL,yes,,https://www.airfields-freeman.com/NM/Airfields_NM_Albuquerque.htm
EA85035782,,NM,Pendaries Village Airfield,,Camp Davis,35.85,-105.38,,HISTORICAL_INFORMATIONAL,yes,,https://www.airfields-freeman.com/NM/Airfields_NM_NE.htm
64A38E4ACA,,NM,Philmont Scout Ranch Airfield,,Cimarron,36.49,-104.95,,HISTORICAL_INFORMATIONAL,yes,,https://www.airfields-freeman.com/NM/Airfields_NM_NE.htm
EEE31814EA,,NM,Portales Municipal Airport (1st location),,Midway,34.25,-103.24,,HISTORICAL_INFORMATIONAL,yes,,https://www.airfields-freeman.com/NM/Airfields_NM_E.htm
8D973C63BD,,NM,Portales Municipal Airport (2nd location),,Portales,34.13,-103.39,,HISTORICAL_INFORMATIONAL,yes,,https://www.airfields-freeman.com/NM/Airfields_NM_E.htm
D69DD6EAE0,,NM,Portales Municipal Airport (3rd location),,Portales,34.18,-103.37,,HISTORICAL_INFORMATIONAL,yes,,https://www.airfields-freeman.com/NM/Airfields_NM_E.htm
F7641957C5,,NM,Rodeo Intermediate Field / Rodeo Airport,,Rodeo,31.93,-108.99,,HISTORICAL_INFORMATIONAL,yes,,https://www.airfields-freeman.com/NM/Airfields_NM_SW.htm
DC71458C4A,,NM,Roswell Auxiliary Army Airfield #1,,Southwest of Roswell,33.24,-104.63,,HISTORICAL_INFORMATIONAL,yes,,https://www.airfields-freeman.com/NM/Airfields_NM_Roswell.htm
F53DEE931D,,NM,Roswell Auxiliary Army Airfield #2,,Dexter,33.18,-104.47,,HISTORICAL_INFORMATIONAL,yes,,https://www.airfields-freeman.com/NM/Airfields_NM_Roswell.htm
55AB303E72,,NM,Roswell Auxiliary Army Airfield #3,,Dexter,33.13,-104.55,,HISTORICAL_INFORMATIONAL,yes,,https://www.airfields-freeman.com/NM/Airfields_NM_Roswell.htm
029B270CC6,,NM,Roswell Auxiliary Army Airfield #4,,Lake Arthur,32.98,-104.49,,HISTORICAL_INFORMATIONAL,yes,,https://www.airfields-freeman.com/NM/Airfields_NM_Roswell.htm
076DC40126,,NM,Roswell Municipal Airport / Roswell Auxiliary Army Airfield #9,,Roswell,33.41,-104.55,,HISTORICAL_INFORMATIONAL,yes,,https://www.airfields-freeman.com/NM/Airfields_NM_Roswell.htm
30C43E63E3,,NM,Roy Municipal Airport,,Roy,35.94,-104.195,,HISTORICAL_INFORMATIONAL,yes,,https://www.airfields-freeman.com/NM/Airfields_NM_NE.htm
AB9581BCC1,,NM,Sandia Base Airfield,,Albuquerque,34.97,-106.49,,HISTORICAL_INFORMATIONAL,yes,,https://www.airfields-freeman.com/NM/Airfields_NM_Albuquerque.htm
E945CAC90B,,NM,Santa Fe Airport (original location) / Ashley Pond Airport,,Santa Fe,35.64,-105.97,,HISTORICAL_INFORMATIONAL,yes,,https://www.airfields-freeman.com/NM/Airfields_NM_NW.htm
535A4E2DBA,,NM,Santa Fe Municipal Airport (2nd location),,Aqua Fria,35.632,-106.027,,HISTORICAL_INFORMATIONAL,yes,,https://www.airfields-freeman.com/NM/Airfields_NM_NW.htm
8C14F2E6B7,,NM,Santa Rosa Peak Airfield,,Santa Rosa Peak,35.36,-107.24,,HISTORICAL_INFORMATIONAL,yes,,https://www.airfields-freeman.com/NM/Airfields_NM_Albuquerque.htm
FD537CAF2B,,NM,Seven Bar Airport / Alameda Airport (Q64),,Albuquerque,35.2,-106.66,,HISTORICAL_INFORMATIONAL,yes,,https://www.airfields-freeman.com/NM/Airfields_NM_Albuquerque.htm
8EED58E63A,,NM,Sky Court Airport / Snell Airport,,Albuquerque,35.117,-106.56,,HISTORICAL_INFORMATIONAL,yes,,https://www.airfields-freeman.com/NM/Airfields_NM_Albuquerque.htm
8A16B38E92,,NM,Stahmann Farms Airfield (1st location),,Mesquite,32.19,-106.75,,HISTORICAL_INFORMATIONAL,yes,,https://www.airfields-freeman.com/NM/Airfields_NM_ElPaso.htm
00E4CDFB49,,NM,Stahmann Farms Airfield (2nd location),,Mesquite,32.177,-106.764,,HISTORICAL_INFORMATIONAL,yes,,https://www.airfields-freeman.com/NM/Airfields_NM_ElPaso.htm
E7813C3104,,NM,State College Airport / University Airport,,Las Cruces,32.275,-106.747,,HISTORICAL_INFORMATIONAL,yes,,https://www.airfields-freeman.com/NM/Airfields_NM_ElPaso.htm
05B7351D5E,,NM,Sunspot Heliport,,Sunspot,32.792,-105.822,,HISTORICAL_INFORMATIONAL,yes,,https://www.airfields-freeman.com/NM/Airfields_NM_Alamagordo.htm
6F0D96D064,,NM,Tinian Airport,,Tinian,35.838,-107.335,,HISTORICAL_INFORMATIONAL,yes,,https://www.airfields-freeman.com/NM/Airfields_NM_NW.htm
3DC015F446,,NM,Torreon Airport,,Torreon,35.788,-107.243,,HISTORICAL_INFORMATIONAL,yes,,https://www.airfields-freeman.com/NM/Airfields_NM_NW.htm
80272AE76A,,NM,Transwestern #5 Airfield (97E),,Thoreau,35.404,-108.25,,HISTORICAL_INFORMATIONAL,yes,,https://www.airfields-freeman.com/NM/Airfields_NM_NW.htm
EF2EEB280D,,NM,Transwestern #6 Airfield (70E),,New Laguna,35.02,-107.42,,HISTORICAL_INFORMATIONAL,yes,,https://www.airfields-freeman.com/NM/Airfields_NM_NW.htm
6309B31A51,,NM,Transwestern #7 Airfield (77E),,Mountainair,34.32,-106.27,,HISTORICAL_INFORMATIONAL,yes,,https://www.airfields-freeman.com/NM/Airfields_NM_C.htm
6DECD20651,,NM,"Transwestern #8 Airfield (62E), Laguna, NM",,Corona,33.924,-105.34,,HISTORICAL_INFORMATIONAL,yes,,https://www.airfields-freeman.com/NM/Airfields_NM_C.htm
9D8DE9EEB3,,NM,Tularosa Airport,,Tularosa,33.105,-106.03,,HISTORICAL_INFORMATIONAL,yes,,https://www.airfields-freeman.com/NM/Airfields_NM_Alamagordo.htm
007CA512D8,,NM,Turner Airport / Turner Ridgeport Airport (NM72),,Silver City,32.75,-108.29,,HISTORICAL_INFORMATIONAL,yes,,https://www.airfields-freeman.com/NM/Airfields_NM_SW.htm
873D598547,,NM,Ute Dam Airfield (E97),,Logan,35.356,-103.438,,HISTORICAL_INFORMATIONAL,yes,,https://www.airfields-freeman.com/NM/Airfields_NM_NE.htm
D75BB46382,,NM,Valencia Community Air Ranch,,Los Lunas,34.78,-106.65,,HISTORICAL_INFORMATIONAL,yes,,https://www.airfields-freeman.com/NM/Airfields_NM_Albuquerque.htm
7E2817B484,,NM,Western Air Express Airport / West Mesa Airport,,Albuquerque,35.08,-106.72,,HISTORICAL_INFORMATIONAL,yes,,https://www.airfields-freeman.com/NM/Airfields_NM_Albuquerque.htm
AA9F3B3213,,NM,White Sands Airport / Alamo Midway Airport,,Alamogordo,32.87,-105.993,,HISTORICAL_INFORMATIONAL,yes,,https://www.airfields-freeman.com/NM/Airfields_NM_Alamagordo.htm
C394655399,,NM,Zia Field,,Taos,36.37,-105.64,,HISTORICAL_INFORMATIONAL,yes,,https://www.airfields-freeman.com/NM/Airfields_NM_NE.htm
357E9E4307,,NV,(Original) Reno Sky Ranch,,Sparks,39.65,-119.7,,HISTORICAL_INFORMATIONAL,yes,,https://www.airfields-freeman.com/NV/Airfields_NV_NW.htm
7B3D9D66F1,,NV,Anderson Field / Rockwell Field,,Las Vegas,36.142,-115.151,,HISTORICAL_INFORMATIONAL,yes,,https://www.airfields-freeman.com/NV/Airfields_NV_LasVegas.htm
C0AC35422D,,NV,Ash Meadows Airport,,Lathrop Wells,36.361,-116.297,,HISTORICAL_INFORMATIONAL,yes,,https://www.airfields-freeman.com/NV/Airfields_NV_S.htm
605F033C89,,NV,Barton Field,,Las Vegas,36.013,-115.25,,HISTORICAL_INFORMATIONAL,yes,,https://www.airfields-freeman.com/NV/Airfields_NV_LasVegas.htm
E4563F6786,,NV,Basecamp Airfield,,Warm Springs,38.32,-116.28,,HISTORICAL_INFORMATIONAL,yes,,https://www.airfields-freeman.com/NV/Airfields_NV_NW.htm
DA625D0A80,,NV,Buffalo Valley Intermediate Field,,Buffalo Valley,40.35,-117.35,,HISTORICAL_INFORMATIONAL,yes,,https://www.airfields-freeman.com/NV/Airfields_NV_NE.htm
06D81CB83B,,NV,Bullock's Airport / (Original) Boulder City Municipal Airport (BLD),,Boulder City,35.97,-114.85,,HISTORICAL_INFORMATIONAL,yes,,https://www.airfields-freeman.com/NV/Airfields_NV_LasVegas.htm
E4BB0A47E9,,NV,Bush-Leland Airport,,West Wendover,40.724,-114.083,,HISTORICAL_INFORMATIONAL,yes,,https://www.airfields-freeman.com/NV/Airfields_NV_NE.htm
4AE3FF251B,,NV,Caliente Flight Strip (0L2),,Caliente,37.6,-114.86,,HISTORICAL_INFORMATIONAL,yes,,https://www.airfields-freeman.com/NV/Airfields_NV_NE.htm
E7CC5B6DF0,,NV,Chicken Ranch Airfield,,Pahrump,36.07,-115.95,,HISTORICAL_INFORMATIONAL,yes,,https://www.airfields-freeman.com/NV/Airfields_NV_S.htm
3344AE2CF1,,NV,Delamar Lake Landing Strip,,Alamo,37.32,-114.94,,HISTORICAL_INFORMATIONAL,yes,,https://www.airfields-freeman.com/NV/Airfields_NV_NE.htm
B407F991C4,,NV,Desert Rock Army Airfield (original location),,Mercury,36.64,-116.01,,HISTORICAL_INFORMATIONAL,yes,,https://www.airfields-freeman.com/NV/Airfields_NV_S.htm
9B25D4CE07,,NV,Dover Airport,,West Wendover,40.706,-114.096,,HISTORICAL_INFORMATIONAL,yes,,https://www.airfields-freeman.com/NV/Airfields_NV_NE.htm
6DD20DDF2F,,NV,Fernley Airfield,,Fernley,39.58,-119.204,,HISTORICAL_INFORMATIONAL,yes,,https://www.airfields-freeman.com/NV/Airfields_NV_NW.htm
FCBF9571D4,,NV,Hidden Hills Ranch Airport (L57),,Pahrump,36.007,-115.862,,HISTORICAL_INFORMATIONAL,yes,,https://www.airfields-freeman.com/NV/Airfields_NV_S.htm
45A3F8160C,,NV,Humboldt Intermediate Field,,Humboldt,40.086,-118.156,,HISTORICAL_INFORMATIONAL,yes,,https://www.airfields-freeman.com/NV/Airfields_NV_NW.htm
7E6E72F5F9,,NV,Lahontan Field,,Fallon,39.459,-118.786,,HISTORICAL_INFORMATIONAL,yes,,https://www.airfields-freeman.com/NV/Airfields_NV_NW.htm
B131551DF2,,NV,Lathrop Wells Airport / Jackass Aeropark (U75),,Amargosa Valley,36.64,-116.41,,HISTORICAL_INFORMATIONAL,yes,,https://www.airfields-freeman.com/NV/Airfields_NV_S.htm
D2853A9F35,,NV,Lovelock Municipal Airport / Roberts Field / Lovelock Airpark,,Lovelock,40.191,-118.452,,HISTORICAL_INFORMATIONAL,yes,,https://www.airfields-freeman.com/NV/Airfields_NV_NW.htm
8767B43FBF,,NV,Nevada Flyers Airfield (NV18) / Spanish Springs Airport (N86),,Reno,39.672,-119.725,,HISTORICAL_INFORMATIONAL,yes,,https://www.airfields-freeman.com/NV/Airfields_NV_NW.htm
1C149DF64E,,NV,Oasis Airfield,,Oasis,40.997,-114.45,,HISTORICAL_INFORMATIONAL,yes,,https://www.airfields-freeman.com/NV/Airfields_NV_NE.htm
A3DA1EFA90,,NV,Pioche Municipal Airport (11U),,Pioche,38,-114.51,,HISTORICAL_INFORMATIONAL,yes,,https://www.airfields-freeman.com/NV/Airfields_NV_NE.htm
0F08FB3CAF,,NV,Ranch Club Airfield / D4C Ranch Airfield,,Las Vegas,36.122,-115.195,,HISTORICAL_INFORMATIONAL,yes,,https://www.airfields-freeman.com/NV/Airfields_NV_LasVegas.htm
9609516581,,NV,Reno Air Mail Field / Blanchfield Field / Blanch Field,,Reno,39.5,-119.81,,HISTORICAL_INFORMATIONAL,yes,,https://www.airfields-freeman.com/NV/Airfields_NV_NW.htm
FAD30596A7,,NV,Reno Skyline Airport,,Reno,39.536,-119.849,,HISTORICAL_INFORMATIONAL,yes,,https://www.airfields-freeman.com/NV/Airfields_NV_NW.htm
6131AD0FCB,,NV,Scotty Airport / Bonnie Claire Lake Landing Strip,,Bonnie Claire,37.16,-117.16,,HISTORICAL_INFORMATIONAL,yes,,https://www.airfields-freeman.com/NV/Airfields_NV_S.htm
D178797420,,NV,Scotty's Intermediate Field / Bonnie Claire Airport,,Bonnie Claire,37.2,-117.18,,HISTORICAL_INFORMATIONAL,yes,,https://www.airfields-freeman.com/NV/Airfields_NV_S.htm
265C3AAAC1,,NV,Sky Corral Airport,,Las Vegas,36.132,-115.18,,HISTORICAL_INFORMATIONAL,yes,,https://www.airfields-freeman.com/NV/Airfields_NV_LasVegas.htm
4A255C9E94,,NV,Sparks Airport,,Sparks,39.548,-119.749,,HISTORICAL_INFORMATIONAL,yes,,https://www.airfields-freeman.com/NV/Airfields_NV_NW.htm
178A5EEF6D,,NV,Sutcliffe Naval Outlying Landing Field / Sutcliffe Airport,,Sutcliffe,39.94,-119.6,,HISTORICAL_INFORMATIONAL,yes,,https://www.airfields-freeman.com/NV/Airfields_NV_NW.htm
0B563A728C,,NV,Tahoe Sky-Harbor Airport,,Stateline,38.97,-119.94,,HISTORICAL_INFORMATIONAL,yes,,https://www.airfields-freeman.com/NV/Airfields_NV_NW.htm
1BC15A3EF7,,NV,Tonopah Airfield / Cavanaugh Airport / Lambertucci Airfield,,Tonopah,38.09,-117.28,,HISTORICAL_INFORMATIONAL,yes,,https://www.airfields-freeman.com/NV/Airfields_NV_C.htm
48BDCF713E,,NV,Tonopah Aux AAF #1,,Mellan,37.82,-116.06,,HISTORICAL_INFORMATIONAL,yes,,https://www.airfields-freeman.com/NV/Airfields_NV_C.htm
764E348251,,NV,Tonopah Aux AAF #2,,Mellan,37.72,-116.16,,HISTORICAL_INFORMATIONAL,yes,,https://www.airfields-freeman.com/NV/Airfields_NV_C.htm
CEF73F8839,,NV,Tonopah Aux AAF #3,,Mellan,37.63,-116.66,,HISTORICAL_INFORMATIONAL,yes,,https://www.airfields-freeman.com/NV/Airfields_NV_C.htm
9A0B767C46,,NV,Tonopah Aux AAF #4,,Mellan,37.76,-116.65,,HISTORICAL_INFORMATIONAL,yes,,https://www.airfields-freeman.com/NV/Airfields_NV_C.htm
FAC717595E,,NV,Tonopah Aux AAF #5 / Mellan Airstrip,,Mellan,37.68,-116.63,,HISTORICAL_INFORMATIONAL,yes,,https://www.airfields-freeman.com/NV/Airfields_NV_C.htm
4B1AE52A23,,NV,Voc-Tech Airfield,,Las Vegas,36.08,-115.068,,HISTORICAL_INFORMATIONAL,yes,,https://www.airfields-freeman.com/NV/Airfields_NV_LasVegas.htm
775BFAAF97,,NY,(Original) Islip Airport,,Islip,40.75,-73.21,,HISTORICAL_INFORMATIONAL,yes,,https://www.airfields-freeman.com/NY/Airfields_NY_LongIs_Suffolk_W.htm
1B578C8EDA,,NY,Advance Sunrise Airport / Curtiss Airport / Columbia Aircraft Company Airfield,,Valley Stream,40.66,-73.724,,HISTORICAL_INFORMATIONAL,yes,,https://www.airfields-freeman.com/NY/Airfields_NY_LongIs_Nassau_W.htm
81976EDD16,,NY,Amherst Airport,,East Amherst,43.06,-78.72,,HISTORICAL_INFORMATIONAL,yes,,https://www.airfields-freeman.com/NY/Airfields_NY_Buffalo.htm
87EA46576F,,NY,Atlas Missile Site 556-10 / Site 556-5 Airfield,,Lewis,44.334,-73.561,,HISTORICAL_INFORMATIONAL,yes,,https://www.airfields-freeman.com/NY/Airfields_NY_NE.htm
FBADF51323,,NY,"Auburn Airport, Throopsville",,Fulton,42.967,-76.608,,HISTORICAL_INFORMATIONAL,yes,,https://www.airfields-freeman.com/NY/Airfields_NY_Centr.htm
D2E052C4BF,,NY,Audubon Airport,,Getzville,42.995,-78.779,,HISTORICAL_INFORMATIONAL,yes,,https://www.airfields-freeman.com/NY/Airfields_NY_Buffalo.htm
2DC050BC51,,NY,Barrett Field / Westchester Aviation Country Club Airport / Armonk Airport,,Armonk,41.12,-73.71,,HISTORICAL_INFORMATIONAL,yes,,https://www.airfields-freeman.com/NY/Airfields_NY_Westchester.htm
DF019AC0FF,,NY,Becker Airport,,Buffalo,42.928,-78.761,,HISTORICAL_INFORMATIONAL,yes,,https://www.airfields-freeman.com/NY/Airfields_NY_Buffalo.htm
5790B31BFF,,NY,Bellanca Richmond Hill Airfield / Staten Island Airport,,New Springville,40.58,-74.166,,HISTORICAL_INFORMATIONAL,yes,,https://www.airfields-freeman.com/NY/Airfields_NY_NY_StatenI.htm
AC3AB8F2F3,,NY,Belmont Park Aerodrome,,Emont,40.714,-73.726,,HISTORICAL_INFORMATIONAL,yes,,https://www.airfields-freeman.com/NY/Airfields_NY_LongIs_Nassau_W.htm
819614CDE9,,NY,Black Pond Airfield,,Farmer's Mills,41.506,-73.762,,HISTORICAL_INFORMATIONAL,yes,,https://www.airfields-freeman.com/NY/Airfields_NY_SE.htm
E30E0665FE,,NY,Bonnie Brae Airfield,,Owasco,42.838,-76.496,,HISTORICAL_INFORMATIONAL,yes,,https://www.airfields-freeman.com/NY/Airfields_NY_Centr.htm
67DBA76E3E,,NY,Brindley Field,,Commack,40.84,-73.31,,HISTORICAL_INFORMATIONAL,yes,,https://www.airfields-freeman.com/NY/Airfields_NY_LongIs_Suffolk_W.htm
C165320606,,NY,Brizee - Harmon Airport,,Pittsford,43.09,-77.48,,HISTORICAL_INFORMATIONAL,yes,,https://www.airfields-freeman.com/NY/Airfields_NY_Rochester.htm
818BABD037,,NY,Brooklyn Coast Guard Air Station (NOP),,Brooklyn,40.6,-73.9,,HISTORICAL_INFORMATIONAL,yes,,https://www.airfields-freeman.com/NY/Airfields_NY_NY_Brooklyn.htm
9B14E338B8,,NY,Canastota Airport (1B8),,Canastota,43.07,-75.77,,HISTORICAL_INFORMATIONAL,yes,,https://www.airfields-freeman.com/NY/Airfields_NY_Centr.htm
7867F2144B,,NY,Catskill Airport / Catskill Valley Airport,,Catskill,42.197,-73.888,,HISTORICAL_INFORMATIONAL,yes,,https://www.airfields-freeman.com/NY/Airfields_NY_Albany.htm
497A6CD0EC,,NY,Central Islip Field / Bender-Brentwood Airport,,Brentwood,40.78,-73.22,,HISTORICAL_INFORMATIONAL,yes,,https://www.airfields-freeman.com/NY/Airfields_NY_LongIs_Suffolk_W.htm
76450790C2,,NY,Christie Airport,,New City,41.17,-73.98,,HISTORICAL_INFORMATIONAL,yes,,https://www.airfields-freeman.com/NY/Airfields_NY_Rockland.htm
C4263A468F,,NY,Consolidated Aircraft Airfield / Bell Airport / Tonawanda Airport,,Tonawanda,42.992,-78.889,,HISTORICAL_INFORMATIONAL,yes,,https://www.airfields-freeman.com/NY/Airfields_NY_Buffalo.htm
EECDC0B5ED,,NY,Cooperstown Airport,,Cooperstown,42.714,-74.951,,HISTORICAL_INFORMATIONAL,yes,,https://www.airfields-freeman.com/NY/Airfields_NY_Centr.htm
8CE4770C54,,NY,Coram Airport,,Coram,40.87,-72.99,,HISTORICAL_INFORMATIONAL,yes,,https://www.airfields-freeman.com/NY/Airfields_NY_LongIs_Suffolk_E.htm
BD107AEA8E,,NY,County Line Airport,,North Tonawanda,43.04,-78.82,,HISTORICAL_INFORMATIONAL,yes,,https://www.airfields-freeman.com/NY/Airfields_NY_Buffalo.htm
89F96766B8,,NY,Croton Airpark,,Croton,41.235,-73.85,,HISTORICAL_INFORMATIONAL,yes,,https://www.airfields-freeman.com/NY/Airfields_NY_Westchester.htm
AC705EABC3,,NY,Curtiss Aerodrome,,Buffalo,42.984,-78.838,,HISTORICAL_INFORMATIONAL,yes,,https://www.airfields-freeman.com/NY/Airfields_NY_Buffalo.htm
0EE632213C,,NY,Curtiss Airport / Bronx Airport,,Bronx,40.875,-73.829,,HISTORICAL_INFORMATIONAL,yes,,https://www.airfields-freeman.com/NY/Airfields_NY_NY_Brooklyn.htm
D228A50A6C,,NY,Deer Park Airport,,Deer Park,40.76,-73.31,,HISTORICAL_INFORMATIONAL,yes,,https://www.airfields-freeman.com/NY/Airfields_NY_LongIs_Suffolk_W.htm
887BCD38C2,,NY,Donovan Hughes Airport,,New Springville,40.573,-74.17,,HISTORICAL_INFORMATIONAL,yes,,https://www.airfields-freeman.com/NY/Airfields_NY_NY_StatenI.htm
B6C98758FD,,NY,Downsville Airport,,Downsville,42.055,-75.013,,HISTORICAL_INFORMATIONAL,yes,,https://www.airfields-freeman.com/NY/Airfields_NY_Centr.htm
624F58F8EA,,NY,East Greenbush Airport,,East Greenbush,42.588,-73.712,,HISTORICAL_INFORMATIONAL,yes,,https://www.airfields-freeman.com/NY/Airfields_NY_Albany.htm
7BC773FACE,,NY,Evans Airways Airfield / Angola Airways Airfield / Angola Airport (D22),,Angola,42.66,-79,,HISTORICAL_INFORMATIONAL,yes,,https://www.airfields-freeman.com/NY/Airfields_NY_Buffalo.htm
3CC9F74249,,NY,F&F Air Park,,Oneonta,42.453,-75.013,,HISTORICAL_INFORMATIONAL,yes,,https://www.airfields-freeman.com/NY/Airfields_NY_Centr.htm
1F26E8A708,,NY,Farlys Airpark / Farley's Air Park / Farly Airpark,,New Baltimore,42.42,-73.788,,HISTORICAL_INFORMATIONAL,yes,,https://www.airfields-freeman.com/NY/Airfields_NY_Albany.htm
6350EC13D3,,NY,Fitzmaurice Field,,Massapequa Park,40.688,-73.45,,HISTORICAL_INFORMATIONAL,yes,,https://www.airfields-freeman.com/NY/Airfields_NY_LongIs_Nassau_E.htm
7454EA6A4F,,NY,Flowerfield Airfield,,Flowerfield,40.9,-73.14,,HISTORICAL_INFORMATIONAL,yes,,https://www.airfields-freeman.com/NY/Airfields_NY_LongIs_Suffolk_E.htm
1133119D25,,NY,Flushing Airport (FLU),,Queens,40.78,-73.83,,HISTORICAL_INFORMATIONAL,yes,,https://www.airfields-freeman.com/NY/Airfields_NY_NY_Queens.htm
88EF2D6D00,,NY,Fort Tilden Blimp Field,,Rockaway,40.56,-73.88,,HISTORICAL_INFORMATIONAL,yes,,https://www.airfields-freeman.com/NY/Airfields_NY_NY_Queens.htm
D7CF64E426,,NY,Fredonia Airpark / Van Buren Flying Club Airport,,Fredonia,42.44,-79.4,,HISTORICAL_INFORMATIONAL,yes,,https://www.airfields-freeman.com/NY/Airfields_NY_Buffalo.htm
018C3F15B2,,NY,Frontier Town Airpark,,North Hudson,43.949,-73.736,,HISTORICAL_INFORMATIONAL,yes,,https://www.airfields-freeman.com/NY/Airfields_NY_NE.htm
51324FFA42,,NY,Genesee Airport,,Rochester,43.085,-77.611,,HISTORICAL_INFORMATIONAL,yes,,https://www.airfields-freeman.com/NY/Airfields_NY_Rochester.htm
D292F725C2,,NY,Glens Falls Airport / (Original) Floyd Bennett Field,,Glens Falls,43.332,-73.692,,HISTORICAL_INFORMATIONAL,yes,,https://www.airfields-freeman.com/NY/Airfields_NY_Albany.htm
8F376587F1,,NY,Goat Island Heliport,,Niagara Falls,43.08,-79.06,,HISTORICAL_INFORMATIONAL,yes,,https://www.airfields-freeman.com/NY/Airfields_NY_Buffalo.htm
E71C2F34CE,,NY,Governor's Island Army Airfield,,Governor's Island,40.69,-74.02,,HISTORICAL_INFORMATIONAL,yes,,https://www.airfields-freeman.com/NY/Airfields_NY_NY_Brooklyn.htm
5E5D50CD29,,NY,Grossinger's Airport / Liberty Airport,,Liberty,41.8,-74.702,,HISTORICAL_INFORMATIONAL,yes,,https://www.airfields-freeman.com/NY/Airfields_NY_SE.htm
6DC55222D1,,NY,Grumman Bethpage Airfield (BPA),,Bethpage,40.75,-73.495,,HISTORICAL_INFORMATIONAL,yes,,https://www.airfields-freeman.com/NY/Airfields_NY_LongIs_Nassau_E.htm
64AFE9A327,,NY,Grumman Peconic River Airfield / Calverton Executive Airpark (CTO),,Calverton,40.92,-72.79,,HISTORICAL_INFORMATIONAL,yes,,https://www.airfields-freeman.com/NY/Airfields_NY_LongIs_Suffolk_E.htm
1197FB99A5,,NY,Hamburg Airpark,,Hamburg,42.75,-78.86,,HISTORICAL_INFORMATIONAL,yes,,https://www.airfields-freeman.com/NY/Airfields_NY_Buffalo.htm
4D8E9A59DB,,NY,Hayes Airport / Cicero Airpark / Michael Field,,Cicero,43.182,-76.126,,HISTORICAL_INFORMATIONAL,yes,,https://www.airfields-freeman.com/NY/Airfields_NY_Centr.htm
49AA43F2F2,,NY,Hazelhurst Aviation Field #1 / Curtiss Flying Field / Roosevelt Field,,Garden City,40.74,-73.61,,HISTORICAL_INFORMATIONAL,yes,,https://www.airfields-freeman.com/NY/Airfields_NY_LongIs_Nassau_W.htm
1C11BCF074,,NY,Hazelhurst Aviation Field #2 / Mitchel Field / Mitchel AFB,,Garden City,40.725,-73.595,,HISTORICAL_INFORMATIONAL,yes,,https://www.airfields-freeman.com/NY/Airfields_NY_LongIs_Nassau_E.htm
F73450DF20,,NY,Hazelhurst Aviation Field #2 / Mitchel Field / Mitchel AFB,,Garden City,40.725,-73.595,,HISTORICAL_INFORMATIONAL,yes,,https://www.airfields-freeman.com/NY/Airfields_NY_LongIs_Nassau_W.htm
6E80B34050,,NY,Hicksville Airpark,,Hicksville,40.805,-73.518,,HISTORICAL_INFORMATIONAL,yes,,https://www.airfields-freeman.com/NY/Airfields_NY_LongIs_Nassau_E.htm
164FAC959F,,NY,Holmes Airport / Grand Central Air Terminal / Grand Central Airport,,Jackson Heights,40.76,-73.89,,HISTORICAL_INFORMATIONAL,yes,,https://www.airfields-freeman.com/NY/Airfields_NY_NY_Queens.htm
C941D63D15,,NY,Honeoye Falls Airport (D70),,Honeoye Falls,42.95,-77.6,,HISTORICAL_INFORMATIONAL,yes,,https://www.airfields-freeman.com/NY/Airfields_NY_Rochester.htm
8CCF6BC3AB,,NY,Huguenot Airport,,Huguenot,41.406,-74.644,,HISTORICAL_INFORMATIONAL,yes,,https://www.airfields-freeman.com/NY/Airfields_NY_SE.htm
EA634F95E7,,NY,Hylan Field,,Rochester,43.08,-77.64,,HISTORICAL_INFORMATIONAL,yes,,https://www.airfields-freeman.com/NY/Airfields_NY_Rochester.htm
B511A51168,,NY,Island Park Seaplane Base / Suburban Seaplane Base,,Island Park,40.596,-73.652,,HISTORICAL_INFORMATIONAL,yes,,https://www.airfields-freeman.com/NY/Airfields_NY_LongIs_Nassau_W.htm
C6A6A592CB,,NY,Ithaca Municipal Airport,,Ithaca,42.455,-76.52,,HISTORICAL_INFORMATIONAL,yes,,https://www.airfields-freeman.com/NY/Airfields_NY_Centr.htm
140B11B05F,,NY,Jamaica Sea Airport / Jamaica Airport,,Idlewild,40.64,-73.758,,HISTORICAL_INFORMATIONAL,yes,,https://www.airfields-freeman.com/NY/Airfields_NY_NY_Queens.htm
5E9C47161D,,NY,Kamp Airport (1B4),,Durhamville,43.135,-75.65,,HISTORICAL_INFORMATIONAL,yes,,https://www.airfields-freeman.com/NY/Airfields_NY_Centr.htm
F96467AA4F,,NY,Keyes Oneonta Airport,,Oneonta,42.451,-75.109,,HISTORICAL_INFORMATIONAL,yes,,https://www.airfields-freeman.com/NY/Airfields_NY_Albany.htm
2B4119A6FA,,NY,Kingston Airways Airport / Kingston Auxiliary Field / Kingston Airport,,Kingston,41.944,-74.027,,HISTORICAL_INFORMATIONAL,yes,,https://www.airfields-freeman.com/NY/Airfields_NY_Albany.htm
C35E021D64,,NY,La Roe Airport / Bedford Airport,,Bedford,41.2,-73.65,,HISTORICAL_INFORMATIONAL,yes,,https://www.airfields-freeman.com/NY/Airfields_NY_Westchester.htm
10A7BD8D28,,NY,Lakelawn Airport,,Skaneateles,42.933,-76.444,,HISTORICAL_INFORMATIONAL,yes,,https://www.airfields-freeman.com/NY/Airfields_NY_Centr.htm
2BE1B7A351,,NY,Lakeview Airport / Hayes Airport / Blasdell Airport,,Blasdell,42.796,-78.813,,HISTORICAL_INFORMATIONAL,yes,,https://www.airfields-freeman.com/NY/Airfields_NY_Buffalo.htm
A106769D91,,NY,Livingston Manor Airport,,Livingston Manor,41.893,-74.82,,HISTORICAL_INFORMATIONAL,yes,,https://www.airfields-freeman.com/NY/Airfields_NY_SE.htm
A3C90BF382,,NY,Long Island Aviation Country Club,,Hicksville,40.738,-73.52,,HISTORICAL_INFORMATIONAL,yes,,https://www.airfields-freeman.com/NY/Airfields_NY_LongIs_Nassau_E.htm
EBD7DC4639,,NY,Loudon Airport,,Cohoes,42.798,-73.728,,HISTORICAL_INFORMATIONAL,yes,,https://www.airfields-freeman.com/NY/Airfields_NY_Albany.htm
B4E9EF180F,,NY,"Lufker Airport (O00, 4NY7, 49N)",,East Moriches,40.823,-72.75,,HISTORICAL_INFORMATIONAL,yes,,https://www.airfields-freeman.com/NY/Airfields_NY_LongIs_Suffolk_E.htm
338C6D0228,,NY,Mahopac Airport (N77),,Mahopac,41.382,-73.766,,HISTORICAL_INFORMATIONAL,yes,,https://www.airfields-freeman.com/NY/Airfields_NY_SE.htm
08EA2EAD9A,,NY,Mangeot Field / Holly Brothers Airport / Reid Airport / Fulton Auxiliary Field / Fulton Airpark,,Fulton,43.32,-76.44,,HISTORICAL_INFORMATIONAL,yes,,https://www.airfields-freeman.com/NY/Airfields_NY_Centr.htm
174A235B17,,NY,Midway Airport (0G5),,Olean,42.088,-78.478,,HISTORICAL_INFORMATIONAL,yes,,https://www.airfields-freeman.com/NY/Airfields_NY_Buffalo.htm
BAFF2568F0,,NY,Miller Airport,,West Nyack,41.1,-73.95,,HISTORICAL_INFORMATIONAL,yes,,https://www.airfields-freeman.com/NY/Airfields_NY_Rockland.htm
A6C52E3C69,,NY,Miller Field / Miller Army Airfield,,New Dorp Beach,40.567,-74.097,,HISTORICAL_INFORMATIONAL,yes,,https://www.airfields-freeman.com/NY/Airfields_NY_NY_StatenI.htm
2C82A806B0,,NY,Millerton Airport,,Millerton,41.99,-73.51,,HISTORICAL_INFORMATIONAL,yes,,https://www.airfields-freeman.com/NY/Airfields_NY_SE.htm
2423ABFED9,,NY,Monticello Sullivan County Airport / County Seat Airport (N37),,Monticello,41.622,-74.697,,HISTORICAL_INFORMATIONAL,yes,,https://www.airfields-freeman.com/NY/Airfields_NY_SE.htm
B963D4D77E,,NY,Nedrow Airpark (NY38),,Nedrow,42.965,-76.145,,HISTORICAL_INFORMATIONAL,yes,,https://www.airfields-freeman.com/NY/Airfields_NY_Centr.htm
5D17C9AC77,,NY,New Sayville Airport,,Sayville,40.762,-73.072,,HISTORICAL_INFORMATIONAL,yes,,https://www.airfields-freeman.com/NY/Airfields_NY_LongIs_Suffolk_E.htm
7AF5487748,,NY,New York Seaplane Airport / Grumman Seaplane Base / Tom's Point Seaplane Base,,Port Washington,40.836,-73.71,,HISTORICAL_INFORMATIONAL,yes,,https://www.airfields-freeman.com/NY/Airfields_NY_LongIs_Nassau_W.htm
673766DB8D,,NY,New York Worlds Fair Heliport,,Queens,40.744,-73.851,,HISTORICAL_INFORMATIONAL,yes,,https://www.airfields-freeman.com/NY/Airfields_NY_NY_Queens.htm
DE587AF4A1,,NY,Olean Airport,,Hinsdale,42.177,-78.383,,HISTORICAL_INFORMATIONAL,yes,,https://www.airfields-freeman.com/NY/Airfields_NY_Buffalo.htm
BCD5C13306,,NY,Oneida County Airport (KUCA),,Whitestown,43.145,-75.38,,HISTORICAL_INFORMATIONAL,yes,,https://www.airfields-freeman.com/NY/Airfields_NY_NE.htm
16A05B7C06,,NY,Oneida Lake Airport & Seaplane Base,,Lakeport,43.15,-75.878,,HISTORICAL_INFORMATIONAL,yes,,https://www.airfields-freeman.com/NY/Airfields_NY_Centr.htm
F9CD258A0D,,NY,Orangeburg Civil Air Patrol Airport,,Orangeburg,41.04,-73.99,,HISTORICAL_INFORMATIONAL,yes,,https://www.airfields-freeman.com/NY/Airfields_NY_Rockland.htm
F09A533FCB,,NY,Orchard Park Airport (34D / N34) / Orchard Park Army Airfield,,Orchard Park,42.8,-78.74,,HISTORICAL_INFORMATIONAL,yes,,https://www.airfields-freeman.com/NY/Airfields_NY_Buffalo.htm
5020A215D0,,NY,Original Wellsville Municipal Airport / Crowner Airport,,Wellsville,42.131,-77.969,,HISTORICAL_INFORMATIONAL,yes,,https://www.airfields-freeman.com/NY/Airfields_NY_Buffalo.htm
1074AA7B71,,NY,Oval Wood Dish Company Airfield,,Tupper Lake,44.237,-74.458,,HISTORICAL_INFORMATIONAL,yes,,https://www.airfields-freeman.com/NY/Airfields_NY_NE.htm
930A48C494,,NY,Pan Am Metroport Heliport (6N4),,New York,40.753,-73.977,,HISTORICAL_INFORMATIONAL,yes,,https://www.airfields-freeman.com/NY/Airfields_NY_NY_Brooklyn.htm
46BA5D7FB1,,NY,Para-Tech Airfield,,Brockport,43.26,-77.999,,HISTORICAL_INFORMATIONAL,yes,,https://www.airfields-freeman.com/NY/Airfields_NY_Rochester.htm
C44C7AE0E8,,NY,Peekskill Seaplane Base (7N2),,Verplanck,41.248,-73.96,,HISTORICAL_INFORMATIONAL,yes,,https://www.airfields-freeman.com/NY/Airfields_NY_Westchester.htm
956E1D9D80,,NY,Plattsburgh Municipal Airport / Clinton County Airport,,Plattsburgh,44.69,-73.52,,HISTORICAL_INFORMATIONAL,yes,,https://www.airfields-freeman.com/NY/Airfields_NY_NE.htm
284BE405FE,,NY,Poughkeepsie Airport / Red Oaks Mill Airport,,Red Oaks Mill,41.65,-73.88,,HISTORICAL_INFORMATIONAL,yes,,https://www.airfields-freeman.com/NY/Airfields_NY_SE.htm
4F75B94004,,NY,Proner Airport,,Elma,42.8,-78.65,,HISTORICAL_INFORMATIONAL,yes,,https://www.airfields-freeman.com/NY/Airfields_NY_Buffalo.htm
71E1988C7C,,NY,Reynolds Field / Westchester Airport / Reynolds Central Airport / Reynolds Center Airport,,Valhalla,41.1,-73.766,,HISTORICAL_INFORMATIONAL,yes,,https://www.airfields-freeman.com/NY/Airfields_NY_Westchester.htm
D0FC1AD1E9,,NY,Richmond County Airport,,Travis,40.592,-74.196,,HISTORICAL_INFORMATIONAL,yes,,https://www.airfields-freeman.com/NY/Airfields_NY_NY_StatenI.htm
DFDAB1AB16,,NY,Ridgeway Airpark,,Greece,43.19,-77.68,,HISTORICAL_INFORMATIONAL,yes,,https://www.airfields-freeman.com/NY/Airfields_NY_Rochester.htm
4B9611FE82,,NY,Riverside Airport (4B2),,Utica,43.13,-75.27,,HISTORICAL_INFORMATIONAL,yes,,https://www.airfields-freeman.com/NY/Airfields_NY_NE.htm
BFA690084E,,NY,Rockaway Airport / Edgemere NOLF,,Edgemere,40.6,-73.78,,HISTORICAL_INFORMATIONAL,yes,,https://www.airfields-freeman.com/NY/Airfields_NY_NY_Queens.htm
11D049EF0C,,NY,Rockaway Naval Air Station (WW1-era location),,Rockaway,40.57,-73.87,,HISTORICAL_INFORMATIONAL,yes,,https://www.airfields-freeman.com/NY/Airfields_NY_NY_Queens.htm
F905EAFAFF,,NY,Rockland Airport,,New City,41.13,-73.97,,HISTORICAL_INFORMATIONAL,yes,,https://www.airfields-freeman.com/NY/Airfields_NY_Rockland.htm
A8B990B318,,NY,Sages Airport,,Kerhonkson,41.779,-74.27,,HISTORICAL_INFORMATIONAL,yes,,https://www.airfields-freeman.com/NY/Airfields_NY_SE.htm
9A6429DAE6,,NY,Sampson Air Force Base / North Star Seneca Airpark / Seneca Army Airfield (SSN),,Romulus,42.72,-76.88,,HISTORICAL_INFORMATIONAL,yes,,https://www.airfields-freeman.com/NY/Airfields_NY_Rochester.htm
222EA90CDD,,NY,Sampson Naval Training Center Airfield,,Romulus,42.7,-76.89,,HISTORICAL_INFORMATIONAL,yes,,https://www.airfields-freeman.com/NY/Airfields_NY_Rochester.htm
1C179BA0A8,,NY,Sayville Airport,,Sayville,40.752,-73.084,,HISTORICAL_INFORMATIONAL,yes,,https://www.airfields-freeman.com/NY/Airfields_NY_LongIs_Suffolk_E.htm
1FD30138C1,,NY,Scenic Aire Park,,Geneva,42.83,-76.98,,HISTORICAL_INFORMATIONAL,yes,,https://www.airfields-freeman.com/NY/Airfields_NY_Rochester.htm
05DF6F1979,,NY,Sha-Wan-Ga Valley Airport (8NY7),,Bloomingburg,41.571,-74.402,,HISTORICAL_INFORMATIONAL,yes,,https://www.airfields-freeman.com/NY/Airfields_NY_SE.htm
04FC300DA6,,NY,Sheridan Airport,,Buffalo,42.98,-78.71,,HISTORICAL_INFORMATIONAL,yes,,https://www.airfields-freeman.com/NY/Airfields_NY_Buffalo.htm
F5F3DF3EAB,,NY,Skypark Airport (46N),,Red Hook,41.984,-73.837,,HISTORICAL_INFORMATIONAL,yes,,https://www.airfields-freeman.com/NY/Airfields_NY_SE.htm
54798A029E,,NY,Smithtown Airport / Smithtown Aviation Country Club,,Smithtown,40.83,-73.23,,HISTORICAL_INFORMATIONAL,yes,,https://www.airfields-freeman.com/NY/Airfields_NY_LongIs_Suffolk_W.htm
7EDF333DE4,,NY,Spadaro Airport (1N2),,East Moriches,40.828,-72.749,,HISTORICAL_INFORMATIONAL,yes,,https://www.airfields-freeman.com/NY/Airfields_NY_LongIs_Suffolk_E.htm
69D4895295,,NY,Sport Haven Airport,,Cairo,42.314,-73.986,,HISTORICAL_INFORMATIONAL,yes,,https://www.airfields-freeman.com/NY/Airfields_NY_Albany.htm
FA7BEE2AF1,,NY,Spring Valley Airport / County Airpark / Ramapo Valley Airport (N24),,Spring Valley,41.11,-74.02,,HISTORICAL_INFORMATIONAL,yes,,https://www.airfields-freeman.com/NY/Airfields_NY_Rockland.htm
D77F6B0F3B,,NY,Stewart Airways Airport / Somers Airport,,Somers,41.32,-73.68,,HISTORICAL_INFORMATIONAL,yes,,https://www.airfields-freeman.com/NY/Airfields_NY_Westchester.htm
5C974AE7E7,,NY,Stormville Airport (N69),,Stormville,41.577,-73.733,,HISTORICAL_INFORMATIONAL,yes,,https://www.airfields-freeman.com/NY/Airfields_NY_SE.htm
779317AE6D,,NY,Syracuse Municipal Airport,,Amboy,43.07,-76.26,,HISTORICAL_INFORMATIONAL,yes,,https://www.airfields-freeman.com/NY/Airfields_NY_Centr.htm
D3CAA76A9C,,NY,Taylor-Van Gelder Airport (00G),,Hammondsport,42.44,-77.21,,HISTORICAL_INFORMATIONAL,yes,,https://www.airfields-freeman.com/NY/Airfields_NY_Rochester.htm
8FB55D6E03,,NY,Ticonderoga Intermediate Field / (Original) Ticonderoga Airport,,Ticonderoga,43.89,-73.4,,HISTORICAL_INFORMATIONAL,yes,,https://www.airfields-freeman.com/NY/Airfields_NY_NE.htm
E56798BA94,,NY,Tioga Airport,,Owego,42.084,-76.304,,HISTORICAL_INFORMATIONAL,yes,,https://www.airfields-freeman.com/NY/Airfields_NY_Centr.htm
BD6D4B53AA,,NY,Transit Airport / North Buffalo Suburban Airport (0G0),,Lockport,43.103,-78.701,,HISTORICAL_INFORMATIONAL,yes,,https://www.airfields-freeman.com/NY/Airfields_NY_Buffalo.htm
596D0C03A3,,NY,Tri-County Airways Airport (NY53),,West Edmeston,42.74,-75.3,,HISTORICAL_INFORMATIONAL,yes,,https://www.airfields-freeman.com/NY/Airfields_NY_Centr.htm
F114B5EEED,,NY,Tri-State Airport / Montgomery Airport,,Montgomery,41.516,-74.252,,HISTORICAL_INFORMATIONAL,yes,,https://www.airfields-freeman.com/NY/Airfields_NY_SE.htm
7343B55664,,NY,Tri-Village Airport,,Slingerlands,42.647,-73.87,,HISTORICAL_INFORMATIONAL,yes,,https://www.airfields-freeman.com/NY/Airfields_NY_Albany.htm
E6FD58EA39,,NY,Troy Airport,,Troy,42.703,-73.677,,HISTORICAL_INFORMATIONAL,yes,,https://www.airfields-freeman.com/NY/Airfields_NY_Albany.htm
73C7330009,,NY,Ulster County Airport / Galeville Army Airfield,,Galeville,41.637,-74.211,,HISTORICAL_INFORMATIONAL,yes,,https://www.airfields-freeman.com/NY/Airfields_NY_SE.htm
C46C12E3A2,,NY,Utica Municipal Airport,,Marcy,43.17,-75.32,,HISTORICAL_INFORMATIONAL,yes,,https://www.airfields-freeman.com/NY/Airfields_NY_NE.htm
2ED04380A3,,NY,Vanderbilt Seaplane Base,,Centerport,40.905,-73.365,,HISTORICAL_INFORMATIONAL,yes,,https://www.airfields-freeman.com/NY/Airfields_NY_LongIs_Suffolk_W.htm
332715BAD5,,NY,Walden Airport,,Walden,41.53,-74.207,,HISTORICAL_INFORMATIONAL,yes,,https://www.airfields-freeman.com/NY/Airfields_NY_SE.htm
8EA5BAFD79,,NY,Walling Airport,,Watertown,43.946,-75.928,,HISTORICAL_INFORMATIONAL,yes,,https://www.airfields-freeman.com/NY/Airfields_NY_Centr.htm
6E1D8B2AB5,,NY,Westerlo Airport,,Westerlo,42.521,-74.029,,HISTORICAL_INFORMATIONAL,yes,,https://www.airfields-freeman.com/NY/Airfields_NY_Albany.htm
8619955C53,,NY,Woodward Field / Le Roy Airport,,Le Roy,42.98,-77.97,,HISTORICAL_INFORMATIONAL,yes,,https://www.airfields-freeman.com/NY/Airfields_NY_Rochester.htm
AF8E74DE0B,,NY,World Trade Center Rooftop Heliport,,New York,40.711,-74.013,,HISTORICAL_INFORMATIONAL,yes,,https://www.airfields-freeman.com/NY/Airfields_NY_NY_Brooklyn.htm
15939DA7CA,,NY,Zahn's Airport,,North Amityville,40.71,-73.4,,HISTORICAL_INFORMATIONAL,yes,,https://www.airfields-freeman.com/NY/Airfields_NY_LongIs_Suffolk_W.htm
B3B8A149F3,,OH,(Original) Jefferson County Airport (44D) / Friendship Airpark,,Smithfield,40.29,-80.78,,HISTORICAL_INFORMATIONAL,yes,,https://www.airfields-freeman.com/OH/Airfields_OH_SE.htm
0483BDB750,,OH,(Original) Springfield Municipal Airport,,Springfield,39.9,-83.73,,HISTORICAL_INFORMATIONAL,yes,,https://www.airfields-freeman.com/OH/Airfields_OH_C.htm
1784165A30,,OH,Aberdeen Airport / Tyler Airport,,Aberdeen,38.665,-83.771,,HISTORICAL_INFORMATIONAL,yes,,https://www.airfields-freeman.com/OH/Airfields_OH_SW.htm
9CCCCC73D4,,OH,Athens Municipal Airport / (Original) Ohio University Airport,,Athens,39.336,-82.07,,HISTORICAL_INFORMATIONAL,yes,,https://www.airfields-freeman.com/OH/Airfields_OH_SE.htm
7A4EE53786,,OH,Auburn Airport (27O1),,Auburn,41.414,-81.285,,HISTORICAL_INFORMATIONAL,yes,,https://www.airfields-freeman.com/OH/Airfields_OH_Cleveland_SE.htm
48A4D77C62,,OH,August Acres Airport (OH17),,Center Village,40.163,-82.782,,HISTORICAL_INFORMATIONAL,yes,,https://www.airfields-freeman.com/OH/Airfields_OH_C.htm
7C101D4E15,,OH,Austintown Airport,,Austintown,41.089,-80.76,,HISTORICAL_INFORMATIONAL,yes,,https://www.airfields-freeman.com/OH/Airfields_OH_NE.htm
E6BC97CDB9,,OH,Avon Airport,,Westlake,41.43,-81.97,,HISTORICAL_INFORMATIONAL,yes,,https://www.airfields-freeman.com/OH/Airfields_OH_Cleveland_W.htm
B10675AD7C,,OH,Bellefontaine Municipal Airport (7I7),,Bellefontaine,40.41,-83.74,,HISTORICAL_INFORMATIONAL,yes,,https://www.airfields-freeman.com/OH/Airfields_OH_NW.htm
9D75B5EC08,,OH,Biglow Airfield,,New London,41.095,-82.388,,HISTORICAL_INFORMATIONAL,yes,,https://www.airfields-freeman.com/OH/Airfields_OH_NE.htm
B66E24FF55,,OH,Botsford Airport / Reader-Botsford Airport (67D),,Wellington,41.162,-82.201,,HISTORICAL_INFORMATIONAL,yes,,https://www.airfields-freeman.com/OH/Airfields_OH_Cleveland_W.htm
F43D5B161F,,OH,Brooklyn Airport,,Brooklyn,41.425,-81.74,,HISTORICAL_INFORMATIONAL,yes,,https://www.airfields-freeman.com/OH/Airfields_OH_Cleveland_W.htm
7CDF83FD68,,OH,Camp Perry National Guard Airfields #1 & #2,,Camp Perry,41.55,-83.04,,HISTORICAL_INFORMATIONAL,yes,,https://www.airfields-freeman.com/OH/Airfields_OH_NW.htm
CFA4605DA6,,OH,Casement Airport (PVZ),,Painesville,41.73,-81.22,,HISTORICAL_INFORMATIONAL,yes,,https://www.airfields-freeman.com/OH/Airfields_OH_Cleveland_NE.htm
FA2EA76321,,OH,Chagrin Falls Airport (5G1),,Chagrin Falls,41.43,-81.333,,HISTORICAL_INFORMATIONAL,yes,,https://www.airfields-freeman.com/OH/Airfields_OH_Cleveland_SE.htm
0D3632A794,,OH,Chardon Airfield (4D6),,Chardon,41.542,-81.198,,HISTORICAL_INFORMATIONAL,yes,,https://www.airfields-freeman.com/OH/Airfields_OH_Cleveland_NE.htm
11BCE6D4A8,,OH,Cincinnati Incorporated Airport / Hugh Watson Field / Blue Ash Airport (I77/KISZ),,Blue Ash,39.25,-84.39,,HISTORICAL_INFORMATIONAL,yes,,https://www.airfields-freeman.com/OH/Airfields_OH_SW.htm
1CC9807339,,OH,Cincinnati Western & Southern Heliport (O21),,Cincinnati,39.1,-84.507,,HISTORICAL_INFORMATIONAL,yes,,https://www.airfields-freeman.com/OH/Airfields_OH_SW.htm
6DBA88A157,,OH,Clark's Dream Airport (03I),,Circleville,39.644,-83.017,,HISTORICAL_INFORMATIONAL,yes,,https://www.airfields-freeman.com/OH/Airfields_OH_C.htm
EFAE3E74FD,,OH,Clickenger Airport / South Columbus Airport (4I2),,Columbus,39.88,-82.97,,HISTORICAL_INFORMATIONAL,yes,,https://www.airfields-freeman.com/OH/Airfields_OH_C.htm
A02E5D9464,,OH,Columbus Air Terminal / Norton Field,,Columbus,39.97,-82.88,,HISTORICAL_INFORMATIONAL,yes,,https://www.airfields-freeman.com/OH/Airfields_OH_C.htm
188DE9A266,,OH,Columbus Airport (original location) / Sullivant Avenue Airport,,Columbus,39.94,-83.1,,HISTORICAL_INFORMATIONAL,yes,,https://www.airfields-freeman.com/OH/Airfields_OH_C.htm
D1D3EDB7FA,,OH,Columbus Southwest Airport (O4I),,Galloway,39.912,-83.188,,HISTORICAL_INFORMATIONAL,yes,,https://www.airfields-freeman.com/OH/Airfields_OH_C.htm
2295F742BB,,OH,East End Airport / Solon Airport,,Solon,41.375,-81.436,,HISTORICAL_INFORMATIONAL,yes,,https://www.airfields-freeman.com/OH/Airfields_OH_Cleveland_NE.htm
8E2AB5BFE7,,OH,Ellington Aircraft Salvage Airfield,,Wallbridge,41.601,-83.511,,HISTORICAL_INFORMATIONAL,yes,,https://www.airfields-freeman.com/OH/Airfields_OH_NW.htm
4C483BCBEC,,OH,Fairfield Air Depot / Wright Field / Wright AFB,,Dayton,39.78,-84.11,,HISTORICAL_INFORMATIONAL,yes,,https://www.airfields-freeman.com/OH/Airfields_OH_SW.htm
73B5B3A1C8,,OH,Forepaugh Airport / Four Points Airport,,Macedonia,41.347,-81.495,,HISTORICAL_INFORMATIONAL,yes,,https://www.airfields-freeman.com/OH/Airfields_OH_Cleveland_SE.htm
4E792EC794,,OH,Franklin Airport,,Toledo,41.7,-83.64,,HISTORICAL_INFORMATIONAL,yes,,https://www.airfields-freeman.com/OH/Airfields_OH_NW.htm
44123A4174,,OH,Fremont Airport (1st location) / Slager Airport (1st location),,Fremont,41.363,-83.142,,HISTORICAL_INFORMATIONAL,yes,,https://www.airfields-freeman.com/OH/Airfields_OH_NW.htm
3B150B604E,,OH,Garrettsville Airfield,,Garrettsville,41.306,-81.078,,HISTORICAL_INFORMATIONAL,yes,,https://www.airfields-freeman.com/OH/Airfields_OH_NE.htm
436B4A54A1,,OH,General Electric Airfield,,Peebles,38.92,-83.328,,HISTORICAL_INFORMATIONAL,yes,,https://www.airfields-freeman.com/OH/Airfields_OH_SW.htm
36655F3F2B,,OH,Grisard Field / Watson Airport / Parks Watson Landing Field / Blue Ash Airport,,Blue Ash,39.238,-84.382,,HISTORICAL_INFORMATIONAL,yes,,https://www.airfields-freeman.com/OH/Airfields_OH_SW.htm
3059DA1B45,,OH,Hall Airport,,Warren,41.251,-80.75,,HISTORICAL_INFORMATIONAL,yes,,https://www.airfields-freeman.com/OH/Airfields_OH_NE.htm
4AA202AB5B,,OH,Hareport / Tanger Airport,,Bellefontaine,40.36,-83.78,,HISTORICAL_INFORMATIONAL,yes,,https://www.airfields-freeman.com/OH/Airfields_OH_NW.htm
7FC0E0DE1E,,OH,Harper Ridge Airfield (OH67),,Solon,41.413,-81.455,,HISTORICAL_INFORMATIONAL,yes,,https://www.airfields-freeman.com/OH/Airfields_OH_Cleveland_SE.htm
322A81F02A,,OH,Hess-Argo Factory Airfield / Alliance Airfield / Taylorcraft Factory Airfield,,Alliance,40.947,-81.09,,HISTORICAL_INFORMATIONAL,yes,,https://www.airfields-freeman.com/OH/Airfields_OH_Akron.htm
FDB60B2B9A,,OH,Hosmer Airfield,,Burton,41.432,-81.113,,HISTORICAL_INFORMATIONAL,yes,,https://www.airfields-freeman.com/OH/Airfields_OH_NE.htm
4FE962467F,,OH,Huffman Prairie Flying Field,,Dayton,39.803,-84.067,,HISTORICAL_INFORMATIONAL,yes,,https://www.airfields-freeman.com/OH/Airfields_OH_SW.htm
D3A2BCBABE,,OH,Ingalls Field / Ingalls Airport,,Hunting Valley,41.48,-81.4,,HISTORICAL_INFORMATIONAL,yes,,https://www.airfields-freeman.com/OH/Airfields_OH_Cleveland_NE.htm
D9CCA8FC5A,,OH,Issoudun Airport / Mid-City Airport,,Darrowville,41.214,-81.437,,HISTORICAL_INFORMATIONAL,yes,,https://www.airfields-freeman.com/OH/Airfields_OH_Cleveland_SE.htm
8EADBCAAB3,,OH,Jefferson Airport / Ashtabula-Jefferson Airport,,Jefferson,41.753,-80.77,,HISTORICAL_INFORMATIONAL,yes,,https://www.airfields-freeman.com/OH/Airfields_OH_Cleveland_NE.htm
222B8E499D,,OH,Kearns Airport (OH74),,Johnstown,40.094,-82.717,,HISTORICAL_INFORMATIONAL,yes,,https://www.airfields-freeman.com/OH/Airfields_OH_SW.htm
5C7C132238,,OH,Korn Field,,Jackson Center,40.42,-84.08,,HISTORICAL_INFORMATIONAL,yes,,https://www.airfields-freeman.com/OH/Airfields_OH_NW.htm
A987BD70DC,,OH,Lake County Airport / Willoughby Municipal Airport,,Willoughby,41.64,-81.38,,HISTORICAL_INFORMATIONAL,yes,,https://www.airfields-freeman.com/OH/Airfields_OH_Cleveland_NE.htm
2936E606C4,,OH,Lakewood Airpark,,Cincinnati,39.242,-84.582,,HISTORICAL_INFORMATIONAL,yes,,https://www.airfields-freeman.com/OH/Airfields_OH_SW.htm
A8DBDA3647,,OH,Lansdowne Airport,,Greenville,40.09,-84.6,,HISTORICAL_INFORMATIONAL,yes,,https://www.airfields-freeman.com/OH/Airfields_OH_NW.htm
E4B8B7A1EE,,OH,Lima Airport / Allen County Airport (LIA),,Lima,40.76,-84.18,,HISTORICAL_INFORMATIONAL,yes,,https://www.airfields-freeman.com/OH/Airfields_OH_NW.htm
0EC1E338A9,,OH,Lorain City Airport (1G4),,Lorain,41.444,-82.207,,HISTORICAL_INFORMATIONAL,yes,,https://www.airfields-freeman.com/OH/Airfields_OH_Cleveland_W.htm
8CA16DC8E1,,OH,Lore City Airport,,Lore City,39.99,-81.46,,HISTORICAL_INFORMATIONAL,yes,,https://www.airfields-freeman.com/OH/Airfields_OH_SE.htm
DE0ED788AA,,OH,Magnolia Airport (OH04),,Magnolia,40.66,-81.3,,HISTORICAL_INFORMATIONAL,yes,,https://www.airfields-freeman.com/OH/Airfields_OH_Akron.htm
7F06B4BC69,,OH,Marietta Airport,,Marietta,39.405,-81.419,,HISTORICAL_INFORMATIONAL,yes,,https://www.airfields-freeman.com/OH/Airfields_OH_SE.htm
79F064630A,,OH,Martin Airport / Canton City Airport (5D4),,Canton,40.85,-81.32,,HISTORICAL_INFORMATIONAL,yes,,https://www.airfields-freeman.com/OH/Airfields_OH_Akron.htm
0262787E43,,OH,Martin Factory Airfield / Great Lakes Aircraft Company Airfield,,Cleveland,41.56,-81.56,,HISTORICAL_INFORMATIONAL,yes,,https://www.airfields-freeman.com/OH/Airfields_OH_Cleveland_NE.htm
6AE961792A,,OH,Massillon Airport / Noble Airport / Stark Airport,,Massillon,40.851,-81.488,,HISTORICAL_INFORMATIONAL,yes,,https://www.airfields-freeman.com/OH/Airfields_OH_Akron.htm
748E572FDD,,OH,Mather Airport,,Brooklyn,41.433,-81.738,,HISTORICAL_INFORMATIONAL,yes,,https://www.airfields-freeman.com/OH/Airfields_OH_Cleveland_W.htm
4A58481080,,OH,McKinley Airport,,Canton,40.819,-81.335,,HISTORICAL_INFORMATIONAL,yes,,https://www.airfields-freeman.com/OH/Airfields_OH_Akron.htm
2C7C9CBC6E,,OH,Meadow Aire Farm Airfield / Lagrange Airport / Harlan Airfield (92D),,Lagrange,41.203,-82.116,,HISTORICAL_INFORMATIONAL,yes,,https://www.airfields-freeman.com/OH/Airfields_OH_Cleveland_W.htm
87A0BBE064,,OH,Miller Airport / Miller Field (4G3),,North Benton,40.98,-81.04,,HISTORICAL_INFORMATIONAL,yes,,https://www.airfields-freeman.com/OH/Airfields_OH_Akron.htm
750732B033,,OH,Miller Field,,Macedonia,41.338,-81.492,,HISTORICAL_INFORMATIONAL,yes,,https://www.airfields-freeman.com/OH/Airfields_OH_Cleveland_SE.htm
8F4D63B3CC,,OH,Mills Airport (7E3),,Mantua,41.238,-81.254,,HISTORICAL_INFORMATIONAL,yes,,https://www.airfields-freeman.com/OH/Airfields_OH_NE.htm
3A098C119F,,OH,Montpelier Airport / Woodruff Airport,,Montpelier,41.581,-84.573,,HISTORICAL_INFORMATIONAL,yes,,https://www.airfields-freeman.com/OH/Airfields_OH_NW.htm
F49F5CD221,,OH,Moraine Farm Airfield / Deeds Airfield,,Kettering,39.695,-84.2,,HISTORICAL_INFORMATIONAL,yes,,https://www.airfields-freeman.com/OH/Airfields_OH_SW.htm
C3A3D90218,,OH,Mt. Healthy Airport,,Cincinnati,39.245,-84.6,,HISTORICAL_INFORMATIONAL,yes,,https://www.airfields-freeman.com/OH/Airfields_OH_SW.htm
A9D2EBF781,,OH,National Aviation Airport / National Airport,,Toledo,41.72,-83.54,,HISTORICAL_INFORMATIONAL,yes,,https://www.airfields-freeman.com/OH/Airfields_OH_NW.htm
DBC655E0CB,,OH,Nickell Field,,Roundhead,40.55,-83.87,,HISTORICAL_INFORMATIONAL,yes,,https://www.airfields-freeman.com/OH/Airfields_OH_NW.htm
BAC8053EDC,,OH,North Field / McCook Field,,Kettering Park,39.777,-84.19,,HISTORICAL_INFORMATIONAL,yes,,https://www.airfields-freeman.com/OH/Airfields_OH_SW.htm
71D0D83C14,,OH,North Hamilton Airport,,Hamilton,39.451,-84.531,,HISTORICAL_INFORMATIONAL,yes,,https://www.airfields-freeman.com/OH/Airfields_OH_SW.htm
32CC9C62AF,,OH,Northway Air Park / North Columbus Airport,,Columbus,40.065,-82.961,,HISTORICAL_INFORMATIONAL,yes,,https://www.airfields-freeman.com/OH/Airfields_OH_C.htm
3460FBE959,,OH,Norwalk Airpark / Norwalk Airport,,Norwalk,41.266,-82.609,,HISTORICAL_INFORMATIONAL,yes,,https://www.airfields-freeman.com/OH/Airfields_OH_NW.htm
AF491FA338,,OH,Oberlin Airport (I70),,Oberlin,41.286,-82.293,,HISTORICAL_INFORMATIONAL,yes,,https://www.airfields-freeman.com/OH/Airfields_OH_Cleveland_W.htm
F2FDA34BC3,,OH,Orrville Airport / Blatter Airport (OH23),,Orrville,40.864,-81.79,,HISTORICAL_INFORMATIONAL,yes,,https://www.airfields-freeman.com/OH/Airfields_OH_Akron.htm
87C96A5236,,OH,Parker Airport / Sandusky Municipal Airport / John G. Hinde Airport / Griffing Sandusky Airport (KSKY),,Sandusky,41.43,-82.65,,HISTORICAL_INFORMATIONAL,yes,,https://www.airfields-freeman.com/OH/Airfields_OH_NW.htm
D7A5B23676,,OH,Paulding Airport (2H8),,Paulding,41.17,-84.555,,HISTORICAL_INFORMATIONAL,yes,,https://www.airfields-freeman.com/OH/Airfields_OH_NW.htm
BF3B2B7354,,OH,Port Mills Airport / Lorain Sky Port,,Lorain,41.444,-82.197,,HISTORICAL_INFORMATIONAL,yes,,https://www.airfields-freeman.com/OH/Airfields_OH_Cleveland_W.htm
732CA95353,,OH,Port Warren Airport / Lyon Airport,,Warren,41.28,-80.808,,HISTORICAL_INFORMATIONAL,yes,,https://www.airfields-freeman.com/OH/Airfields_OH_NE.htm
2A2BA00E1C,,OH,Price Airport / Price Field,,Columbus,39.92,-82.9,,HISTORICAL_INFORMATIONAL,yes,,https://www.airfields-freeman.com/OH/Airfields_OH_C.htm
E3C33B689C,,OH,Ravenna Arsenal Crash Test Runway,,Ravenna,41.17,-81.13,,HISTORICAL_INFORMATIONAL,yes,,https://www.airfields-freeman.com/OH/Airfields_OH_Akron.htm
F2C374D74E,,OH,Ravenna Arsenal Test Support Runway,,Ravenna,41.16,-81.12,,HISTORICAL_INFORMATIONAL,yes,,https://www.airfields-freeman.com/OH/Airfields_OH_Akron.htm
D4FE6B5E8F,,OH,San Mar Gale Airport (OH79),,Lebanon,39.46,-84.134,,HISTORICAL_INFORMATIONAL,yes,,https://www.airfields-freeman.com/OH/Airfields_OH_SW.htm
D181270967,,OH,Sandusky Airport / Griffing Airport,,Sandusky,41.404,-82.682,,HISTORICAL_INFORMATIONAL,yes,,https://www.airfields-freeman.com/OH/Airfields_OH_NW.htm
84526BDB27,,OH,Sky Haven Airport (2nd location),,Northfield,41.293,-81.515,,HISTORICAL_INFORMATIONAL,yes,,https://www.airfields-freeman.com/OH/Airfields_OH_Cleveland_SE.htm
9BDDED01D9,,OH,Sky Haven Airport (original location) / Welcome Airport / Northfield Airport,,Northfield,41.285,-81.515,,HISTORICAL_INFORMATIONAL,yes,,https://www.airfields-freeman.com/OH/Airfields_OH_Cleveland_SE.htm
DB11598F63,,OH,Slager Airport (2nd location),,Fremont,41.337,-83.073,,HISTORICAL_INFORMATIONAL,yes,,https://www.airfields-freeman.com/OH/Airfields_OH_NW.htm
A1BFC78BAF,,OH,Snook Airport / Snook Field,,Reynoldsburg,39.965,-82.773,,HISTORICAL_INFORMATIONAL,yes,,https://www.airfields-freeman.com/OH/Airfields_OH_C.htm
DED5294108,,OH,South Dayton Airport (original location),,Moraine,39.69,-84.21,,HISTORICAL_INFORMATIONAL,yes,,https://www.airfields-freeman.com/OH/Airfields_OH_SW.htm
8EAAAA9AD0,,OH,Southern Airways Airport / Boardman Air Park,,Boardman,41.02,-80.684,,HISTORICAL_INFORMATIONAL,yes,,https://www.airfields-freeman.com/OH/Airfields_OH_NE.htm
C239ECAC05,,OH,Stout Airport / Gardner Airpark / Ashtabula-Conneaut Airport (6D2),,North Kingsville,41.91,-80.677,,HISTORICAL_INFORMATIONAL,yes,,https://www.airfields-freeman.com/OH/Airfields_OH_Cleveland_NE.htm
2AFB31657A,,OH,Strauss Airport,,North Olmstead,41.38,-81.977,,HISTORICAL_INFORMATIONAL,yes,,https://www.airfields-freeman.com/OH/Airfields_OH_Cleveland_W.htm
B64D4E057F,,OH,Strongsville Airpark (1G6),,Strongsville,41.325,-81.865,,HISTORICAL_INFORMATIONAL,yes,,https://www.airfields-freeman.com/OH/Airfields_OH_Cleveland_W.htm
2D7228EB87,,OH,Tiffin Airport,,Tiffin,41.142,-83.172,,HISTORICAL_INFORMATIONAL,yes,,https://www.airfields-freeman.com/OH/Airfields_OH_NW.htm
B8669D547A,,OH,Toledo Municipal Airport / Stickney Avenue Airport,,Toledo,41.7,-83.52,,HISTORICAL_INFORMATIONAL,yes,,https://www.airfields-freeman.com/OH/Airfields_OH_NW.htm
2D0A289653,,OH,Treaty City Airport,,Greenville,40.122,-84.617,,HISTORICAL_INFORMATIONAL,yes,,https://www.airfields-freeman.com/OH/Airfields_OH_NW.htm
2F9F52A2BF,,OH,Twin City Airport / Holzer Airport,,Gallipolis,38.823,-82.17,,HISTORICAL_INFORMATIONAL,yes,,https://www.airfields-freeman.com/OH/Airfields_OH_SE.htm
20ABFDBF92,,OH,Upper Sandusky Airport,,Upper Sandusky,40.849,-83.279,,HISTORICAL_INFORMATIONAL,yes,,https://www.airfields-freeman.com/OH/Airfields_OH_NW.htm
C5F2D2D60D,,OH,Waco Aircraft Company Factory Airfield / Troy-Waco Airport,,Troy,40.03,-84.22,,HISTORICAL_INFORMATIONAL,yes,,https://www.airfields-freeman.com/OH/Airfields_OH_NW.htm
ED7179865F,,OH,Wapakoneta Airport / Port Koneta,,Wapakoneta,40.6,-84.18,,HISTORICAL_INFORMATIONAL,yes,,https://www.airfields-freeman.com/OH/Airfields_OH_NW.htm
7708008FAF,,OH,Warren Airport (original location),,Warren,41.25,-80.85,,HISTORICAL_INFORMATIONAL,yes,,https://www.airfields-freeman.com/OH/Airfields_OH_NE.htm
50865DF127,,OH,Warren County Airport (original location) / Brownies Lebanon Airport / Duff Airport,,Lebanon,39.398,-84.207,,HISTORICAL_INFORMATIONAL,yes,,https://www.airfields-freeman.com/OH/Airfields_OH_SW.htm
589D89F5A0,,OH,Willoughby Field / Euclid Avenue Airport / Cook Cleland Airport,,Willoughby,41.63,-81.433,,HISTORICAL_INFORMATIONAL,yes,,https://www.airfields-freeman.com/OH/Airfields_OH_Cleveland_NE.htm
6BC7CC1ED0,,OH,Wooster Airport,,Wooster,40.84,-81.91,,HISTORICAL_INFORMATIONAL,yes,,https://www.airfields-freeman.com/OH/Airfields_OH_Akron.htm
31D4C1C3F3,,OH,Wright's Farm Airfield,,Cincinnati,39.25,-84.504,,HISTORICAL_INFORMATIONAL,yes,,https://www.airfields-freeman.com/OH/Airfields_OH_SW.htm
DB7F0ABC12,,OH,Youngstown Executive Airport (06G),,Youngstown,41.06,-80.83,,HISTORICAL_INFORMATIONAL,yes,,https://www.airfields-freeman.com/OH/Airfields_OH_NE.htm
D3B5A85E3B,,OK,(Original) Ardmore Municipal Airport,,Ardmore,34.3,-97.15,,HISTORICAL_INFORMATIONAL,yes,,https://www.airfields-freeman.com/OK/Airfields_OK_C.htm
2102A83728,,OK,81st Street Airpark (87F),,Broken Arrow,36.045,-95.867,,HISTORICAL_INFORMATIONAL,yes,,https://www.airfields-freeman.com/OK/Airfields_OK_E.htm
8585FB07BE,,OK,Blackwell Municipal Airport / Earl Henry Airport,,Blackwell,36.801,-97.314,,HISTORICAL_INFORMATIONAL,yes,,https://www.airfields-freeman.com/OK/Airfields_OK_C.htm
099A669C64,,OK,Canton Airpark,,Canton,36.087,-98.609,,HISTORICAL_INFORMATIONAL,yes,,https://www.airfields-freeman.com/OK/Airfields_OK_W.htm
7E534A1C5C,,OK,Crazy Horse Municipal Airport (97F),,Davis,34.546,-97.108,,HISTORICAL_INFORMATIONAL,yes,,https://www.airfields-freeman.com/OK/Airfields_OK_C.htm
331B672C03,,OK,Curtiss-Wright Field / (Original) Wiley Post Airport,,Oklahoma City,35.57,-97.57,,HISTORICAL_INFORMATIONAL,yes,,https://www.airfields-freeman.com/OK/Airfields_OK_C.htm
E3FD237C70,,OK,Ditch Witch Airfield,,Perry,36.296,-97.318,,HISTORICAL_INFORMATIONAL,yes,,https://www.airfields-freeman.com/OK/Airfields_OK_C.htm
2F40E33A75,,OK,El Reno Airport (99F),,El Reno,35.52,-97.976,,HISTORICAL_INFORMATIONAL,yes,,https://www.airfields-freeman.com/OK/Airfields_OK_C.htm
54671A402F,,OK,Funk Airfield / Broken Arrow Airport / Country Club Airport / Cotton Field,,Broken Arrow,36.091,-95.785,,HISTORICAL_INFORMATIONAL,yes,,https://www.airfields-freeman.com/OK/Airfields_OK_E.htm
88F7E332A0,,OK,Harvey Young Airport (1H6),,Tulsa,36.139,-95.825,,HISTORICAL_INFORMATIONAL,yes,,https://www.airfields-freeman.com/OK/Airfields_OK_E.htm
65FA4030EB,,OK,Hatbox Field (HAX),,Muskogee,35.74,-95.4,,HISTORICAL_INFORMATIONAL,yes,,https://www.airfields-freeman.com/OK/Airfields_OK_E.htm
ED092FFC6B,,OK,Hickok Country Club Airport / South Shields Airport,,Oklahoma City,35.38,-97.53,,HISTORICAL_INFORMATIONAL,yes,,https://www.airfields-freeman.com/OK/Airfields_OK_C.htm
DEFEFFE522,,OK,Jensen Airport,,South Coffeyville,36.99,-95.63,,HISTORICAL_INFORMATIONAL,yes,,https://www.airfields-freeman.com/OK/Airfields_OK_E.htm
BA6B4A6907,,OK,Jolly Aero Airport (F39),,Davis,34.46,-97.129,,HISTORICAL_INFORMATIONAL,yes,,https://www.airfields-freeman.com/OK/Airfields_OK_C.htm
52B4A4AB0B,,OK,Lake Murray State Park Airport (1F1),,Lake Murray,34.074,-97.107,,HISTORICAL_INFORMATIONAL,yes,,https://www.airfields-freeman.com/OK/Airfields_OK_C.htm
96BA22DDDE,,OK,Lake Texoma State Park Airport (F31),,Kingston,33.991,-96.643,,HISTORICAL_INFORMATIONAL,yes,,https://www.airfields-freeman.com/OK/Airfields_OK_E.htm
DED10DCB65,,OK,Leonard Airfield,,Leonard,35.908,-95.785,,HISTORICAL_INFORMATIONAL,yes,,https://www.airfields-freeman.com/OK/Airfields_OK_E.htm
2255E0AF87,,OK,Monkey Island Airport / Terramiranda Airport (79F),,Monkey Island,36.61,-94.873,,HISTORICAL_INFORMATIONAL,yes,,https://www.airfields-freeman.com/OK/Airfields_OK_E.htm
42BF8930A9,,OK,Nash Municipal Airport,,Hugo,34.02,-95.49,,HISTORICAL_INFORMATIONAL,yes,,https://www.airfields-freeman.com/OK/Airfields_OK_E.htm
1E1816074F,,OK,"Northeast Airport / Expressway Junction Airpark (2EJ, 120K)",,Oklahoma City,35.54,-97.45,,HISTORICAL_INFORMATIONAL,yes,,https://www.airfields-freeman.com/OK/Airfields_OK_C.htm
E6399F0EA3,,OK,Okemah Airport (original location) (F81),,Okemah,35.432,-96.284,,HISTORICAL_INFORMATIONAL,yes,,https://www.airfields-freeman.com/OK/Airfields_OK_E.htm
B6AD18E6B6,,OK,Oklahoma City Downtown Airpark (2DT),,Oklahoma City,35.45,-97.53,,HISTORICAL_INFORMATIONAL,yes,,https://www.airfields-freeman.com/OK/Airfields_OK_C.htm
235473DACB,,OK,Sam Riggs Airpark (K11),,Claremore,36.219,-95.652,,HISTORICAL_INFORMATIONAL,yes,,https://www.airfields-freeman.com/OK/Airfields_OK_E.htm
68823EB272,,OK,Sequoyah Park Airport (7F4),,Wagoner,35.91,-95.24,,HISTORICAL_INFORMATIONAL,yes,,https://www.airfields-freeman.com/OK/Airfields_OK_E.htm
C82547BFC8,,OK,Shawnee Municipal Airport #2,,Aydelotte,35.44,-96.92,,HISTORICAL_INFORMATIONAL,yes,,https://www.airfields-freeman.com/OK/Airfields_OK_C.htm
53714B1E7A,,OK,Site 5 / Fairfax Intermediate Field,,Fairfax,36.576,-96.659,,HISTORICAL_INFORMATIONAL,yes,,https://www.airfields-freeman.com/OK/Airfields_OK_E.htm
511EA9573C,,OK,Stilwell Airport,,Stilwell,35.837,-94.629,,HISTORICAL_INFORMATIONAL,yes,,https://www.airfields-freeman.com/OK/Airfields_OK_E.htm
6E5893CE76,,OK,Tabler Airfield,,Tabler,35.04,-97.816,,HISTORICAL_INFORMATIONAL,yes,,https://www.airfields-freeman.com/OK/Airfields_OK_C.htm
BF0C601EEB,,OK,Tulsa Commercial Airport (1st location) / Mayo Airport / Brown Airport,,Tulsa,36.09,-95.9,,HISTORICAL_INFORMATIONAL,yes,,https://www.airfields-freeman.com/OK/Airfields_OK_E.htm
1460CB9D55,,OK,Tulsa Commercial Airport (2nd location) / Cherokee Airpark,,Tulsa,36.08,-95.93,,HISTORICAL_INFORMATIONAL,yes,,https://www.airfields-freeman.com/OK/Airfields_OK_E.htm
3FCB283D5E,,OK,"Tulsa North Airport / Downtown Airpark (5F2, OK12)",,Tulsa,36.211,-96.007,,HISTORICAL_INFORMATIONAL,yes,,https://www.airfields-freeman.com/OK/Airfields_OK_E.htm
A2D19CAAAE,,OK,Twelfth Street Airpark / Moore Airport,,Moore,35.36,-97.48,,HISTORICAL_INFORMATIONAL,yes,,https://www.airfields-freeman.com/OK/Airfields_OK_C.htm
27A1DCC154,,OK,Waynoka Airport (original location),,Waynoka,36.643,-98.849,,HISTORICAL_INFORMATIONAL,yes,,https://www.airfields-freeman.com/OK/Airfields_OK_W.htm
CA48E327AC,,OK,Waynoka-Kelsey Airport,,Waynoka,36.637,-98.857,,HISTORICAL_INFORMATIONAL,yes,,https://www.airfields-freeman.com/OK/Airfields_OK_W.htm
3D21CA85BB,,OK,Wheatley Airport / Barkhurst Field,,Moore,35.35,-97.48,,HISTORICAL_INFORMATIONAL,yes,,https://www.airfields-freeman.com/OK/Airfields_OK_C.htm
5F47876667,,OK,Wilcox Airport / Collier Airport,,Tulsa,36.16,-95.85,,HISTORICAL_INFORMATIONAL,yes,,https://www.airfields-freeman.com/OK/Airfields_OK_E.htm
B0C93DA2E1,,OK,Woodward Municipal Airport (original location),,Woodward,36.42,-99.38,,HISTORICAL_INFORMATIONAL,yes,,https://www.airfields-freeman.com/OK/Airfields_OK_W.htm
C908085E2B,,OR,(Original) Eugene Municipal Airport / Eugene Airpark,,Eugene,44.04,-123.12,,HISTORICAL_INFORMATIONAL,yes,,https://www.airfields-freeman.com/OR/Airfields_OR_SW.htm
C3268EC4D6,,OR,(Original) Grants Pass Airport / Josephine County Airport,,Grants Pass,42.46,-123.33,,HISTORICAL_INFORMATIONAL,yes,,https://www.airfields-freeman.com/OR/Airfields_OR_SW.htm
D0CD816015,,OR,(Original) Portland Municipal Airport / Swan Island Airport / Swan Island Heliport,,Portland,45.56,-122.71,,HISTORICAL_INFORMATIONAL,yes,,https://www.airfields-freeman.com/OR/Airfields_OR_NW.htm
0B7234DB90,,OR,Bernard Field,,Beaverton,45.5,-122.81,,HISTORICAL_INFORMATIONAL,yes,,https://www.airfields-freeman.com/OR/Airfields_OR_NW.htm
579E110DF6,,OR,Burns Junction Airfield,,Burns Junction,42.775,-117.852,,HISTORICAL_INFORMATIONAL,yes,,https://www.airfields-freeman.com/OR/Airfields_OR_E.htm
D63D616E31,,OR,Burns Junction BLM Airfield,,Burns Junction,42.784,-117.849,,HISTORICAL_INFORMATIONAL,yes,,https://www.airfields-freeman.com/OR/Airfields_OR_E.htm
F16544D64A,,OR,Corvallis Airport (original location),,Corvallis,44.58,-123.263,,HISTORICAL_INFORMATIONAL,yes,,https://www.airfields-freeman.com/OR/Airfields_OR_NW.htm
129CFD852B,,OR,Corvallis Junction Airport,,Corvallis,44.58,-123.255,,HISTORICAL_INFORMATIONAL,yes,,https://www.airfields-freeman.com/OR/Airfields_OR_NW.htm
A997457543,,OR,Crissey Airport,,Brookings,42,-124.21,,HISTORICAL_INFORMATIONAL,yes,,https://www.airfields-freeman.com/OR/Airfields_OR_SW.htm
D96E8AD0E0,,OR,Dallas Airport / Cards Airpark,,Dallas,44.932,-123.314,,HISTORICAL_INFORMATIONAL,yes,,https://www.airfields-freeman.com/OR/Airfields_OR_NW.htm
38F94D302E,,OR,Daly Airport / Crescent Airport,,Crescent,43.46,-121.71,,HISTORICAL_INFORMATIONAL,yes,,https://www.airfields-freeman.com/OR/Airfields_OR_SW.htm
F2ED9FB20A,,OR,Green River Airfield,,Sweet Home,44.41,-122.69,,HISTORICAL_INFORMATIONAL,yes,,https://www.airfields-freeman.com/OR/Airfields_OR_NW.htm
3E7FF32684,,OR,Harrisburg Airport / Commons Airport,,Harrisburg,44.298,-123.149,,HISTORICAL_INFORMATIONAL,yes,,https://www.airfields-freeman.com/OR/Airfields_OR_SW.htm
1E255DF463,,OR,Langmack Field,,Sweet Home,44.4,-122.685,,HISTORICAL_INFORMATIONAL,yes,,https://www.airfields-freeman.com/OR/Airfields_OR_NW.htm
11AEA887A9,,OR,Lyndon Airport,,Corvallis,44.537,-123.267,,HISTORICAL_INFORMATIONAL,yes,,https://www.airfields-freeman.com/OR/Airfields_OR_NW.htm
624E954044,,OR,Oregon City Airpark (0S2),,Oregon City,45.277,-122.597,,HISTORICAL_INFORMATIONAL,yes,,https://www.airfields-freeman.com/OR/Airfields_OR_NW.htm
AD1AC1C360,,OR,Pendleton Intermediate Field,,Pendleton,45.67,-118.712,,HISTORICAL_INFORMATIONAL,yes,,https://www.airfields-freeman.com/OR/Airfields_OR_E.htm
DCCD2225F1,,OR,Silverton,,,45.015,-122.805,,HISTORICAL_INFORMATIONAL,yes,,https://www.airfields-freeman.com/OR/Airfields_OR_NW.htm
9B4CE2BD1E,,OR,Skylife Airport,,Portland,45.54,-122.518,,HISTORICAL_INFORMATIONAL,yes,,https://www.airfields-freeman.com/OR/Airfields_OR_NW.htm
FA98360B9A,,OR,Springfield Airport,,Springfield,44.06,-122.99,,HISTORICAL_INFORMATIONAL,yes,,https://www.airfields-freeman.com/OR/Airfields_OR_SW.htm
7E61D9D20A,,OR,Sutherlin Valley Airport / Sutherlin Airport (3S3),,Sutherlin,43.38,-123.33,,HISTORICAL_INFORMATIONAL,yes,,https://www.airfields-freeman.com/OR/Airfields_OR_SW.htm
592845BE66,,OR,Tillamook Coastway #1 Airport,,Tillamook,45.454,-123.809,,HISTORICAL_INFORMATIONAL,yes,,https://www.airfields-freeman.com/OR/Airfields_OR_NW.htm
8A6D35B232,,OR,Tongue Point Naval Air Station,,Astoria,46.2,-123.765,,HISTORICAL_INFORMATIONAL,yes,,https://www.airfields-freeman.com/OR/Airfields_OR_NW.htm
EA2F4629CA,,OR,Troh's Airport / Division Street Airport,,Gresham,45.51,-122.47,,HISTORICAL_INFORMATIONAL,yes,,https://www.airfields-freeman.com/OR/Airfields_OR_NW.htm
C2B1AD32CB,,OR,"Troh's Nest / Troh's Memorial Air Park / Happy Valley Airport (S15, OL03)",,Happy Valley,45.45,-122.5,,HISTORICAL_INFORMATIONAL,yes,,https://www.airfields-freeman.com/OR/Airfields_OR_NW.htm
8C1BB2C3B6,,OR,Troh's Skyport,,Centennial,45.51,-122.5,,HISTORICAL_INFORMATIONAL,yes,,https://www.airfields-freeman.com/OR/Airfields_OR_NW.htm
DD16EF28C5,,OR,Umatilla Army Airfield (S41),,Umatilla,45.803,-119.396,,HISTORICAL_INFORMATIONAL,yes,,https://www.airfields-freeman.com/OR/Airfields_OR_E.htm
76E8D61188,,OR,Wells Airport,,Portland,45.455,-122.616,,HISTORICAL_INFORMATIONAL,yes,,https://www.airfields-freeman.com/OR/Airfields_OR_NW.htm
9D852F6EE9,,OR,Willamette Airpark / T-Bird Airport,,Eugene,44.05,-123.18,,HISTORICAL_INFORMATIONAL,yes,,https://www.airfields-freeman.com/OR/Airfields_OR_SW.htm
102D64E50D,,PA,(New) Erie County Airport (3G1),,Wattsburg,42.04,-79.85,,HISTORICAL_INFORMATIONAL,yes,,https://www.airfields-freeman.com/PA/Airfields_PA_NW.htm
12F02AB60A,,PA,(Original) Erie County Airport,,Fairview,42.02,-80.26,,HISTORICAL_INFORMATIONAL,yes,,https://www.airfields-freeman.com/PA/Airfields_PA_NW.htm
8243CB5B68,,PA,(Original) Grove City Airport,,Grove City,41.14,-80.07,,HISTORICAL_INFORMATIONAL,yes,,https://www.airfields-freeman.com/PA/Airfields_PA_NW.htm
AC65BFACBC,,PA,(Original) York Airport,,Tilden,39.958,-76.666,,HISTORICAL_INFORMATIONAL,yes,,https://www.airfields-freeman.com/PA/Airfields_PA_Harrisburg.htm
B12506145F,,PA,Aliquippa-Hopewell Airport,,Aliquippa,40.59,-80.29,,HISTORICAL_INFORMATIONAL,yes,,https://www.airfields-freeman.com/PA/Airfields_PA_SW.htm
F0195E53B3,,PA,Allegheny Valley Airport / Remich Airport / West Penn Airport,,Tarentum,40.61,-79.82,,HISTORICAL_INFORMATIONAL,yes,,https://www.airfields-freeman.com/PA/Airfields_PA_SW.htm
2DB0D4AF39,,PA,"Ames Airport, Kylertown",,Hyner,41,-78.18,,HISTORICAL_INFORMATIONAL,yes,,https://www.airfields-freeman.com/PA/Airfields_PA_NC.htm
BB46B5B7F1,,PA,Barnesville Airport,,Barnesville,40.81,-76.02,,HISTORICAL_INFORMATIONAL,yes,,https://www.airfields-freeman.com/PA/Airfields_PA_Allentown.htm
9DFA3D36EA,,PA,Bedford Airport (1st location),,Bedford,40.02,-78.49,,HISTORICAL_INFORMATIONAL,yes,,https://www.airfields-freeman.com/PA/Airfields_PA_SC.htm
F616EEB62C,,PA,Bedford Airport (2nd location),,Cessna,40.092,-78.524,,HISTORICAL_INFORMATIONAL,yes,,https://www.airfields-freeman.com/PA/Airfields_PA_SC.htm
366824FA32,,PA,Bedford Airport (4G9) (3rd location) / Bedford-Wiedman Airport,,Bedford,40.06,-78.51,,HISTORICAL_INFORMATIONAL,yes,,https://www.airfields-freeman.com/PA/Airfields_PA_SC.htm
FA14A163BD,,PA,Bedinsky Airfield,,Mahanoy City,40.8,-76.11,,HISTORICAL_INFORMATIONAL,yes,,https://www.airfields-freeman.com/PA/Airfields_PA_Allentown.htm
9CF8B07AB9,,PA,Bellefonte Airport (original location) / Spring Township Airport,,Bellefonte,40.903,-77.749,,HISTORICAL_INFORMATIONAL,yes,,https://www.airfields-freeman.com/PA/Airfields_PA_NC.htm
00149E2698,,PA,Benedict Airport / Delaware County Airport,,Garnet Valley,39.84,-75.49,,HISTORICAL_INFORMATIONAL,yes,,https://www.airfields-freeman.com/PA/Airfields_PA_DelawareCo.htm
501ACED374,,PA,Benninger Airport,,Tionesta,41.46,-79.44,,HISTORICAL_INFORMATIONAL,yes,,https://www.airfields-freeman.com/PA/Airfields_PA_NW.htm
D29C09C72A,,PA,Bergdoll Field,,Havertown,39.975,-75.321,,HISTORICAL_INFORMATIONAL,yes,,https://www.airfields-freeman.com/PA/Airfields_PA_DelawareCo.htm
2F4766A59B,,PA,Berks Airport,,Reading,40.39,-75.99,,HISTORICAL_INFORMATIONAL,yes,,https://www.airfields-freeman.com/PA/Airfields_PA_Allentown.htm
A29512B3C2,,PA,Bethlehem Airport (original location),,Bethlehem,40.596,-75.335,,HISTORICAL_INFORMATIONAL,yes,,https://www.airfields-freeman.com/PA/Airfields_PA_Allentown.htm
78A9820A27,,PA,Birchwood Pocono Airpark,,Tannersville,41.063,-75.25,,HISTORICAL_INFORMATIONAL,yes,,https://www.airfields-freeman.com/PA/Airfields_PA_NE.htm
219991EB24,,PA,Black Forest Inn Airfield,,Lock Haven,41.497,-77.583,,HISTORICAL_INFORMATIONAL,yes,,https://www.airfields-freeman.com/PA/Airfields_PA_NC.htm
2FF1FB4052,,PA,Blairsville Airport / Shearer South Airfield,,Blairsville,40.445,-79.289,,HISTORICAL_INFORMATIONAL,yes,,https://www.airfields-freeman.com/PA/Airfields_PA_SC.htm
79039E3B24,,PA,Blue Swan Airport,,Sayre,41.99,-76.56,,HISTORICAL_INFORMATIONAL,yes,,https://www.airfields-freeman.com/PA/Airfields_PA_NC.htm
01BA8D2C73,,PA,Boland's Flying Field / Cresson Airport,,Cresson,40.472,-78.577,,HISTORICAL_INFORMATIONAL,yes,,https://www.airfields-freeman.com/PA/Airfields_PA_SC.htm
986842E61D,,PA,Brennan Airfield (2PN7),,Evans City,40.85,-80.07,,HISTORICAL_INFORMATIONAL,yes,,https://www.airfields-freeman.com/PA/Airfields_PA_SW.htm
C49C3E90CE,,PA,Bressler Airport / Gratz Airfield / Flying Eagles Airfield,,Gratz,40.61,-76.74,,HISTORICAL_INFORMATIONAL,yes,,https://www.airfields-freeman.com/PA/Airfields_PA_SC.htm
612ACA797D,,PA,Brokenstraw Field (original location),,Youngsville,41.842,-79.353,,HISTORICAL_INFORMATIONAL,yes,,https://www.airfields-freeman.com/PA/Airfields_PA_NW.htm
1DC2FBFA03,,PA,Brookville Airport,,Brookville,41.15,-79.1,,HISTORICAL_INFORMATIONAL,yes,,https://www.airfields-freeman.com/PA/Airfields_PA_NW.htm
2E7475F3EE,,PA,Buckman Airport,,Chester,39.84,-75.4,,HISTORICAL_INFORMATIONAL,yes,,https://www.airfields-freeman.com/PA/Airfields_PA_DelawareCo.htm
F7B0647A44,,PA,Budd Factory Airfield,,Philadelphia,40.11,-75.04,,HISTORICAL_INFORMATIONAL,yes,,https://www.airfields-freeman.com/PA/Airfields_PA_Philly_NE.htm
368EB7C943,,PA,Buehl Field (Bensalem location),,Bensalem,40.095,-74.94,,HISTORICAL_INFORMATIONAL,yes,,https://www.airfields-freeman.com/PA/Airfields_PA_Philly_NE.htm
A925D0A6FD,,PA,Buehl Field (N54) (Woodbourne location),,Woodbourne,40.189,-74.9,,HISTORICAL_INFORMATIONAL,yes,,https://www.airfields-freeman.com/PA/Airfields_PA_Philly_NE.htm
EA55DAD4F6,,PA,Burgess Field / Burgess-Summit Hotel Airport,,Uniontown,39.86,-79.74,,HISTORICAL_INFORMATIONAL,yes,,https://www.airfields-freeman.com/PA/Airfields_PA_SW.htm
41EC255935,,PA,Burnt Cabins Landing Strip,,Burnt Cabins,40.08,-77.87,,HISTORICAL_INFORMATIONAL,yes,,https://www.airfields-freeman.com/PA/Airfields_PA_SC.htm
EB38DBE57A,,PA,Bustleton Field / William Penn Airport / Boulevard Airport,,Philadelphia,40.093,-75.025,,HISTORICAL_INFORMATIONAL,yes,,https://www.airfields-freeman.com/PA/Airfields_PA_Philly_NE.htm
70AB97F0DC,,PA,Campbell Airport (1st location),,Cuddy Hill,40.359,-80.189,,HISTORICAL_INFORMATIONAL,yes,,https://www.airfields-freeman.com/PA/Airfields_PA_Pittsburgh.htm
792343631C,,PA,Campbell Airport (2nd location) / Pittsburgh Metro Airport (8G4),,Cuddy Hill,40.35,-80.18,,HISTORICAL_INFORMATIONAL,yes,,https://www.airfields-freeman.com/PA/Airfields_PA_Pittsburgh.htm
B46826B995,,PA,Carbondale-Clifford Airport / Johnson's Airport,,Clifford,41.652,-75.58,,HISTORICAL_INFORMATIONAL,yes,,https://www.airfields-freeman.com/PA/Airfields_PA_NE.htm
0B3164695A,,PA,Carlson Airport (PN06),,Edinboro,41.9,-80.1,,HISTORICAL_INFORMATIONAL,yes,,https://www.airfields-freeman.com/PA/Airfields_PA_NW.htm
7FC5D8CDFC,,PA,Centreville Intermediate Field Site 4 / Centreville Airport,,Centerville,40.092,-77.35,,HISTORICAL_INFORMATIONAL,yes,,https://www.airfields-freeman.com/PA/Airfields_PA_SC.htm
FA55B6AC93,,PA,Chambersburg Airport / Sunset Airways Airport / Sunset Airport,,Chambersburg,39.98,-77.63,,HISTORICAL_INFORMATIONAL,yes,,https://www.airfields-freeman.com/PA/Airfields_PA_SC.htm
A55092B6D3,,PA,Cherry Springs Intermediate Field / Cherry Springs Airport (5G6),,Cloudersport,41.665,-77.82,,HISTORICAL_INFORMATIONAL,yes,,https://www.airfields-freeman.com/PA/Airfields_PA_NC.htm
A3D3B5E07E,,PA,Conestoga Valley Airport / New Holland Airport,,New Holland,40.1,-76.07,,HISTORICAL_INFORMATIONAL,yes,,https://www.airfields-freeman.com/PA/Airfields_PA_Harrisburg.htm
7C69B49E94,,PA,Conway Airport / Conway-Pittsburgh Airport,,Conway,40.67,-80.23,,HISTORICAL_INFORMATIONAL,yes,,https://www.airfields-freeman.com/PA/Airfields_PA_Pittsburgh.htm
66D4922F3F,,PA,Crumling Airfield,,Hallam,40,-76.63,,HISTORICAL_INFORMATIONAL,yes,,https://www.airfields-freeman.com/PA/Airfields_PA_Harrisburg.htm
70969F65C6,,PA,Culbertson Hills Airport / Edinboro Airport,,Edinboro,41.87,-80.15,,HISTORICAL_INFORMATIONAL,yes,,https://www.airfields-freeman.com/PA/Airfields_PA_NW.htm
CB6AEA6AE1,,PA,Devener Airport,,Hanover,39.828,-76.97,,HISTORICAL_INFORMATIONAL,yes,,https://www.airfields-freeman.com/PA/Airfields_PA_SC.htm
2087B23A12,,PA,Garden Spot Air Park,,Donerville,40.04,-76.4,,HISTORICAL_INFORMATIONAL,yes,,https://www.airfields-freeman.com/PA/Airfields_PA_Harrisburg.htm
77F1E1D99D,,PA,Gettysburg Airport (2nd location),,Gettysburg,39.857,-77.263,,HISTORICAL_INFORMATIONAL,yes,,https://www.airfields-freeman.com/PA/Airfields_PA_SC.htm
A92821BA0D,,PA,Gettysburg Airport (original location),,Gettysburg,39.844,-77.247,,HISTORICAL_INFORMATIONAL,yes,,https://www.airfields-freeman.com/PA/Airfields_PA_SC.htm
DAD01A5253,,PA,Glade Mill Airport,,Valencia,40.72,-79.89,,HISTORICAL_INFORMATIONAL,yes,,https://www.airfields-freeman.com/PA/Airfields_PA_SW.htm
0C356C8E33,,PA,Gordon Airport,,Gordon,40.74,-76.376,,HISTORICAL_INFORMATIONAL,yes,,https://www.airfields-freeman.com/PA/Airfields_PA_NC.htm
9A2364A02B,,PA,Greensburg Airport / Pittsburg-Greensburg Airport,,Greensburg,40.276,-79.512,,HISTORICAL_INFORMATIONAL,yes,,https://www.airfields-freeman.com/PA/Airfields_PA_Pittsburgh.htm
FE1D4B57AD,,PA,Greensburg City Airport / Carbon Airport,,Greensburg,40.29,-79.555,,HISTORICAL_INFORMATIONAL,yes,,https://www.airfields-freeman.com/PA/Airfields_PA_SW.htm
513795B619,,PA,Hackenberger Airport,,Duncannon,40.434,-77.006,,HISTORICAL_INFORMATIONAL,yes,,https://www.airfields-freeman.com/PA/Airfields_PA_Harrisburg.htm
7D383AE88A,,PA,Hallstead Airport / Ulco Airport,,Hallstead,41.951,-75.74,,HISTORICAL_INFORMATIONAL,yes,,https://www.airfields-freeman.com/PA/Airfields_PA_NE.htm
3580350C33,,PA,Hanover Airport (6W6),,Hanover,39.793,-77.025,,HISTORICAL_INFORMATIONAL,yes,,https://www.airfields-freeman.com/PA/Airfields_PA_SC.htm
343A4FED62,,PA,Harri-Emery Field,,Bradford,41.94,-78.67,,HISTORICAL_INFORMATIONAL,yes,,https://www.airfields-freeman.com/PA/Airfields_PA_NW.htm
83D1F716D5,,PA,Hatboro Airport,,Hatboro,40.178,-75.088,,HISTORICAL_INFORMATIONAL,yes,,https://www.airfields-freeman.com/PA/Airfields_PA_Philly_W.htm
41F59EB825,,PA,Hershey Airpark,,Hershey,40.3,-76.66,,HISTORICAL_INFORMATIONAL,yes,,https://www.airfields-freeman.com/PA/Airfields_PA_Harrisburg.htm
27F520721F,,PA,Honesdale Airport,,Honesdale,41.552,-75.23,,HISTORICAL_INFORMATIONAL,yes,,https://www.airfields-freeman.com/PA/Airfields_PA_NE.htm
9770BD8B42,,PA,Hughesville Airport,,Hughesville,41.233,-76.726,,HISTORICAL_INFORMATIONAL,yes,,https://www.airfields-freeman.com/PA/Airfields_PA_NC.htm
3202BF9D99,,PA,Hyner Field,,Hyner,41.321,-77.635,,HISTORICAL_INFORMATIONAL,yes,,https://www.airfields-freeman.com/PA/Airfields_PA_NC.htm
B0DA96A944,,PA,Indian Lake Airport (5G2),,Central City,40.05,-78.85,,HISTORICAL_INFORMATIONAL,yes,,https://www.airfields-freeman.com/PA/Airfields_PA_SC.htm
C814D1CE2A,,PA,Irwin Airport,,Irwin,40.331,-79.721,,HISTORICAL_INFORMATIONAL,yes,,https://www.airfields-freeman.com/PA/Airfields_PA_SW.htm
F1D2E8D87C,,PA,Johnstown Airport (original location),,Johnstown,40.32,-78.954,,HISTORICAL_INFORMATIONAL,yes,,https://www.airfields-freeman.com/PA/Airfields_PA_SC.htm
E11DA5E17E,,PA,Kearsarge Airport,,Kearsarge,42.07,-80.1,,HISTORICAL_INFORMATIONAL,yes,,https://www.airfields-freeman.com/PA/Airfields_PA_NW.htm
72944A2647,,PA,Keystone / Fleetwings Factory & Seaplane Base,,Bristol,40.11,-74.84,,HISTORICAL_INFORMATIONAL,yes,,https://www.airfields-freeman.com/PA/Airfields_PA_Philly_NE.htm
2E43F461FA,,PA,Keystone Aircraft Field / Fleetwings Field / Kaiser Field / Kaiser NAS / 3M Airport,,Levittown,40.13,-74.85,,HISTORICAL_INFORMATIONAL,yes,,https://www.airfields-freeman.com/PA/Airfields_PA_Philly_NE.htm
A367A83100,,PA,Keystone Helicopter West Chester Heliport,,West Chester,40.02,-75.58,,HISTORICAL_INFORMATIONAL,yes,,https://www.airfields-freeman.com/PA/Airfields_PA_Philly_W.htm
F23A19CDAE,,PA,Kutztown Airport (N31),,Kutztown,40.5,-75.79,,HISTORICAL_INFORMATIONAL,yes,,https://www.airfields-freeman.com/PA/Airfields_PA_Allentown.htm
D4B6A3EBE2,,PA,Lancaster Airport (original location),,Lancaster,40.07,-76.32,,HISTORICAL_INFORMATIONAL,yes,,https://www.airfields-freeman.com/PA/Airfields_PA_Lancaster.htm
1AC9D92AD8,,PA,Lebanon Valley Airpark,,Lebanon,40.37,-76.337,,HISTORICAL_INFORMATIONAL,yes,,https://www.airfields-freeman.com/PA/Airfields_PA_Harrisburg.htm
0A4C951F77,,PA,Leechburg Airport,,Leechburg,40.63,-79.57,,HISTORICAL_INFORMATIONAL,yes,,https://www.airfields-freeman.com/PA/Airfields_PA_SW.htm
FDD25D5909,,PA,Lewisburg Airport,,Lewisburg,40.97,-76.91,,HISTORICAL_INFORMATIONAL,yes,,https://www.airfields-freeman.com/PA/Airfields_PA_Harrisburg.htm
B5DA3BFDB8,,PA,Madeira Flying Field,,Reading,40.38,-75.92,,HISTORICAL_INFORMATIONAL,yes,,https://www.airfields-freeman.com/PA/Airfields_PA_Allentown.htm
379F5451C1,,PA,Martin Jensen Airport / Lehighton Airport,,Lehighton,40.827,-75.725,,HISTORICAL_INFORMATIONAL,yes,,https://www.airfields-freeman.com/PA/Airfields_PA_NE.htm
8E93740B9F,,PA,Martins Creek Airport,,Martins Creek,40.806,-75.116,,HISTORICAL_INFORMATIONAL,yes,,https://www.airfields-freeman.com/PA/Airfields_PA_NE.htm
DBE25F77C0,,PA,Mayer Field,,Bridgeville,40.37,-80.1,,HISTORICAL_INFORMATIONAL,yes,,https://www.airfields-freeman.com/PA/Airfields_PA_SW.htm
29151BB124,,PA,McConnellsburg Airport,,McConnellsburg,39.926,-77.988,,HISTORICAL_INFORMATIONAL,yes,,https://www.airfields-freeman.com/PA/Airfields_PA_SC.htm
DDCA15691A,,PA,McGinness Airport (8N7),,Columbia,40.024,-76.488,,HISTORICAL_INFORMATIONAL,yes,,https://www.airfields-freeman.com/PA/Airfields_PA_Lancaster.htm
F4DB569083,,PA,Mercer Airport / Intermediate Field Site 40 / Intermediate Field Site 39,,Mercer,41.29,-80.21,,HISTORICAL_INFORMATIONAL,yes,,https://www.airfields-freeman.com/PA/Airfields_PA_NW.htm
92E96939E9,,PA,Merrill-Ronne Airport / Matamoras Municipal Airport,,Matamoras,41.362,-74.697,,HISTORICAL_INFORMATIONAL,yes,,https://www.airfields-freeman.com/PA/Airfields_PA_NE.htm
4F12040810,,PA,"Millard Airport (N76, 4PA0)",,Annville,40.31,-76.54,,HISTORICAL_INFORMATIONAL,yes,,https://www.airfields-freeman.com/PA/Airfields_PA_Harrisburg.htm
A26366050A,,PA,Monessen Airport,,Monessen,40.14,-79.84,,HISTORICAL_INFORMATIONAL,yes,,https://www.airfields-freeman.com/PA/Airfields_PA_SW.htm
3BE21B21AF,,PA,Montgomeryville Airport / Gloster Field / Hi-Line Airport / 309 Airport,,Montgomeryville,40.24,-75.24,,HISTORICAL_INFORMATIONAL,yes,,https://www.airfields-freeman.com/PA/Airfields_PA_Philly_NW.htm
E79721C196,,PA,Morgantown Airport (O03),,Morgantown,40.157,-75.871,,HISTORICAL_INFORMATIONAL,yes,,https://www.airfields-freeman.com/PA/Airfields_PA_Lancaster.htm
ACEAF38B0B,,PA,Morrisville Airport,,Morrisville,40.2,-74.815,,HISTORICAL_INFORMATIONAL,yes,,https://www.airfields-freeman.com/PA/Airfields_PA_Philly_NE.htm
F0851A65CF,,PA,Mount Jewett Airport,,Mount Jewett,41.72,-78.62,,HISTORICAL_INFORMATIONAL,yes,,https://www.airfields-freeman.com/PA/Airfields_PA_NW.htm
1DD547D7E3,,PA,Mount View Airport / Nicholson Airport,,Hop Bottom,41.669,-75.692,,HISTORICAL_INFORMATIONAL,yes,,https://www.airfields-freeman.com/PA/Airfields_PA_NE.htm
D241A0F9DA,,PA,NAS Willow Grove,,Willow Grove,40.19,-75.14,,HISTORICAL_INFORMATIONAL,yes,,https://www.airfields-freeman.com/PA/Airfields_PA_Philly_W.htm
70550FC5AE,,PA,New Hanover Airport,,New Hanover,40.3,-75.59,,HISTORICAL_INFORMATIONAL,yes,,https://www.airfields-freeman.com/PA/Airfields_PA_Allentown.htm
B3BF428D27,,PA,New London Airport,,New London,39.782,-75.879,,HISTORICAL_INFORMATIONAL,yes,,https://www.airfields-freeman.com/PA/Airfields_PA_Lancaster.htm
F1CC97B5AD,,PA,Oil City Glider Club Gliderport / Splane Memorial Field (KOIL),,Oil City,41.5,-79.73,,HISTORICAL_INFORMATIONAL,yes,,https://www.airfields-freeman.com/PA/Airfields_PA_NW.htm
A314CDAEDE,,PA,Original Dubois Airport / Dubois City Airport,,Dubois,41.11,-78.73,,HISTORICAL_INFORMATIONAL,yes,,https://www.airfields-freeman.com/PA/Airfields_PA_NW.htm
B89F389963,,PA,Oxford Airport,,Nottingham,39.742,-76.01,,HISTORICAL_INFORMATIONAL,yes,,https://www.airfields-freeman.com/PA/Airfields_PA_Lancaster.htm
85D057E3CC,,PA,Patco Field,,Norristown,40.1,-75.31,,HISTORICAL_INFORMATIONAL,yes,,https://www.airfields-freeman.com/PA/Airfields_PA_Philly_W.htm
D05FAFDC6A,,PA,Penn State Airport / Harrisonville Airport / Sideling Hill Airport,,Harrisonville,40.01,-78.15,,HISTORICAL_INFORMATIONAL,yes,,https://www.airfields-freeman.com/PA/Airfields_PA_SC.htm
F4A45E3004,,PA,Penn-Harris Airport,,Harrisburg,40.25,-76.81,,HISTORICAL_INFORMATIONAL,yes,,https://www.airfields-freeman.com/PA/Airfields_PA_Harrisburg.htm
236D7DFE4D,,PA,"Perkiomen Valley Airport (N10, 32PA)",,Collegeville,40.204,-75.43,,HISTORICAL_INFORMATIONAL,yes,,https://www.airfields-freeman.com/PA/Airfields_PA_Philly_NW.htm
140437662C,,PA,Philadelphia Naval Shipyard,,,39.89,-75.158,,HISTORICAL_INFORMATIONAL,yes,,https://www.airfields-freeman.com/PA/Airfields_PA_Philly_S.htm
58A2CA4173,,PA,Piasecki Morton Factory Heliport,,Morton,39.91,-75.33,,HISTORICAL_INFORMATIONAL,yes,,https://www.airfields-freeman.com/PA/Airfields_PA_DelawareCo.htm
2ECD4A1ED5,,PA,Pipher Airport / Stroudsburg-Pocono Airport (N53),,Stroudsburg,41.036,-75.161,,HISTORICAL_INFORMATIONAL,yes,,https://www.airfields-freeman.com/PA/Airfields_PA_NE.htm
5496A36BB7,,PA,Pitcairn Field (1st location),,Bryn Athyn,40.14,-75.06,,HISTORICAL_INFORMATIONAL,yes,,https://www.airfields-freeman.com/PA/Airfields_PA_Philly_W.htm
C66521FF9F,,PA,Pittsburgh-McKeesport Airport / Bettis Field / Curtiss-Bettis Airport / Pittsburgh-Bettis Airport,,Pittsburgh,40.36,-79.9,,HISTORICAL_INFORMATIONAL,yes,,https://www.airfields-freeman.com/PA/Airfields_PA_Pittsburgh.htm
5EC3C11D49,,PA,Pleasant Valley Airport (4N9),,Brodheadsville,40.925,-75.398,,HISTORICAL_INFORMATIONAL,yes,,https://www.airfields-freeman.com/PA/Airfields_PA_Allentown.htm
F3FA7EFFC9,,PA,Rhea Airport,,Marianne,41.242,-79.426,,HISTORICAL_INFORMATIONAL,yes,,https://www.airfields-freeman.com/PA/Airfields_PA_NW.htm
59A8D30EB7,,PA,Rich Airport / Buckwood Airport / Bethlehem Easton Airport,,Bethlehem,40.65,-75.3,,HISTORICAL_INFORMATIONAL,yes,,https://www.airfields-freeman.com/PA/Airfields_PA_Allentown.htm
33E5DB5C63,,PA,Ridge Soaring Gliderport (79N),,Unionville,40.884,-77.907,,HISTORICAL_INFORMATIONAL,yes,,https://www.airfields-freeman.com/PA/Airfields_PA_NC.htm
0C1089FE44,,PA,Rock Airport / Pittsburgh Northeast Airport (9G1),,Tarentum,40.604,-79.826,,HISTORICAL_INFORMATIONAL,yes,,https://www.airfields-freeman.com/PA/Airfields_PA_Pittsburgh.htm
9C26D539A9,,PA,Rodgers Field,,Pittsburgh,40.52,-79.87,,HISTORICAL_INFORMATIONAL,yes,,https://www.airfields-freeman.com/PA/Airfields_PA_SW.htm
CD78652627,,PA,Schuylkill Airport,,Orwigsburg,40.638,-76.064,,HISTORICAL_INFORMATIONAL,yes,,https://www.airfields-freeman.com/PA/Airfields_PA_Allentown.htm
DA83CE37BF,,PA,Scranton Municipal Airport,,Schultzville,41.48,-75.772,,HISTORICAL_INFORMATIONAL,yes,,https://www.airfields-freeman.com/PA/Airfields_PA_NE.htm
518FCB8AA9,,PA,Seneca Airpark,,Seneca,41.38,-79.72,,HISTORICAL_INFORMATIONAL,yes,,https://www.airfields-freeman.com/PA/Airfields_PA_NW.htm
7FEC08B62C,,PA,Seven Springs Airport (7SP),,Seven Springs,40.01,-79.32,,HISTORICAL_INFORMATIONAL,yes,,https://www.airfields-freeman.com/PA/Airfields_PA_SW.htm
39204D557E,,PA,Sharon Airport,,Sharon,41.221,-80.451,,HISTORICAL_INFORMATIONAL,yes,,https://www.airfields-freeman.com/PA/Airfields_PA_NW.htm
404D31284A,,PA,Shippensburg Airport (N42),,Shippensburg,40.054,-77.462,,HISTORICAL_INFORMATIONAL,yes,,https://www.airfields-freeman.com/PA/Airfields_PA_SC.htm
CFE9BE1685,,PA,Silver Star Airport / Old Star Airport,,Langhorne,40.18,-74.88,,HISTORICAL_INFORMATIONAL,yes,,https://www.airfields-freeman.com/PA/Airfields_PA_Philly_NE.htm
37D783DEE0,,PA,Skyhaven Air Center,,Morrisville,40.19,-74.77,,HISTORICAL_INFORMATIONAL,yes,,https://www.airfields-freeman.com/PA/Airfields_PA_Philly_NE.htm
CA71B4AB5C,,PA,Skyport,,Mechanicsburg,40.25,-76.98,,HISTORICAL_INFORMATIONAL,yes,,https://www.airfields-freeman.com/PA/Airfields_PA_SC.htm
E169FBC2B5,,PA,Smiling Jack Airport,,Douglassville,40.27,-75.75,,HISTORICAL_INFORMATIONAL,yes,,https://www.airfields-freeman.com/PA/Airfields_PA_Allentown.htm
EFB3CE888B,,PA,Somerton Airport / Flying Dutchman Field,,Philadelphia,40.11,-75.02,,HISTORICAL_INFORMATIONAL,yes,,https://www.airfields-freeman.com/PA/Airfields_PA_Philly_NE.htm
DFB0A9A755,,PA,State College Air Depot (1st location),,Boalsburg,40.79,-77.79,,HISTORICAL_INFORMATIONAL,yes,,https://www.airfields-freeman.com/PA/Airfields_PA_NC.htm
2CFE59466F,,PA,State College Air Depot (2nd location) (SCE),,State College,40.772,-77.881,,HISTORICAL_INFORMATIONAL,yes,,https://www.airfields-freeman.com/PA/Airfields_PA_NC.htm
28D1E71A9E,,PA,Stone Castle Motel Airport,,Grovania,40.973,-76.52,,HISTORICAL_INFORMATIONAL,yes,,https://www.airfields-freeman.com/PA/Airfields_PA_NE.htm
E7A5C2E9D9,,PA,Stultz Field / Peterson Memorial Airfield (1st location),,Tipton,40.635,-78.288,,HISTORICAL_INFORMATIONAL,yes,,https://www.airfields-freeman.com/PA/Airfields_PA_NC.htm
667A25ED2F,,PA,Sunnyrest Airfield (8PA8),,Palmerton,40.822,-75.646,,HISTORICAL_INFORMATIONAL,yes,,https://www.airfields-freeman.com/PA/Airfields_PA_Allentown.htm
7523DEFEAB,,PA,Taylor Field / Cumberland Valley Airport,,New Kingstown,40.24,-77.07,,HISTORICAL_INFORMATIONAL,yes,,https://www.airfields-freeman.com/PA/Airfields_PA_Harrisburg.htm
382B6D0AC7,,PA,Tobyhanna Army Airfield / Betts Army Airfield,,Tobyhanna,41.195,-75.426,,HISTORICAL_INFORMATIONAL,yes,,https://www.airfields-freeman.com/PA/Airfields_PA_NE.htm
76D10443E0,,PA,Trexlertown Airport,,Trexlertown,40.55,-75.59,,HISTORICAL_INFORMATIONAL,yes,,https://www.airfields-freeman.com/PA/Airfields_PA_Allentown.htm
BE2EA5C624,,PA,Turner Field,,Prospectville,40.22,-75.21,,HISTORICAL_INFORMATIONAL,yes,,https://www.airfields-freeman.com/PA/Airfields_PA_Philly_NW.htm
941E187B89,,PA,Tyrone Airport / Peterson Memorial Airfield (2nd location),,Tipton,40.63,-78.3,,HISTORICAL_INFORMATIONAL,yes,,https://www.airfields-freeman.com/PA/Airfields_PA_NC.htm
21DC1A59B1,,PA,Valley Airpark / York Whitehull Airport,,York,39.978,-76.673,,HISTORICAL_INFORMATIONAL,yes,,https://www.airfields-freeman.com/PA/Airfields_PA_Harrisburg.htm
F8355AD54F,,PA,Valley Airport / Chemung Valley Airport / Coles Airport,,Sayre,41.99,-76.54,,HISTORICAL_INFORMATIONAL,yes,,https://www.airfields-freeman.com/PA/Airfields_PA_NC.htm
5604C330F3,,PA,Valley Forge Airport,,Valley Forge,40.128,-75.423,,HISTORICAL_INFORMATIONAL,yes,,https://www.airfields-freeman.com/PA/Airfields_PA_Philly_W.htm
BFB59942F9,,PA,Vandergrift Airport,,Vandergrift,40.601,-79.603,,HISTORICAL_INFORMATIONAL,yes,,https://www.airfields-freeman.com/PA/Airfields_PA_SW.htm
BA001D0A74,,PA,Veale Airport / Reifenberg Airport / (Original) Hazleton Airport,,Hazleton,41.035,-76.023,,HISTORICAL_INFORMATIONAL,yes,,https://www.airfields-freeman.com/PA/Airfields_PA_NE.htm
C1E8B4C75E,,PA,Warminster Naval Air Warfare Center (NJP),,Warminster,40.2,-75.07,,HISTORICAL_INFORMATIONAL,yes,,https://www.airfields-freeman.com/PA/Airfields_PA_Philly_NW.htm
A172AB4741,,PA,Warren Airport,,Warren,41.83,-79.17,,HISTORICAL_INFORMATIONAL,yes,,https://www.airfields-freeman.com/PA/Airfields_PA_NW.htm
BB459B9D50,,PA,Warrington Airport (8N9),,Warrington,40.26,-75.14,,HISTORICAL_INFORMATIONAL,yes,,https://www.airfields-freeman.com/PA/Airfields_PA_Philly_NW.htm
9FA6B2F4E5,,PA,Whander Field,,Leesport,40.439,-75.943,,HISTORICAL_INFORMATIONAL,yes,,https://www.airfields-freeman.com/PA/Airfields_PA_Allentown.htm
6D4EBE3C0E,,PA,Wilkinsburg Airport,,Wilkinsburg,40.452,-79.855,,HISTORICAL_INFORMATIONAL,yes,,https://www.airfields-freeman.com/PA/Airfields_PA_SW.htm
E2EB7700A2,,PA,Wilkinsburg-Pittsburgh Airport / Pittsburgh-Monroeville Airport / Harold Brown Memorial Field (4G0/15PA),,Monroeville,40.453,-79.775,,HISTORICAL_INFORMATIONAL,yes,,https://www.airfields-freeman.com/PA/Airfields_PA_Pittsburgh.htm
0ED1185F0F,,PA,Worley Field / Waynesboro Airport,,Waynesboro,39.73,-77.53,,HISTORICAL_INFORMATIONAL,yes,,https://www.airfields-freeman.com/PA/Airfields_PA_SC.htm
2C5C81D5EB,,PA,York Airport (3rd location),,York,39.97,-76.75,,HISTORICAL_INFORMATIONAL,yes,,https://www.airfields-freeman.com/PA/Airfields_PA_Harrisburg.htm
AA11D14D91,,RI,Coventry Air Park,,Coventry,41.69,-71.583,,HISTORICAL_INFORMATIONAL,yes,,https://www.airfields-freeman.com/RI/Airfields_RI.htm
B729943796,,RI,Heritage Heliport / Providence Downtown Helistop (RI9),,Providence,41.821,-71.405,,HISTORICAL_INFORMATIONAL,yes,,https://www.airfields-freeman.com/RI/Airfields_RI.htm
1A55B5C7AD,,RI,Newport Naval Air Facility,,Gould Island,41.532,-71.345,,HISTORICAL_INFORMATIONAL,yes,,https://www.airfields-freeman.com/RI/Airfields_RI.htm
8976CCF537,,RI,Pothier Field / Buttonwoods Flying Field,,Buttonwoods,41.698,-71.426,,HISTORICAL_INFORMATIONAL,yes,,https://www.airfields-freeman.com/RI/Airfields_RI.htm
CFF81AA833,,RI,Smithfield Airport,,Smithfield,41.921,-71.539,,HISTORICAL_INFORMATIONAL,yes,,https://www.airfields-freeman.com/RI/Airfields_RI.htm
EA58AE81BD,,SC,Bethel Lake Wylie Airfield,,York,35.049,-81.138,,HISTORICAL_INFORMATIONAL,yes,,https://www.airfields-freeman.com/SC/Airfields_SC_W.htm
0858E99017,,SC,Calhoun Falls Airport / Hester Memorial Airport (0A2),,Calhoun Falls,34.091,-82.565,,HISTORICAL_INFORMATIONAL,yes,,https://www.airfields-freeman.com/SC/Airfields_SC_W.htm
4293760C8B,,SC,Campobello Airport,,Campobello,35.074,-82.218,,HISTORICAL_INFORMATIONAL,yes,,https://www.airfields-freeman.com/SC/Airfields_SC_W.htm
2A5C63A6D8,,SC,Carlisle Field / (Original) Bamberg County Airport,,Midway,33.277,-80.972,,HISTORICAL_INFORMATIONAL,yes,,https://www.airfields-freeman.com/SC/Airfields_SC_SE.htm
88C25ABC92,,SC,Charleston Naval Air Station (2nd location),,North Charleston,32.847,-79.94,,HISTORICAL_INFORMATIONAL,yes,,https://www.airfields-freeman.com/SC/Airfields_SC_SE.htm
4B2D359267,,SC,Charleston Navy Yard Field (1st location),,North Charleston,32.86,-79.96,,HISTORICAL_INFORMATIONAL,yes,,https://www.airfields-freeman.com/SC/Airfields_SC_SE.htm
ECF8B26AA7,,SC,Coulbourne Airport,,Lancaster,34.69,-80.78,,HISTORICAL_INFORMATIONAL,yes,,https://www.airfields-freeman.com/SC/Airfields_SC_NE.htm
0AC292F292,,SC,Cypress Bay Airport (5J6),,Little River,33.876,-78.627,,HISTORICAL_INFORMATIONAL,yes,,https://www.airfields-freeman.com/SC/Airfields_SC_NE.htm
B1D05E0FB1,,SC,Greenwood,,,34.19,-82.21,,HISTORICAL_INFORMATIONAL,yes,,https://www.airfields-freeman.com/SC/Airfields_SC_W.htm
0966275C96,,SC,Greenwood Municipal Airport (1st location),,Greenwood,34.21,-82.17,,HISTORICAL_INFORMATIONAL,yes,,https://www.airfields-freeman.com/SC/Airfields_SC_W.htm
7BF9F704D8,,SC,Hawthorne School of Aeronautics,,Orangeburg,33.42,-80.85,,HISTORICAL_INFORMATIONAL,yes,,https://www.airfields-freeman.com/SC/Airfields_SC_W.htm
A597174D3A,,SC,Hemingway-Stuckey Airport (38J),,Stuckey,33.729,-79.516,,HISTORICAL_INFORMATIONAL,yes,,https://www.airfields-freeman.com/SC/Airfields_SC_NE.htm
1DB9C55BEF,,SC,Isle of Palms Airport / Harold F. Wilson Memorial Airport,,Isle of Palms,32.802,-79.772,,HISTORICAL_INFORMATIONAL,yes,,https://www.airfields-freeman.com/SC/Airfields_SC_SE.htm
D784A1AC9C,,SC,Kershaw Airport,,Kershaw,34.49,-80.6,,HISTORICAL_INFORMATIONAL,yes,,https://www.airfields-freeman.com/SC/Airfields_SC_NE.htm
D69DBC7E9D,,SC,Lane Intermediate Field / Lane Airport (43J),,Lane,33.483,-79.889,,HISTORICAL_INFORMATIONAL,yes,,https://www.airfields-freeman.com/SC/Airfields_SC_NE.htm
D7683896BA,,SC,Loris Airport / Twin City Airport (5J9),,Loris,34.088,-78.865,,HISTORICAL_INFORMATIONAL,yes,,https://www.airfields-freeman.com/SC/Airfields_SC_NE.htm
22A9EA57F5,,SC,Myrtle Beach Airport (original location),,Myrtle Beach,33.714,-78.901,,HISTORICAL_INFORMATIONAL,yes,,https://www.airfields-freeman.com/SC/Airfields_SC_NE.htm
E070FD7C9E,,SC,Our Own Airport / North Augusta Airport,,North Augusta,33.488,-81.931,,HISTORICAL_INFORMATIONAL,yes,,https://www.airfields-freeman.com/SC/Airfields_SC_W.htm
5A40B9AAB6,,SC,Palmer Field / Bennettsville Airport,,Bennettsville,34.656,-79.719,,HISTORICAL_INFORMATIONAL,yes,,https://www.airfields-freeman.com/SC/Airfields_SC_NE.htm
0C46B0C29D,,SC,Parris Island Landing Field / Page Field Marine Corps Outer Landing Field,,Parris Island,32.32,-80.68,,HISTORICAL_INFORMATIONAL,yes,,https://www.airfields-freeman.com/SC/Airfields_SC_SE.htm
34A40CFA51,,SC,Pinckney Airport / Remleys Point Airport,,Mount Pleasant,32.807,-79.896,,HISTORICAL_INFORMATIONAL,yes,,https://www.airfields-freeman.com/SC/Airfields_SC_SE.htm
765265B482,,SC,Shealy Airport (SC14),,Leesville,34.063,-81.412,,HISTORICAL_INFORMATIONAL,yes,,https://www.airfields-freeman.com/SC/Airfields_SC_W.htm
0A9C7AEC82,,SC,Twin City Airport / Palmetto Airport,,Batesburg,33.874,-81.51,,HISTORICAL_INFORMATIONAL,yes,,https://www.airfields-freeman.com/SC/Airfields_SC_W.htm
ECAF1952F3,,SD,Black Hills Army Airfield,,Igloo,43.18,-103.85,,HISTORICAL_INFORMATIONAL,yes,,https://www.airfields-freeman.com/SD/Airfields_SD_W.htm
9C137C327E,,SD,Brown Landing Strip,,Winner,43.377,-99.878,,HISTORICAL_INFORMATIONAL,yes,,https://www.airfields-freeman.com/SD/Airfields_SD_E.htm
ECDC9D332B,,SD,Custer State Park Airport (3V0),,Custer,43.725,-103.351,,HISTORICAL_INFORMATIONAL,yes,,https://www.airfields-freeman.com/SD/Airfields_SD_W.htm
3BED257364,,SD,Estelline Municipal Airport,,Estelline,44.571,-96.91,,HISTORICAL_INFORMATIONAL,yes,,https://www.airfields-freeman.com/SD/Airfields_SD_E.htm
52E81FDB8B,,SD,Eulberg Airfield,,Eulberg,45.085,-101.55,,HISTORICAL_INFORMATIONAL,yes,,https://www.airfields-freeman.com/SD/Airfields_SD_W.htm
27F35DB6F6,,SD,Lake Preston Airport (2nd location) (Y34),,Lake Preston,44.357,-97.385,,HISTORICAL_INFORMATIONAL,yes,,https://www.airfields-freeman.com/SD/Airfields_SD_E.htm
2609AB63A2,,SD,Lake Preston Airport (original location),,Lake Preston,44.369,-97.361,,HISTORICAL_INFORMATIONAL,yes,,https://www.airfields-freeman.com/SD/Airfields_SD_E.htm
E036BCBFAB,,SD,Lien Airport,,Rapid City,44.11,-103.27,,HISTORICAL_INFORMATIONAL,yes,,https://www.airfields-freeman.com/SD/Airfields_SD_W.htm
ED8760FA63,,SD,Mission Sioux Airport (0V6),,Mission,43.307,-100.629,,HISTORICAL_INFORMATIONAL,yes,,https://www.airfields-freeman.com/SD/Airfields_SD_W.htm
1B631603BD,,SD,Newell Airport (9V0),,Newell,44.72,-103.41,,HISTORICAL_INFORMATIONAL,yes,,https://www.airfields-freeman.com/SD/Airfields_SD_W.htm
CAC617F3F1,,SD,Skie Air Service Landing Field (1D9),,Lennox,43.304,-96.842,,HISTORICAL_INFORMATIONAL,yes,,https://www.airfields-freeman.com/SD/Airfields_SD_E.htm
7A45A0A24A,,SD,Sturgis Municipal Airport (2nd location),,Sturgis,44.42,-103.4,,HISTORICAL_INFORMATIONAL,yes,,https://www.airfields-freeman.com/SD/Airfields_SD_W.htm
B71414B94D,,TN,(Original) Humphreys County Airport / Waverly Airport,,Waverly,36.078,-87.856,,HISTORICAL_INFORMATIONAL,yes,,https://www.airfields-freeman.com/TN/Airfields_TN_C.htm
8A8376E7A0,,TN,Arlington Municipal Airport (LHC),,Arlington,35.28,-89.67,,HISTORICAL_INFORMATIONAL,yes,,https://www.airfields-freeman.com/TN/Airfields_TN_W.htm
667A82499E,,TN,Blackwood Field,,Old Hickory,36.22,-86.607,,HISTORICAL_INFORMATIONAL,yes,,https://www.airfields-freeman.com/TN/Airfields_TN_C.htm
ACC3708301,,TN,Boen Field / Milan Municipal Airport,,Milan,35.96,-88.74,,HISTORICAL_INFORMATIONAL,yes,,https://www.airfields-freeman.com/TN/Airfields_TN_W.htm
5740BDFE14,,TN,Camp Tyson,,Paris,36.24,-88.4,,HISTORICAL_INFORMATIONAL,yes,,https://www.airfields-freeman.com/TN/Airfields_TN_C.htm
D38EDDAC91,,TN,Cleveland Airport / Hardwick Field (KHDI),,Cleveland,35.22,-84.83,,HISTORICAL_INFORMATIONAL,yes,,https://www.airfields-freeman.com/TN/Airfields_TN_E.htm
E706951421,,TN,Cookeville Airport / Putnam County Airport (CJE),,Cookeville,36.194,-85.488,,HISTORICAL_INFORMATIONAL,yes,,https://www.airfields-freeman.com/TN/Airfields_TN_E.htm
77B40E2DF6,,TN,Cornelia Fort Airport / Cornelia Fort Airpark (M88),,Nashville,36.19,-86.703,,HISTORICAL_INFORMATIONAL,yes,,https://www.airfields-freeman.com/TN/Airfields_TN_C.htm
08BD22964F,,TN,"Dallas Bay Skypark (1A0, 1AA0)",,Hixson,35.188,-85.177,,HISTORICAL_INFORMATIONAL,yes,,https://www.airfields-freeman.com/TN/Airfields_TN_E.htm
0244EAEAE3,,TN,Dunlap Airfield,,Dunlap,35.531,-85.479,,HISTORICAL_INFORMATIONAL,yes,,https://www.airfields-freeman.com/TN/Airfields_TN_E.htm
A896752F0C,,TN,Fort Campbell Sky Drop Army Airfield,,Big Rock,36.63,-87.71,,HISTORICAL_INFORMATIONAL,yes,,https://www.airfields-freeman.com/TN/Airfields_TN_C.htm
0C4D7A98E6,,TN,Gill-Dove Field,,Martin,36.3,-88.85,,HISTORICAL_INFORMATIONAL,yes,,https://www.airfields-freeman.com/TN/Airfields_TN_W.htm
3FF8FBA7F0,,TN,Gillespie Field / Cumberland Airport,,Nashville,36.2,-86.813,,HISTORICAL_INFORMATIONAL,yes,,https://www.airfields-freeman.com/TN/Airfields_TN_C.htm
278C094397,,TN,Isle-A-Port Airport (TN43),,Memphis,35.1,-90.11,,HISTORICAL_INFORMATIONAL,yes,,https://www.airfields-freeman.com/TN/Airfields_TN_W.htm
02BD79F63A,,TN,Jacks Creek Intermediate Field,,Jacks Creek,35.5,-88.52,,HISTORICAL_INFORMATIONAL,yes,,https://www.airfields-freeman.com/TN/Airfields_TN_W.htm
55D6F620BC,,TN,Lexington Airport / Franklin-Wilkins Airport,,Lexington,35.65,-88.38,,HISTORICAL_INFORMATIONAL,yes,,https://www.airfields-freeman.com/TN/Airfields_TN_C.htm
9D2A087E1C,,TN,McConnell Field,,Nashville,36.14,-86.844,,HISTORICAL_INFORMATIONAL,yes,,https://www.airfields-freeman.com/TN/Airfields_TN_C.htm
1DA42463B9,,TN,Memphis Downtown Airport / Mud Island Airport,,Memphis,35.15,-90.06,,HISTORICAL_INFORMATIONAL,yes,,https://www.airfields-freeman.com/TN/Airfields_TN_W.htm
58B03B7004,,TN,Memphis Flying Service Airport,,Memphis,35.058,-89.898,,HISTORICAL_INFORMATIONAL,yes,,https://www.airfields-freeman.com/TN/Airfields_TN_W.htm
F47B0C2E48,,TN,Nashville Police Airfield (47TN),,Nashville,36.209,-86.829,,HISTORICAL_INFORMATIONAL,yes,,https://www.airfields-freeman.com/TN/Airfields_TN_C.htm
DF0875230A,,TN,Naval Outlying Landing Field 15305,,Ellendale,35.29,-89.83,,HISTORICAL_INFORMATIONAL,yes,,https://www.airfields-freeman.com/TN/Airfields_TN_W.htm
B6F679C8BB,,TN,Naval Outlying Landing Field 34105 / Hagler Airport,,Wilkinsville,35.415,-89.902,,HISTORICAL_INFORMATIONAL,yes,,https://www.airfields-freeman.com/TN/Airfields_TN_W.htm
0160142B6B,,TN,Parsons Municipal Airport / Scott Field,,Parsons,35.64,-88.13,,HISTORICAL_INFORMATIONAL,yes,,https://www.airfields-freeman.com/TN/Airfields_TN_C.htm
4159BDA0CC,,TN,Powell Airport / Powell STOLPort (9A2),,Powell,36.044,-84.005,,HISTORICAL_INFORMATIONAL,yes,,https://www.airfields-freeman.com/TN/Airfields_TN_E.htm
B67D17B15C,,TN,Roane County Airport,,Rockwood,35.88,-84.62,,HISTORICAL_INFORMATIONAL,yes,,https://www.airfields-freeman.com/TN/Airfields_TN_E.htm
87A4856E87,,TN,Savannah Airfield,,Savannah,35.18,-88.02,,HISTORICAL_INFORMATIONAL,yes,,https://www.airfields-freeman.com/TN/Airfields_TN_W.htm
EEB44CE897,,TN,Smithville Intermediate Field,,Smithville,35.96,-85.79,,HISTORICAL_INFORMATIONAL,yes,,https://www.airfields-freeman.com/TN/Airfields_TN_E.htm
BF6819C8C0,,TN,State Teachers College Airport,,Murfreesboro,35.848,-86.368,,HISTORICAL_INFORMATIONAL,yes,,https://www.airfields-freeman.com/TN/Airfields_TN_C.htm
CA3688236D,,TN,Tennessee's Sky Harbor Airport,,Murfreesboro,35.923,-86.473,,HISTORICAL_INFORMATIONAL,yes,,https://www.airfields-freeman.com/TN/Airfields_TN_C.htm
5601AF897C,,TN,Tusculum Field,,Tusculum,36.17,-82.75,,HISTORICAL_INFORMATIONAL,yes,,https://www.airfields-freeman.com/TN/Airfields_TN_E.htm
0A6D85C574,,TN,Wilson Field,,Memphis,35.04,-89.85,,HISTORICAL_INFORMATIONAL,yes,,https://www.airfields-freeman.com/TN/Airfields_TN_W.htm
081EEDF9A9,,TX,(Original) Abilene Municipal Airport,,Abilene,32.44,-99.69,,HISTORICAL_INFORMATIONAL,yes,,https://www.airfields-freeman.com/TX/Airfields_TX_Abilene_E.htm
AA9040B868,,TX,(Original) Amarillo Municipal Airport,,Amarillo,35.23,-101.78,,HISTORICAL_INFORMATIONAL,yes,,https://www.airfields-freeman.com/TX/Airfields_TX_Amarillo.htm
3F4DA14000,,TX,(Original) Dryden Airport,,Dryden,30.0455,-102.131,,HISTORICAL_INFORMATIONAL,yes,,https://www.airfields-freeman.com/TX/Airfields_TX_BigBend.htm
6B46D74E58,,TX,(Original) El Paso Municipal Airport,,El Paso,31.83,-106.43,,HISTORICAL_INFORMATIONAL,yes,,https://www.airfields-freeman.com/TX/Airfields_TX_ElPaso.htm
5AE367179B,,TX,(Original) Fort Stockton Airport / Win Field,,Fort Stockton,30.89,-102.83,,HISTORICAL_INFORMATIONAL,yes,,https://www.airfields-freeman.com/TX/Airfields_TX_W.htm
CBBCE7A5FD,,TX,(Original) Lajitas Airport (17XS),,Lajitas,29.26,-103.77,,HISTORICAL_INFORMATIONAL,yes,,https://www.airfields-freeman.com/TX/Airfields_TX_BigBend.htm
3CB2331940,,TX,(Original) Louis Schreiner Field,,Kerrville,30.075,-99.2,,HISTORICAL_INFORMATIONAL,yes,,https://www.airfields-freeman.com/TX/Airfields_TX_SanAntonioW.htm
7C69370DDF,,TX,(Original) Marfa Airport / Marfa Auxiliary Army Airfield #7,,Marfa,30.33,-104,,HISTORICAL_INFORMATIONAL,yes,,https://www.airfields-freeman.com/TX/Airfields_TX_BigBend.htm
AD4CDB1011,,TX,(Original) San Marcos Municipal Airport / Robert Lowman Airport (5R6),,San Marcos,29.85,-97.96,,HISTORICAL_INFORMATIONAL,yes,,https://www.airfields-freeman.com/TX/Airfields_TX_Austin_W.htm
A5E415A06C,,TX,(Original) Sinton Airport,,Sinton,28.04,-97.49,,HISTORICAL_INFORMATIONAL,yes,,https://www.airfields-freeman.com/TX/Airfields_TX_Corpus_NW.htm
C42F591D33,,TX,Airman's Field,,Houston,29.962,-95.44,,HISTORICAL_INFORMATIONAL,yes,,https://www.airfields-freeman.com/TX/Airfields_TX_Houston_NW.htm
A0D8E9303B,,TX,Aloe Army Airfield / Victoria County Airport,,Aloe,28.78,-97.09,,HISTORICAL_INFORMATIONAL,yes,,https://www.airfields-freeman.com/TX/Airfields_TX_Corpus_NE.htm
3E56658E83,,TX,Aloe Auxiliary Army Airfield #10,,Fannin,28.7,-97.28,,HISTORICAL_INFORMATIONAL,yes,,https://www.airfields-freeman.com/TX/Airfields_TX_Corpus_NE.htm
8CB7E1EBE0,,TX,Alta Vista Airport (28F),,Keller,32.898,-97.288,,HISTORICAL_INFORMATIONAL,yes,,https://www.airfields-freeman.com/TX/Airfields_TX_FtWorth_N.htm
2BC5BD2153,,TX,Alvin Airport,,Alvin,29.449,-95.291,,HISTORICAL_INFORMATIONAL,yes,,https://www.airfields-freeman.com/TX/Airfields_TX_Houston_SE.htm
02EFFA0080,,TX,American Liberty Oil Company Airport / Aransas National Wildlife Refuge Airport (XS10),,Matagorda Island,28.12,-96.8,,HISTORICAL_INFORMATIONAL,yes,,https://www.airfields-freeman.com/TX/Airfields_TX_Corpus_NE.htm
2BAF8880AB,,TX,Amon Carter Field / Greater Southwest International Airport (GSW),,Forth Worth,32.83,-97.05,,HISTORICAL_INFORMATIONAL,yes,,https://www.airfields-freeman.com/TX/Airfields_TX_FtWorth_NE.htm
816A45B196,,TX,An Khe Army Stage Field / Walker Red Fox Airfield,,Authon,32.85,-97.96,,HISTORICAL_INFORMATIONAL,yes,,https://www.airfields-freeman.com/TX/Airfields_TX_Abilene_E.htm
EF6D4AEAC6,,TX,Andrau Airpark (AAP),,Alief,29.725,-95.586,,HISTORICAL_INFORMATIONAL,yes,,https://www.airfields-freeman.com/TX/Airfields_TX_HoustonW.htm
0C0A6A17A3,,TX,Aransas Pass Municipal Airport (O3R),,Aransas Pass,27.886,-97.15,,HISTORICAL_INFORMATIONAL,yes,,https://www.airfields-freeman.com/TX/Airfields_TX_Corpus_NE.htm
673C15677A,,TX,Arlington Field / Naval Outlying Landing Field 25811,,Arlington,32.688,-97.128,,HISTORICAL_INFORMATIONAL,yes,,https://www.airfields-freeman.com/TX/Airfields_TX_Dallas_W.htm
2D3FCBB069,,TX,Art Stewart Airport / Standard Industries Airfield,,San Antonio,29.34,-98.66,,HISTORICAL_INFORMATIONAL,yes,,https://www.airfields-freeman.com/TX/Airfields_TX_SanAntonioW.htm
9C93813508,,TX,Athens Airfield,,Athens,32.16,-95.86,,HISTORICAL_INFORMATIONAL,yes,,https://www.airfields-freeman.com/TX/Airfields_TX_NE.htm
79353D078E,,TX,Austin Robert Mueller Airport (AUS),,Austin,30.3,-97.7,,HISTORICAL_INFORMATIONAL,yes,,https://www.airfields-freeman.com/TX/Airfields_TX_Austin_E.htm
7657AD1CBC,,TX,Bandera Airport / Flying L Ranch (T33),,Bandera,29.71,-99.046,,HISTORICAL_INFORMATIONAL,yes,,https://www.airfields-freeman.com/TX/Airfields_TX_SanAntonioW.htm
6B61E54D72,,TX,Bay City Municipal Airport (2nd location) (T26),,Bay City,28.979,-95.94,,HISTORICAL_INFORMATIONAL,yes,,https://www.airfields-freeman.com/TX/Airfields_TX_HoustonW.htm
8108C564F0,,TX,Beer Field / Caddo Lake Airport / Fly'N Fish Resort,,Uncertain,32.711,-94.122,,HISTORICAL_INFORMATIONAL,yes,,https://www.airfields-freeman.com/TX/Airfields_TX_NE.htm
E8C7F6C0FB,,TX,Beeville Airport (2nd location) / NAS Chase Field,,Beeville,28.37,-97.66,,HISTORICAL_INFORMATIONAL,yes,,https://www.airfields-freeman.com/TX/Airfields_TX_Corpus_NW.htm
E7B68D09EF,,TX,Beeville Airport (original location),,Beeville,28.419,-97.754,,HISTORICAL_INFORMATIONAL,yes,,https://www.airfields-freeman.com/TX/Airfields_TX_Corpus_NW.htm
9D0743FE09,,TX,Belton Airport,,Belton,31.045,-97.483,,HISTORICAL_INFORMATIONAL,yes,,https://www.airfields-freeman.com/TX/Airfields_TX_Waco.htm
7523C14F1B,,TX,Benger Air Park (X54),,Friona,34.647,-102.694,,HISTORICAL_INFORMATIONAL,yes,,https://www.airfields-freeman.com/TX/Airfields_TX_Amarillo.htm
5F6719B583,,TX,Bexar County Airport,,San Antonio,29.333,-98.544,,HISTORICAL_INFORMATIONAL,yes,,https://www.airfields-freeman.com/TX/Airfields_TX_SanAntonioW.htm
06CA11C125,,TX,Blackland Air Force Auxiliary Airfield #3 / Crawford Auxiliary Field / Valley Mills Municipal Airport (9F1),,Valley Mills,31.644,-97.429,,HISTORICAL_INFORMATIONAL,yes,,https://www.airfields-freeman.com/TX/Airfields_TX_Waco.htm
9F19E80492,,TX,Brazoria County Airport / Lake Jackson Dow Airport,,Lake Jackson,29.04,-95.46,,HISTORICAL_INFORMATIONAL,yes,,https://www.airfields-freeman.com/TX/Airfields_TX_HoustonS.htm
9CB551C8FF,,TX,Brooks Field / Brooks AFB,,San Antonio,29.34,-98.44,,HISTORICAL_INFORMATIONAL,yes,,https://www.airfields-freeman.com/TX/Airfields_TX_SanAntonioSE.htm
ED45AF82CB,,TX,Bryan Army Airfield / Bryan Air Force Base / Texas A&M Flight Test Station Airport (83TX),,Bryan,30.634,-96.48,,HISTORICAL_INFORMATIONAL,yes,,https://www.airfields-freeman.com/TX/Airfields_TX_Waco.htm
F3597C66E5,,TX,Butterfield Trail Airport,,North Abilene,32.54,-99.77,,HISTORICAL_INFORMATIONAL,yes,,https://www.airfields-freeman.com/TX/Airfields_TX_Abilene_W.htm
DEF75CFB0F,,TX,Cade Auxiliary Army Airfield,,Kirby,29.51,-98.36,,HISTORICAL_INFORMATIONAL,yes,,https://www.airfields-freeman.com/TX/Airfields_TX_SanAntonioNE.htm
B1D65E7818,,TX,Call Field,,Wichita Falls,33.87,-98.55,,HISTORICAL_INFORMATIONAL,yes,,https://www.airfields-freeman.com/TX/Airfields_TX_WichitaFalls.htm
3B707CFF35,,TX,Cam Ranh Army Stage Field,,Weatherford,32.77,-97.92,,HISTORICAL_INFORMATIONAL,yes,,https://www.airfields-freeman.com/TX/Airfields_TX_Abilene_E.htm
FDF8945C4F,,TX,Camp Wolters / Fort Wolters Army Heliport (88TS),,Mineral Wells,32.84,-98.05,,HISTORICAL_INFORMATIONAL,yes,,https://www.airfields-freeman.com/TX/Airfields_TX_Abilene_E.htm
E5F3429FF8,,TX,Canton-Hackney Airport (7F5),,Canton,32.586,-95.863,,HISTORICAL_INFORMATIONAL,yes,,https://www.airfields-freeman.com/TX/Airfields_TX_NE.htm
688741685F,,TX,CFC Airfield / Liberty Hill Airfield (XS12),,Liberty Hill,30.678,-98.017,,HISTORICAL_INFORMATIONAL,yes,,https://www.airfields-freeman.com/TX/Airfields_TX_Austin_W.htm
7668AEE315,,TX,Clear Lake Metro Port (CLC),,Clear Lake City,29.55,-95.13,,HISTORICAL_INFORMATIONAL,yes,,https://www.airfields-freeman.com/TX/Airfields_TX_Houston_SE.htm
ECD82E905B,,TX,Clear Lake Ranch Airfield,,Mankins,33.82,-98.9,,HISTORICAL_INFORMATIONAL,yes,,https://www.airfields-freeman.com/TX/Airfields_TX_Abilene_E.htm
D5DF99AEEA,,TX,Cole Airport,,Mesquite,32.739,-96.56,,HISTORICAL_INFORMATIONAL,yes,,https://www.airfields-freeman.com/TX/Airfields_TX_Dallas_E.htm
754C1939F9,,TX,Collier Airport,,Houston,29.88,-95.48,,HISTORICAL_INFORMATIONAL,yes,,https://www.airfields-freeman.com/TX/Airfields_TX_Houston_NW.htm
DC50581D72,,TX,Columbus Municipal Airport (Original) (6R7),,Columbus,29.72,-96.562,,HISTORICAL_INFORMATIONAL,yes,,https://www.airfields-freeman.com/TX/Airfields_TX_HoustonW.htm
0352189453,,TX,Corpus Christi Airport (original location) / Cliff Maus Airport,,Corpus Christi,27.77,-97.44,,HISTORICAL_INFORMATIONAL,yes,,https://www.airfields-freeman.com/TX/Airfields_TX_CorpusW.htm
EDD3073C7F,,TX,Cuddihy Naval Auxiliary Air Station / Cuddihy Field Airport (07TE),,Corpus Christi,27.72,-97.51,,HISTORICAL_INFORMATIONAL,yes,,https://www.airfields-freeman.com/TX/Airfields_TX_CorpusW.htm
0109A64905,,TX,Cuero Field / Brayton Flying Field,,Cuero,29.13,-97.3,,HISTORICAL_INFORMATIONAL,yes,,https://www.airfields-freeman.com/TX/Airfields_TX_SanAntonioSE.htm
C59409F9E9,,TX,Culver Field / Leon Valley Airport,,San Antonio,29.49,-98.62,,HISTORICAL_INFORMATIONAL,yes,,https://www.airfields-freeman.com/TX/Airfields_TX_SanAntonioW.htm
EDA284C12D,,TX,Cunningham Airport / Erwin-Newman Airport,,Houston,29.7,-95.39,,HISTORICAL_INFORMATIONAL,yes,,https://www.airfields-freeman.com/TX/Airfields_TX_HoustonS.htm
EF835E6A50,,TX,D-Bar Ranch Airfield,,Sanco,32.04,-100.46,,HISTORICAL_INFORMATIONAL,yes,,https://www.airfields-freeman.com/TX/Airfields_TX_Abilene_W.htm
16598F0489,,TX,Da Nang Army Stage Field,,Perrin,32.99,-98.07,,HISTORICAL_INFORMATIONAL,yes,,https://www.airfields-freeman.com/TX/Airfields_TX_Abilene_E.htm
65B4713AA4,,TX,Dalhart Aux AAF #1 / West Field,,Dalhart,36,-102.69,,HISTORICAL_INFORMATIONAL,yes,,https://www.airfields-freeman.com/TX/Airfields_TX_Amarillo.htm
CC0A865620,,TX,Dalhart Aux AAF #2 / Miller Field (2E1),,Dalhart,36.09,-102.42,,HISTORICAL_INFORMATIONAL,yes,,https://www.airfields-freeman.com/TX/Airfields_TX_Amarillo.htm
F86A5A7DF9,,TX,Dallas Hudson Airport / Dallas-Garland Airport,,Dallas,32.87,-96.68,,HISTORICAL_INFORMATIONAL,yes,,https://www.airfields-freeman.com/TX/Airfields_TX_Dallas_E.htm
84EAFCE24B,,TX,Dallas North Airport (F26),,Plano,33.08,-96.739,,HISTORICAL_INFORMATIONAL,yes,,https://www.airfields-freeman.com/TX/Airfields_TX_Dallas_N.htm
61725B177D,,TX,Davenport Auxiliary Field,,San Antonio,29.6,-98.328,,HISTORICAL_INFORMATIONAL,yes,,https://www.airfields-freeman.com/TX/Airfields_TX_SanAntonioNE.htm
C5865BA1FA,,TX,Davis Auxiliary Army Airfield #3,,League City,29.53,-95.06,,HISTORICAL_INFORMATIONAL,yes,,https://www.airfields-freeman.com/TX/Airfields_TX_Houston_SE.htm
D215DD2041,,TX,Delaware Springs Intermediate Field,,Salt Flat,31.856,-104.544,,HISTORICAL_INFORMATIONAL,yes,,https://www.airfields-freeman.com/TX/Airfields_TX_W.htm
4DF6307F73,,TX,Dempsey Army Heliport,,Palo Pinto,32.78,-98.27,,HISTORICAL_INFORMATIONAL,yes,,https://www.airfields-freeman.com/TX/Airfields_TX_Abilene_E.htm
FBA5005559,,TX,Denton Field / College Field,,Denton,33.26,-97.144,,HISTORICAL_INFORMATIONAL,yes,,https://www.airfields-freeman.com/TX/Airfields_TX_FtWorth_NE.htm
BDF0D03D81,,TX,Dodd Field,,San Antonio,29.48,-98.43,,HISTORICAL_INFORMATIONAL,yes,,https://www.airfields-freeman.com/TX/Airfields_TX_SanAntonioNE.htm
AD27D23CE5,,TX,Downing Army Heliport,,Mineral Wells,32.78,-98.05,,HISTORICAL_INFORMATIONAL,yes,,https://www.airfields-freeman.com/TX/Airfields_TX_Abilene_E.htm
C7D2CB42C8,,TX,Eagle Mountain Lake Marine Corps Air Station / Newark Airport / Copeland Airfield (4TA2),,Pecan Acres,32.98,-97.49,,HISTORICAL_INFORMATIONAL,yes,,https://www.airfields-freeman.com/TX/Airfields_TX_FtWorth_NW.htm
6445414120,,TX,Eagle Pass,,,28.69,-100.35,,HISTORICAL_INFORMATIONAL,yes,,https://www.airfields-freeman.com/TX/Airfields_TX_Laredo.htm
1C02718EE0,,TX,Eagle Pass Auxiliary Army Airfield #1 / Cueves Field,,Spofford,29.03,-100.53,,HISTORICAL_INFORMATIONAL,yes,,https://www.airfields-freeman.com/TX/Airfields_TX_Laredo.htm
CFEF883E98,,TX,Eagle Pass Municipal Airport (EGP),,Eagle Pass,28.705,-100.482,,HISTORICAL_INFORMATIONAL,yes,,https://www.airfields-freeman.com/TX/Airfields_TX_Laredo.htm
143A90AFAA,,TX,Eagle Rock Ranch Airfield / Woodcreek Resort Airfield (4XS7),,Wimberley,30.028,-98.116,,HISTORICAL_INFORMATIONAL,yes,,https://www.airfields-freeman.com/TX/Airfields_TX_Austin_W.htm
C4EBAF3C25,,TX,Edinburg Municipal Airport,,Edinburg,26.304,-98.21,,HISTORICAL_INFORMATIONAL,yes,,https://www.airfields-freeman.com/TX/Airfields_TX_S.htm
F9E5E95920,,TX,Elders Field / Elder Field / (Original) Kilgore Airport,,Kilgore,32.41,-94.85,,HISTORICAL_INFORMATIONAL,yes,,https://www.airfields-freeman.com/TX/Airfields_TX_NE.htm
5C7489C06E,,TX,Electra Airport,,Wichita Falls,34.054,-98.969,,HISTORICAL_INFORMATIONAL,yes,,https://www.airfields-freeman.com/TX/Airfields_TX_WichitaFalls.htm
B1C7D4461C,,TX,Esperanza Ranch Airfield,,Yturria,26.565,-97.784,,HISTORICAL_INFORMATIONAL,yes,,https://www.airfields-freeman.com/TX/Airfields_TX_S.htm
482DAF500D,,TX,Evadale Airfield / Ben Bruce Memorial Airpark (4TE8),,Evadale,30.321,-94.074,,HISTORICAL_INFORMATIONAL,yes,,https://www.airfields-freeman.com/TX/Airfields_TX_Houston_NE.htm
7B1BC27F2A,,TX,Falcon State Park Airfield,,Falcon Heights,26.585,-99.14,,HISTORICAL_INFORMATIONAL,yes,,https://www.airfields-freeman.com/TX/Airfields_TX_S.htm
A72752B6F5,,TX,Faytor - Crystal City Airport / Crystal City Municipal Airport,,Crystal City,28.698,-99.818,,HISTORICAL_INFORMATIONAL,yes,,https://www.airfields-freeman.com/TX/Airfields_TX_Laredo.htm
23812B1863,,TX,Five-Points Field / Naval Outlying Landing Field 22913 /,,Watsonville,32.624,-97.122,,HISTORICAL_INFORMATIONAL,yes,,https://www.airfields-freeman.com/TX/Airfields_TX_Dallas_W.htm
9168F1A8A7,,TX,Flyers Field,,Dallas,32.722,-96.9,,HISTORICAL_INFORMATIONAL,yes,,https://www.airfields-freeman.com/TX/Airfields_TX_Dallas_W.htm
B7A1EB7060,,TX,Flying Acres Airfield,,Houston,29.95,-95.57,,HISTORICAL_INFORMATIONAL,yes,,https://www.airfields-freeman.com/TX/Airfields_TX_Houston_NW.htm
D978DF543B,,TX,Flying G Airfield / Goode Airport (23F),,Southlake,32.94,-97.18,,HISTORICAL_INFORMATIONAL,yes,,https://www.airfields-freeman.com/TX/Airfields_TX_FtWorth_N.htm
37CAFE665B,,TX,Fort Wolters Army Stage Field #1 / Pinto Stagefield,,Garner,32.88,-98.01,,HISTORICAL_INFORMATIONAL,yes,,https://www.airfields-freeman.com/TX/Airfields_TX_Abilene_E.htm
A57B58509F,,TX,Fort Wolters Army Stage Field #2 / Sundance Stage Field,,Salesville,32.88,-98.05,,HISTORICAL_INFORMATIONAL,yes,,https://www.airfields-freeman.com/TX/Airfields_TX_Abilene_E.htm
BF85098343,,TX,Fort Wolters Army Stage Field #3 / Ramrod Stage Field,,Garner,32.825,-98.01,,HISTORICAL_INFORMATIONAL,yes,,https://www.airfields-freeman.com/TX/Airfields_TX_Abilene_E.htm
C4400D0D4F,,TX,Fort Wolters Army Stage Field #4 / Mustang Stage Field,,Salesville,32.94,-98.03,,HISTORICAL_INFORMATIONAL,yes,,https://www.airfields-freeman.com/TX/Airfields_TX_Abilene_E.htm
4EC33D7085,,TX,Fort Wolters Stage Field #6 / Bronco Stage Field,,Garner,32.91,-97.98,,HISTORICAL_INFORMATIONAL,yes,,https://www.airfields-freeman.com/TX/Airfields_TX_Abilene_E.htm
B3C38B4B68,,TX,Fort Worth Dirigible Mooring Station & Airfield,,Fort Worth,32.83,-97.34,,HISTORICAL_INFORMATIONAL,yes,,https://www.airfields-freeman.com/TX/Airfields_TX_FtWorth_N.htm
FBD316EC16,,TX,Fox Airport,,Raymondville,26.473,-97.791,,HISTORICAL_INFORMATIONAL,yes,,https://www.airfields-freeman.com/TX/Airfields_TX_S.htm
44ADA3A137,,TX,Franz Airfield / King Airfield / King Air Airfield,,Katy,29.815,-95.772,,HISTORICAL_INFORMATIONAL,yes,,https://www.airfields-freeman.com/TX/Airfields_TX_HoustonW.htm
C2D08181E0,,TX,Genoa Airport (T03),,Genoa,29.63,-95.2,,HISTORICAL_INFORMATIONAL,yes,,https://www.airfields-freeman.com/TX/Airfields_TX_Houston_SE.htm
3BE15BFDB6,,TX,Globe Aircraft Company Factory Airfield / Bell Globe Heliport,,Saginaw,32.86,-97.35,,HISTORICAL_INFORMATIONAL,yes,,https://www.airfields-freeman.com/TX/Airfields_TX_FtWorth_N.htm
2D93333443,,TX,Goodfellow AAF / Goodfellow AFB,,San Angelo,31.43,-100.41,,HISTORICAL_INFORMATIONAL,yes,,https://www.airfields-freeman.com/TX/Airfields_TX_Abilene_W.htm
ABBFAF5EEC,,TX,Goodfellow Army Airfield Aux #2 / Broome Field,,San Angelo,31.323,-100.424,,HISTORICAL_INFORMATIONAL,yes,,https://www.airfields-freeman.com/TX/Airfields_TX_Abilene_W.htm
1C9E9C37E4,,TX,Goodfellow Army Airfield Aux #6 / Vancourt Field,,Wall,31.34,-100.29,,HISTORICAL_INFORMATIONAL,yes,,https://www.airfields-freeman.com/TX/Airfields_TX_Abilene_W.htm
0805512E2A,,TX,Goodyear Blimp Airfield,,Spring,30.06,-95.43,,HISTORICAL_INFORMATIONAL,yes,,https://www.airfields-freeman.com/TX/Airfields_TX_Houston_NW.htm
87BDCED3F8,,TX,Grand Prairie NOLF / Grand Prairie Army Airfield,,Grand Prairie,32.734,-97.02,,HISTORICAL_INFORMATIONAL,yes,,https://www.airfields-freeman.com/TX/Airfields_TX_Dallas_W.htm
163744A0BA,,TX,Guenther Municipal Airport / Guenther La Grange Airport,,La Grange,29.9,-96.9,,HISTORICAL_INFORMATIONAL,yes,,https://www.airfields-freeman.com/TX/Airfields_TX_Austin_E.htm
5C06BF45EE,,TX,Gulf Coast Airport,,Texas City,29.405,-94.949,,HISTORICAL_INFORMATIONAL,yes,,https://www.airfields-freeman.com/TX/Airfields_TX_Houston_SE.htm
90B9CA7B3F,,TX,Gulf Coast Airport,,Houston,29.919,-95.408,,HISTORICAL_INFORMATIONAL,yes,,https://www.airfields-freeman.com/TX/Airfields_TX_Houston_NW.htm
2BBDC4DCE6,,TX,Haile Airport,,Austin,30.32,-97.72,,HISTORICAL_INFORMATIONAL,yes,,https://www.airfields-freeman.com/TX/Airfields_TX_Austin_W.htm
070B175CDC,,TX,Hampton Field / Clearview Airport,,Dallas,32.72,-96.86,,HISTORICAL_INFORMATIONAL,yes,,https://www.airfields-freeman.com/TX/Airfields_TX_Dallas_W.htm
85446AF723,,TX,Harbaugh Airport,,Perryton,36.084,-100.867,,HISTORICAL_INFORMATIONAL,yes,,https://www.airfields-freeman.com/TX/Airfields_TX_Amarillo.htm
F5735449F7,,TX,Harbican Airport / Sack-O-Grande Acroport (9X9),,Katy,29.91,-95.83,,HISTORICAL_INFORMATIONAL,yes,,https://www.airfields-freeman.com/TX/Airfields_TX_Houston_NW.htm
32762DCEFA,,TX,Harlingen Airport (original location),,Harlingen,26.169,-97.713,,HISTORICAL_INFORMATIONAL,yes,,https://www.airfields-freeman.com/TX/Airfields_TX_S.htm
280344856F,,TX,Harlingen Municipal Airport / Harvey Richards Field,,Primera,26.205,-97.755,,HISTORICAL_INFORMATIONAL,yes,,https://www.airfields-freeman.com/TX/Airfields_TX_S.htm
E0FFF8AC39,,TX,"Hartlee Field (1F3, 3XS0)",,Denton,33.268,-97.077,,HISTORICAL_INFORMATIONAL,yes,,https://www.airfields-freeman.com/TX/Airfields_TX_FtWorth_NE.htm
12817959AD,,TX,Highland Park Airport,,Dallas,32.92,-96.774,,HISTORICAL_INFORMATIONAL,yes,,https://www.airfields-freeman.com/TX/Airfields_TX_Dallas_N.htm
7B23650D0A,,TX,Hillsboro Municipal Airport (original location) (F74),,Hillsboro,32.05,-97.12,,HISTORICAL_INFORMATIONAL,yes,,https://www.airfields-freeman.com/TX/Airfields_TX_Waco.htm
AD318B4A58,,TX,Hitchcock Naval Air Station,,Hitchcock,29.33,-95.05,,HISTORICAL_INFORMATIONAL,yes,,https://www.airfields-freeman.com/TX/Airfields_TX_Houston_SE.htm
241F0F804A,,TX,Hoffman Airport / (Original) Mount Pleasant Municipal Airport,,Mount Pleasant,33.13,-94.98,,HISTORICAL_INFORMATIONAL,yes,,https://www.airfields-freeman.com/TX/Airfields_TX_NE.htm
1BC5EB3BF7,,TX,Howard County Municipal Airport,,Big Spring,32.31,-101.44,,HISTORICAL_INFORMATIONAL,yes,,https://www.airfields-freeman.com/TX/Airfields_TX_Lubbock.htm
28BD146787,,TX,Hudspeth Intermediate Field,,Hudspeth,31.8,-105.63,,HISTORICAL_INFORMATIONAL,yes,,https://www.airfields-freeman.com/TX/Airfields_TX_W.htm
CF05AC612F,,TX,Hue Stage Field,,Garner,33.04,-98.25,,HISTORICAL_INFORMATIONAL,yes,,https://www.airfields-freeman.com/TX/Airfields_TX_Abilene_E.htm
57226E4389,,TX,Hueco Airport (4E8),,El Paso,31.84,-106.13,,HISTORICAL_INFORMATIONAL,yes,,https://www.airfields-freeman.com/TX/Airfields_TX_ElPaso.htm
B7C3B28843,,TX,Humble Airport,,Humble,29.98,-95.29,,HISTORICAL_INFORMATIONAL,yes,,https://www.airfields-freeman.com/TX/Airfields_TX_Houston_NE.htm
9859FA564C,,TX,Humble Kelsey Airfield,,Santa Elena,26.792,-98.416,,HISTORICAL_INFORMATIONAL,yes,,https://www.airfields-freeman.com/TX/Airfields_TX_S.htm
2E02651178,,TX,Hurt Field / Hurt Army Airfield,,San Antonio,29.44,-98.6,,HISTORICAL_INFORMATIONAL,yes,,https://www.airfields-freeman.com/TX/Airfields_TX_SanAntonioW.htm
A21438CBEE,,TX,Ireland Flying Field / Schneider Field / Seguin Airport,,Seguin,29.56,-98.01,,HISTORICAL_INFORMATIONAL,yes,,https://www.airfields-freeman.com/TX/Airfields_TX_SanAntonioNE.htm
1D807D5363,,TX,Irving Airport,,Irving,32.83,-96.975,,HISTORICAL_INFORMATIONAL,yes,,https://www.airfields-freeman.com/TX/Airfields_TX_Dallas_N.htm
72C802F8E4,,TX,Jackson Airport / Weiser Airpark (KEYQ),,Cypress,29.935,-95.641,,HISTORICAL_INFORMATIONAL,yes,,https://www.airfields-freeman.com/TX/Airfields_TX_Houston_NW.htm
41BC54574C,,TX,Jap Lee Airport,,Irving,32.853,-96.963,,HISTORICAL_INFORMATIONAL,yes,,https://www.airfields-freeman.com/TX/Airfields_TX_Dallas_W.htm
18AF41690E,,TX,Joe Field / Park Cities Airport,,Farmer's Branch,32.906,-96.888,,HISTORICAL_INFORMATIONAL,yes,,https://www.airfields-freeman.com/TX/Airfields_TX_Dallas_N.htm
93E9E9B294,,TX,Johnson's Ranch Airfield,,Big Bend National Park,29.03,-103.37,,HISTORICAL_INFORMATIONAL,yes,,https://www.airfields-freeman.com/TX/Airfields_TX_BigBend.htm
43524CAAA3,,TX,Kami-Kazi Airport (5TA7),,Santa Fe,29.421,-95.159,,HISTORICAL_INFORMATIONAL,yes,,https://www.airfields-freeman.com/TX/Airfields_TX_Houston_SE.htm
1B03C7F0FD,,TX,Kelly Field #1 / Duncan Field,,San Antonio,29.38,-98.56,,HISTORICAL_INFORMATIONAL,yes,,https://www.airfields-freeman.com/TX/Airfields_TX_SanAntonioW.htm
BD053A92B4,,TX,Kermit Airport / Robinson Airport,,Kermit,31.853,-103.072,,HISTORICAL_INFORMATIONAL,yes,,https://www.airfields-freeman.com/TX/Airfields_TX_W.htm
0CBE6C9B4B,,TX,KFDA-TV Airfield,,Amarillo,35.29,-101.84,,HISTORICAL_INFORMATIONAL,yes,,https://www.airfields-freeman.com/TX/Airfields_TX_Amarillo.htm
99AE8FE96F,,TX,Kingsville Naval Air Station South Field / Kingsville South Municipal Airport,,Kingsville,27.48,-97.83,,HISTORICAL_INFORMATIONAL,yes,,https://www.airfields-freeman.com/TX/Airfields_TX_CorpusS.htm
870E7B9CE4,,TX,Kingsville Naval Outlying Landing Field #55 / Field #22441,,Riviera,27.28,-97.72,,HISTORICAL_INFORMATIONAL,yes,,https://www.airfields-freeman.com/TX/Airfields_TX_CorpusS.htm
A27FF63297,,TX,Kittie Hill Airport (77T),,Leander,30.6,-97.823,,HISTORICAL_INFORMATIONAL,yes,,https://www.airfields-freeman.com/TX/Airfields_TX_Austin_W.htm
866C099D63,,TX,Kittyhawk Airport (0T7),,Allen,33.127,-96.683,,HISTORICAL_INFORMATIONAL,yes,,https://www.airfields-freeman.com/TX/Airfields_TX_Dallas_N.htm
E710A6F430,,TX,Lake Airport / Lakefield Airport / Horizon Airport (74R),,San Antonio,29.285,-98.498,,HISTORICAL_INFORMATIONAL,yes,,https://www.airfields-freeman.com/TX/Airfields_TX_SanAntonioW.htm
322BD09893,,TX,Lake Whitney State Park Airport (F50),,Lake Whitney,31.925,-97.365,,HISTORICAL_INFORMATIONAL,yes,,https://www.airfields-freeman.com/TX/Airfields_TX_Waco.htm
326E59C4A0,,TX,Lakefront Lodge Airport,,Zapata,26.89,-99.275,,HISTORICAL_INFORMATIONAL,yes,,https://www.airfields-freeman.com/TX/Airfields_TX_Laredo.htm
289ED67985,,TX,Lamesa Field,,Arvana,32.85,-101.92,,HISTORICAL_INFORMATIONAL,yes,,https://www.airfields-freeman.com/TX/Airfields_TX_Lubbock.htm
139ACB08EA,,TX,Lane Field (58F),,Sanger,33.366,-97.146,,HISTORICAL_INFORMATIONAL,yes,,https://www.airfields-freeman.com/TX/Airfields_TX_FtWorth_N.htm
82900B7522,,TX,Laredo Air Force Auxiliary Airfield #2,,Aguilares,27.475,-99.225,,HISTORICAL_INFORMATIONAL,yes,,https://www.airfields-freeman.com/TX/Airfields_TX_Laredo.htm
2DB05A1A0F,,TX,Laredo Municipal Airport / Killam & Hurd Airfield,,Del Mar,27.61,-99.52,,HISTORICAL_INFORMATIONAL,yes,,https://www.airfields-freeman.com/TX/Airfields_TX_Laredo.htm
B566D9ABEE,,TX,Lesikar Farms Airport (91R),,Zabcikville,31.025,-97.186,,HISTORICAL_INFORMATIONAL,yes,,https://www.airfields-freeman.com/TX/Airfields_TX_Waco.htm
81379EDD84,,TX,Lesikar Ranch Airfield,,Oakwood,31.561,-95.897,,HISTORICAL_INFORMATIONAL,yes,,https://www.airfields-freeman.com/TX/Airfields_TX_Waco.htm
7725B5880D,,TX,"Lesikar Ranch Airport (1TS9, 1T9)",,Halletsville,29.517,-96.844,,HISTORICAL_INFORMATIONAL,yes,,https://www.airfields-freeman.com/TX/Airfields_TX_HoustonW.htm
EA0358EC9B,,TX,Link Ranch Airfield,,Laredo,27.427,-99.473,,HISTORICAL_INFORMATIONAL,yes,,https://www.airfields-freeman.com/TX/Airfields_TX_Laredo.htm
318D568BBB,,TX,Lite-Flite Austin Airfield,,Manor,30.348,-97.49,,HISTORICAL_INFORMATIONAL,yes,,https://www.airfields-freeman.com/TX/Airfields_TX_Austin_E.htm
B797C14DF3,,TX,Lite-Flite Ultraport,,Katy,29.775,-95.848,,HISTORICAL_INFORMATIONAL,yes,,https://www.airfields-freeman.com/TX/Airfields_TX_HoustonW.htm
5FF44324F2,,TX,Lone Star Airport (4TE0),,Lone Star,32.93,-94.741,,HISTORICAL_INFORMATIONAL,yes,,https://www.airfields-freeman.com/TX/Airfields_TX_NE.htm
55CEBAEB46,,TX,Lou Foote Airport / Highway 77 Airport,,Dallas,32.626,-96.828,,HISTORICAL_INFORMATIONAL,yes,,https://www.airfields-freeman.com/TX/Airfields_TX_Dallas_S.htm
A3D4D747C6,,TX,Lubbock Army Airfield Auxiliary #4 / Abernathy Field / Abernathy Municipal Airport (F83),,Abernathy,33.844,-101.765,,HISTORICAL_INFORMATIONAL,yes,,https://www.airfields-freeman.com/TX/Airfields_TX_Lubbock.htm
DF79D28E7C,,TX,Luck Field (F71),,Garden Acres,32.6,-97.323,,HISTORICAL_INFORMATIONAL,yes,,https://www.airfields-freeman.com/TX/Airfields_TX_FtWorth_SW.htm
7053AE1E78,,TX,Luling Memorial Airfield / Carter Memorial Airport (T91),,Luling,29.728,-97.659,,HISTORICAL_INFORMATIONAL,yes,,https://www.airfields-freeman.com/TX/Airfields_TX_Austin_E.htm
A030CA3AA2,,TX,Luscombe / Temco Garland Airport,,Garland,32.9,-96.68,,HISTORICAL_INFORMATIONAL,yes,,https://www.airfields-freeman.com/TX/Airfields_TX_Dallas_E.htm
F3A219D621,,TX,MacGuire Ranch Airfield,,El Paso,31.53,-105.73,,HISTORICAL_INFORMATIONAL,yes,,https://www.airfields-freeman.com/TX/Airfields_TX_ElPaso.htm
F31B6D2093,,TX,Main Street Airport,,Houston,29.69,-95.42,,HISTORICAL_INFORMATIONAL,yes,,https://www.airfields-freeman.com/TX/Airfields_TX_HoustonS.htm
065AAA28B7,,TX,Maker Field / Hughes Airport,,Abilene,32.45,-99.78,,HISTORICAL_INFORMATIONAL,yes,,https://www.airfields-freeman.com/TX/Airfields_TX_Abilene_W.htm
0BD2E258E1,,TX,Mangham Airport (F70),,North Richland Hills,32.86,-97.2,,HISTORICAL_INFORMATIONAL,yes,,https://www.airfields-freeman.com/TX/Airfields_TX_FtWorth_N.htm
5D57B3B0D6,,TX,Mansfield Naval Outlying Landing Field / OLF 22614,,Mansfield,32.575,-97.092,,HISTORICAL_INFORMATIONAL,yes,,https://www.airfields-freeman.com/TX/Airfields_TX_Dallas_W.htm
AEF81E5B9F,,TX,Marathon Airport,,Marathon,30.201,-103.232,,HISTORICAL_INFORMATIONAL,yes,,https://www.airfields-freeman.com/TX/Airfields_TX_BigBend.htm
466074074A,,TX,Marfa Army Airfield / Presidio County Airport,,Marfa,30.26,-103.89,,HISTORICAL_INFORMATIONAL,yes,,https://www.airfields-freeman.com/TX/Airfields_TX_BigBend.htm
FECCDC1FB8,,TX,Marfa Auxiliary Army Airfield #1 / A-1 South Field,,Marfa,30.15,-103.84,,HISTORICAL_INFORMATIONAL,yes,,https://www.airfields-freeman.com/TX/Airfields_TX_BigBend.htm
AB7A5B1B72,,TX,Marfa Auxiliary Army Airfield #2,,Aragon,30.36,-104.21,,HISTORICAL_INFORMATIONAL,yes,,https://www.airfields-freeman.com/TX/Airfields_TX_BigBend.htm
32284C4BEE,,TX,Marfa Auxiliary Army Airfield #3 / Ryan Field,,Ryan,30.42,-104.3,,HISTORICAL_INFORMATIONAL,yes,,https://www.airfields-freeman.com/TX/Airfields_TX_BigBend.htm
7CDB380AE7,,TX,Marfa Auxiliary Army Airfield #5 / Aragon Field,,Aragon,30.34,-104.17,,HISTORICAL_INFORMATIONAL,yes,,https://www.airfields-freeman.com/TX/Airfields_TX_BigBend.htm
064105D462,,TX,Marshall Airport,,Pleasant Grove,32.74,-96.69,,HISTORICAL_INFORMATIONAL,yes,,https://www.airfields-freeman.com/TX/Airfields_TX_Dallas_E.htm
284C65C9C9,,TX,Matagorda Island Gunnery Range Army Airfield / Matagorda Island AFB,,Matagorda Island,28.325,-96.463,,HISTORICAL_INFORMATIONAL,yes,,https://www.airfields-freeman.com/TX/Airfields_TX_Corpus_NE.htm
9D1D768F86,,TX,Matagorda Matagorda Club Airfield / Pierce Field (72TA),,Matagorda Peninsula,28.46,-96.29,,HISTORICAL_INFORMATIONAL,yes,,https://www.airfields-freeman.com/TX/Airfields_TX_Corpus_NE.htm
F8A34F9A8E,,TX,Matagorda Peninsula Airport (XS09),,Matagorda Peninsula,28.54,-96.12,,HISTORICAL_INFORMATIONAL,yes,,https://www.airfields-freeman.com/TX/Airfields_TX_Corpus_NE.htm
C84F47198F,,TX,Mauldin Airport,,Brownsville,25.969,-97.516,,HISTORICAL_INFORMATIONAL,yes,,https://www.airfields-freeman.com/TX/Airfields_TX_S.htm
EE75A2FACA,,TX,Midwest Airport,,Forest Hill,32.711,-97.252,,HISTORICAL_INFORMATIONAL,yes,,https://www.airfields-freeman.com/TX/Airfields_TX_FtWorth_SE.htm
F3FEEF8E63,,TX,Milehigh Community Airport (6E2),,Sierra Blanca,31.258,-105.297,,HISTORICAL_INFORMATIONAL,yes,,https://www.airfields-freeman.com/TX/Airfields_TX_W.htm
677AC518FD,,TX,Modern Airport / Skyport Airport,,Houston,29.68,-95.34,,HISTORICAL_INFORMATIONAL,yes,,https://www.airfields-freeman.com/TX/Airfields_TX_HoustonS.htm
2726F4539F,,TX,Moore Auxiliary Army Airfield #2 / Mission Field / Arrowhead Ranch Airfield,,McCook,26.55,-98.44,,HISTORICAL_INFORMATIONAL,yes,,https://www.airfields-freeman.com/TX/Airfields_TX_S.htm
C1320624BA,,TX,Moore Auxiliary Army Airfield #3 / Rio Grande Field,,Sullivan City,26.345,-98.565,,HISTORICAL_INFORMATIONAL,yes,,https://www.airfields-freeman.com/TX/Airfields_TX_S.htm
F823874218,,TX,Mustang Airport,,Highland Park,32.86,-96.76,,HISTORICAL_INFORMATIONAL,yes,,https://www.airfields-freeman.com/TX/Airfields_TX_Dallas_E.htm
D2C100F525,,TX,My Tho Army Stage Field,,Mineral Welss,32.66,-98.11,,HISTORICAL_INFORMATIONAL,yes,,https://www.airfields-freeman.com/TX/Airfields_TX_Abilene_E.htm
B2C8C96E48,,TX,Naval Outlying Field #20115 / Field #42,,Laguna Larga,27.5,-97.36,,HISTORICAL_INFORMATIONAL,yes,,https://www.airfields-freeman.com/TX/Airfields_TX_CorpusS.htm
95B7C122DE,,TX,Naval Outlying Landing Field #20410 / Field #41,,Corpus Christi,27.56,-97.34,,HISTORICAL_INFORMATIONAL,yes,,https://www.airfields-freeman.com/TX/Airfields_TX_CorpusS.htm
198F7B184C,,TX,Naval Outlying Landing Field #23416 / Field #11,,Corpus Christi,27.56,-97.47,,HISTORICAL_INFORMATIONAL,yes,,https://www.airfields-freeman.com/TX/Airfields_TX_CorpusS.htm
1FBAD0D505,,TX,Naval Outlying Landing Field #23521 / Field #13,,Corpus Christi,27.52,-97.54,,HISTORICAL_INFORMATIONAL,yes,,https://www.airfields-freeman.com/TX/Airfields_TX_CorpusS.htm
CA1E10CCE6,,TX,Naval Outlying Landing Field #24024 / Field #25,,Corpus Christi,27.51,-97.62,,HISTORICAL_INFORMATIONAL,yes,,https://www.airfields-freeman.com/TX/Airfields_TX_CorpusS.htm
126B0417E0,,TX,Naval Outlying Landing Field #26117 / Field #21,,Corpus Christi,27.656,-97.54,,HISTORICAL_INFORMATIONAL,yes,,https://www.airfields-freeman.com/TX/Airfields_TX_CorpusS.htm
58EB55F433,,TX,Naval Outlying Landing Field #26832 / Field #36,,Driscoll,27.68,-97.78,,HISTORICAL_INFORMATIONAL,yes,,https://www.airfields-freeman.com/TX/Airfields_TX_CorpusW.htm
F3A6A930BA,,TX,Nelson-Wood Airfield / De Leon Municipal Airport (04F),,De Leon,32.098,-98.525,,HISTORICAL_INFORMATIONAL,yes,,https://www.airfields-freeman.com/TX/Airfields_TX_Waco.htm
AF56DE6463,,TX,Nocona Airport (F48),,Nocona,33.774,-97.739,,HISTORICAL_INFORMATIONAL,yes,,https://www.airfields-freeman.com/TX/Airfields_TX_WichitaFalls.htm
53E6B166C5,,TX,North Dallas Jetport / Frisco Airport (DDJ),,Frisco,33.145,-96.853,,HISTORICAL_INFORMATIONAL,yes,,https://www.airfields-freeman.com/TX/Airfields_TX_Dallas_N.htm
F43DC3C8E8,,TX,Northeast Airport,,San Antonio,29.513,-98.355,,HISTORICAL_INFORMATIONAL,yes,,https://www.airfields-freeman.com/TX/Airfields_TX_SanAntonioNE.htm
188BEAA509,,TX,Nursery Field / Foster Auxiliary Army Airfield #4,,Thomaston,28.97,-97.06,,HISTORICAL_INFORMATIONAL,yes,,https://www.airfields-freeman.com/TX/Airfields_TX_Corpus_NE.htm
E4D119F7EF,,TX,Oak Grove Airport (F72),,Oak Grove,32.576,-97.3,,HISTORICAL_INFORMATIONAL,yes,,https://www.airfields-freeman.com/TX/Airfields_TX_FtWorth_SE.htm
3ECEC4D701,,TX,Oliver Farm Airport / Summers Inc. Airfield (04TX),,Saginaw,32.87,-97.4,,HISTORICAL_INFORMATIONAL,yes,,https://www.airfields-freeman.com/TX/Airfields_TX_FtWorth_C.htm
77E6C460DE,,TX,Pampa Army Airfield,,Pampa,35.53,-100.76,,HISTORICAL_INFORMATIONAL,yes,,https://www.airfields-freeman.com/TX/Airfields_TX_Amarillo.htm
02241C2B0D,,TX,Parker Intermediate Field / Parker Airport,,Parker,32.251,-97.282,,HISTORICAL_INFORMATIONAL,yes,,https://www.airfields-freeman.com/TX/Airfields_TX_FtWorth_SW.htm
46A85DBB60,,TX,Payne Ranch Airport,,Katy,29.843,-95.801,,HISTORICAL_INFORMATIONAL,yes,,https://www.airfields-freeman.com/TX/Airfields_TX_HoustonW.htm
45A47D5996,,TX,Pearland Municipal Airport (T29) / Pearland Municipal Heliport,,Pearland,29.56,-95.28,,HISTORICAL_INFORMATIONAL,yes,,https://www.airfields-freeman.com/TX/Airfields_TX_Houston_SE.htm
502CA15317,,TX,Penn Field,,Austin,30.23,-97.76,,HISTORICAL_INFORMATIONAL,yes,,https://www.airfields-freeman.com/TX/Airfields_TX_Austin_W.htm
0457416B55,,TX,Perrin Auxiliary Army Airfield #2 / Gaskin Field / Gaskin Air Force Auxiliary Field,,Sherman,33.51,-96.76,,HISTORICAL_INFORMATIONAL,yes,,https://www.airfields-freeman.com/TX/Airfields_TX_NE.htm
FB1113AE8D,,TX,Pfeffer Ranch Airfield / Purple Sage Ranch (50TX),,Bandera,29.75,-99.03,,HISTORICAL_INFORMATIONAL,yes,,https://www.airfields-freeman.com/TX/Airfields_TX_SanAntonioW.htm
618F433D78,,TX,Phu Loi Army Stage Field,,Mineral Welss,32.71,-98.12,,HISTORICAL_INFORMATIONAL,yes,,https://www.airfields-freeman.com/TX/Airfields_TX_Abilene_E.htm
B3857CA4E4,,TX,Piney Woods Airfield (41R),,Jasper,30.86,-93.97,,HISTORICAL_INFORMATIONAL,yes,,https://www.airfields-freeman.com/TX/Airfields_TX_Houston_NE.htm
C9A7CA573E,,TX,Pops Field / Blue Mound Airport (3F0),,Blue Mound,32.86,-97.33,,HISTORICAL_INFORMATIONAL,yes,,https://www.airfields-freeman.com/TX/Airfields_TX_FtWorth_N.htm
19DD204D17,,TX,Port Aransas Airport (1st location),,Port Aransas,27.847,-97.052,,HISTORICAL_INFORMATIONAL,yes,,https://www.airfields-freeman.com/TX/Airfields_TX_Corpus_NE.htm
E3A0E57912,,TX,Port Aransas Airport (2nd location),,Port Aransas,27.828,-97.073,,HISTORICAL_INFORMATIONAL,yes,,https://www.airfields-freeman.com/TX/Airfields_TX_Corpus_NE.htm
26361C4C51,,TX,Pylon Field,,Arlington,32.687,-97.181,,HISTORICAL_INFORMATIONAL,yes,,https://www.airfields-freeman.com/TX/Airfields_TX_FtWorth_SE.htm
3F3CEE52AD,,TX,Pyote Army Airfield / Pyote AFB / Pyote Airfield,,Pyote,31.5,-103.15,,HISTORICAL_INFORMATIONAL,yes,,https://www.airfields-freeman.com/TX/Airfields_TX_W.htm
EDDE1E58F2,,TX,Qui Nhon Army Stage Field,,Salesville,32.9,-98.16,,HISTORICAL_INFORMATIONAL,yes,,https://www.airfields-freeman.com/TX/Airfields_TX_Abilene_E.htm
5B167774DA,,TX,Red Bluff Auxiliary Army Airfield #1,,Seabrook,29.6,-95.02,,HISTORICAL_INFORMATIONAL,yes,,https://www.airfields-freeman.com/TX/Airfields_TX_Houston_SE.htm
9CDD716843,,TX,Red Dog Airfield,,Sanderson,29.961,-102.359,,HISTORICAL_INFORMATIONAL,yes,,https://www.airfields-freeman.com/TX/Airfields_TX_BigBend.htm
F588C94306,,TX,Reeves Auxiliary Army Airfield #1 / Pampa Air Force Auxiliary Airfield #2,,Pampa,35.45,-100.98,,HISTORICAL_INFORMATIONAL,yes,,https://www.airfields-freeman.com/TX/Airfields_TX_Amarillo.htm
AF5645D549,,TX,Rhodes Airport / Shallowater Airport,,Shallowater,33.68,-102.01,,HISTORICAL_INFORMATIONAL,yes,,https://www.airfields-freeman.com/TX/Airfields_TX_Lubbock.htm
2F328998FE,,TX,Rhome Marine Corps Outlying Landing Field,,Rhome,33.05,-97.52,,HISTORICAL_INFORMATIONAL,yes,,https://www.airfields-freeman.com/TX/Airfields_TX_FtWorth_NW.htm
2E7C7CC571,,TX,Rich Field,,Waco,31.546,-97.188,,HISTORICAL_INFORMATIONAL,yes,,https://www.airfields-freeman.com/TX/Airfields_TX_Waco.htm
7607653555,,TX,Ritchey Field,,Saginaw,32.84,-97.33,,HISTORICAL_INFORMATIONAL,yes,,https://www.airfields-freeman.com/TX/Airfields_TX_FtWorth_N.htm
DFDC9CB068,,TX,Rives Airpark (T33),,Royse City,32.855,-96.311,,HISTORICAL_INFORMATIONAL,yes,,https://www.airfields-freeman.com/TX/Airfields_TX_Dallas_E.htm
32E6B5D9CD,,TX,Rodd Naval Auxiliary Air Station,,Corpus Christi,27.65,-97.38,,HISTORICAL_INFORMATIONAL,yes,,https://www.airfields-freeman.com/TX/Airfields_TX_CorpusW.htm
3A24DE4EA0,,TX,S & S Patrol Field,,League City,29.48,-95.13,,HISTORICAL_INFORMATIONAL,yes,,https://www.airfields-freeman.com/TX/Airfields_TX_Houston_SE.htm
B0A38B3C3B,,TX,Saginaw Airport (F04),,Saginaw,32.86,-97.38,,HISTORICAL_INFORMATIONAL,yes,,https://www.airfields-freeman.com/TX/Airfields_TX_FtWorth_C.htm
40E1F431DB,,TX,Salt Flat Intermediate Field,,Salt Flat,31.75,-105.09,,HISTORICAL_INFORMATIONAL,yes,,https://www.airfields-freeman.com/TX/Airfields_TX_W.htm
C2E841375E,,TX,Sam Houston Airport,,Houston,29.64,-95.49,,HISTORICAL_INFORMATIONAL,yes,,https://www.airfields-freeman.com/TX/Airfields_TX_HoustonS.htm
E9556A8964,,TX,San Benito Municipal Airport (T66),,San Benito,26.132,-97.612,,HISTORICAL_INFORMATIONAL,yes,,https://www.airfields-freeman.com/TX/Airfields_TX_S.htm
3B67F460A0,,TX,Sanderson Airport (2nd location),,Sanderson,30.144,-102.435,,HISTORICAL_INFORMATIONAL,yes,,https://www.airfields-freeman.com/TX/Airfields_TX_BigBend.htm
B9CD0A3A31,,TX,Sanderson Airport (original location),,Sanderson,30.151,-102.413,,HISTORICAL_INFORMATIONAL,yes,,https://www.airfields-freeman.com/TX/Airfields_TX_BigBend.htm
78142C6B04,,TX,Seguin,,,29.59,-98,,HISTORICAL_INFORMATIONAL,yes,,https://www.airfields-freeman.com/TX/Airfields_TX_SanAntonioNE.htm
14AF992DAA,,TX,Sheppard AF Helicopter Training Annex #2,,Iowa Park,34,-98.63,,HISTORICAL_INFORMATIONAL,yes,,https://www.airfields-freeman.com/TX/Airfields_TX_WichitaFalls.htm
3A03F9375E,,TX,Shiloh Airport,,Richardson,32.99,-96.663,,HISTORICAL_INFORMATIONAL,yes,,https://www.airfields-freeman.com/TX/Airfields_TX_Dallas_N.htm
938114DBB9,,TX,Singleton Field / Naval Outlying Field 25521 / Russell Field,,Everman,32.65,-97.31,,HISTORICAL_INFORMATIONAL,yes,,https://www.airfields-freeman.com/TX/Airfields_TX_FtWorth_SW.htm
9B05D34A55,,TX,Sky Ranch Airport,,Houston,29.64,-95.4,,HISTORICAL_INFORMATIONAL,yes,,https://www.airfields-freeman.com/TX/Airfields_TX_HoustonS.htm
C235190800,,TX,Sky Ranch Field / Lucas Field,,Arlington,32.704,-97.147,,HISTORICAL_INFORMATIONAL,yes,,https://www.airfields-freeman.com/TX/Airfields_TX_FtWorth_SE.htm
E446E7FD16,,TX,Skyport Airport (4E7),,El Paso,31.95,-106.42,,HISTORICAL_INFORMATIONAL,yes,,https://www.airfields-freeman.com/TX/Airfields_TX_ElPaso.htm
4BC049206E,,TX,South Plains Army Airfield Auxiliary #2 / Idalou Airport,,Lorenzo,33.716,-101.605,,HISTORICAL_INFORMATIONAL,yes,,https://www.airfields-freeman.com/TX/Airfields_TX_Lubbock.htm
90D2FDB766,,TX,Spaceland Airport / Houston Gulf Airport (SPX),,League City,29.51,-95.05,,HISTORICAL_INFORMATIONAL,yes,,https://www.airfields-freeman.com/TX/Airfields_TX_Houston_SE.htm
9FD977A423,,TX,Stewart Airport,,Tyler,32.351,-95.266,,HISTORICAL_INFORMATIONAL,yes,,https://www.airfields-freeman.com/TX/Airfields_TX_NE.htm
D218F8323E,,TX,Sugar Land State Prison Airfield,,Sugar Land,29.6,-95.65,,HISTORICAL_INFORMATIONAL,yes,,https://www.airfields-freeman.com/TX/Airfields_TX_HoustonW.htm
1EDC7CE657,,TX,Taliaferro Field #1 / Hicks Field,,Fort Worth,32.91,-97.4,,HISTORICAL_INFORMATIONAL,yes,,https://www.airfields-freeman.com/TX/Airfields_TX_FtWorth_NW.htm
3561DF7C18,,TX,Taliaferro Field #2 / Barron Field,,Everman,32.62,-97.31,,HISTORICAL_INFORMATIONAL,yes,,https://www.airfields-freeman.com/TX/Airfields_TX_FtWorth_SW.htm
10EE6CC184,,TX,Taliaferro Field #3 / Carruthers Field / Benbrook Field,,Benbrook,32.68,-97.46,,HISTORICAL_INFORMATIONAL,yes,,https://www.airfields-freeman.com/TX/Airfields_TX_FtWorth_SW.htm
771B46A6BC,,TX,Taliaferro Field Bombing Target / Hicks Field Bombing Target,,North Richland Hills,32.917,-97.424,,HISTORICAL_INFORMATIONAL,yes,,https://www.airfields-freeman.com/TX/Airfields_TX_FtWorth_NW.htm
F015E858D1,,TX,TCU Airfield,,Fort Worth,32.67,-97.4,,HISTORICAL_INFORMATIONAL,yes,,https://www.airfields-freeman.com/TX/Airfields_TX_FtWorth_SW.htm
0AE6793663,,TX,The Westerner Inn Airpark,,El Paso,31.838,-106.568,,HISTORICAL_INFORMATIONAL,yes,,https://www.airfields-freeman.com/TX/Airfields_TX_ElPaso.htm
376DB117E8,,TX,Thompson Field / San Marcos Airport,,San Marcos,29.864,-97.914,,HISTORICAL_INFORMATIONAL,yes,,https://www.airfields-freeman.com/TX/Airfields_TX_Austin_W.htm
E048B1A0E1,,TX,Tim's Airpark / Austin Executive Airpark (3R3),,Austin,30.42,-97.665,,HISTORICAL_INFORMATIONAL,yes,,https://www.airfields-freeman.com/TX/Airfields_TX_Austin_E.htm
5C2CFA9F51,,TX,Town & Country Airport,,Houston,29.75,-95.61,,HISTORICAL_INFORMATIONAL,yes,,https://www.airfields-freeman.com/TX/Airfields_TX_HoustonW.htm
27D546515E,,TX,Travland Airport,,Beeville,28.425,-97.763,,HISTORICAL_INFORMATIONAL,yes,,https://www.airfields-freeman.com/TX/Airfields_TX_Corpus_NW.htm
1C95E1AC87,,TX,Twitty Intermediate Field,,Twitty,35.3,-100.22,,HISTORICAL_INFORMATIONAL,yes,,https://www.airfields-freeman.com/TX/Airfields_TX_Amarillo.htm
CA6E8D0861,,TX,U & S Flying Service Airfield / Hamilton Field,,Big Spring,32.27,-101.47,,HISTORICAL_INFORMATIONAL,yes,,https://www.airfields-freeman.com/TX/Airfields_TX_Lubbock.htm
1866E039DC,,TX,University Airport,,Austin,30.345,-97.71,,HISTORICAL_INFORMATIONAL,yes,,https://www.airfields-freeman.com/TX/Airfields_TX_Austin_W.htm
EE14663846,,TX,Val Verde County Airport,,Del Rio,29.375,-100.82,,HISTORICAL_INFORMATIONAL,yes,,https://www.airfields-freeman.com/TX/Airfields_TX_Laredo.htm
C25799BF4C,,TX,Victory Field,,Vernon,34.08,-99.29,,HISTORICAL_INFORMATIONAL,yes,,https://www.airfields-freeman.com/TX/Airfields_TX_Abilene_W.htm
BC178685F1,,TX,Vung Tau Army Stage Field,,Bennett,32.7,-98.01,,HISTORICAL_INFORMATIONAL,yes,,https://www.airfields-freeman.com/TX/Airfields_TX_Abilene_E.htm
AB3EE4021D,,TX,Waco Auxiliary Army Airfield #5 / Prairie Hill Air Force Auxiliary Field,,Prairie Hill,31.637,-96.788,,HISTORICAL_INFORMATIONAL,yes,,https://www.airfields-freeman.com/TX/Airfields_TX_Waco.htm
218036073E,,TX,Wallace Airfield,,Terrell,32.74,-96.32,,HISTORICAL_INFORMATIONAL,yes,,https://www.airfields-freeman.com/TX/Airfields_TX_NE.htm
A5803215CE,,TX,Weatherford Airport,,Weatherford,32.75,-97.813,,HISTORICAL_INFORMATIONAL,yes,,https://www.airfields-freeman.com/TX/Airfields_TX_FtWorth_SW.htm
6DADCBE877,,TX,West Texas Airport / Horizon Airport (TX04 / T27),,El Paso,31.72,-106.24,,HISTORICAL_INFORMATIONAL,yes,,https://www.airfields-freeman.com/TX/Airfields_TX_ElPaso.htm
2CE9C610A9,,TX,Westheimer Air Park (5TA4 / O07),,Richmond,29.695,-95.795,,HISTORICAL_INFORMATIONAL,yes,,https://www.airfields-freeman.com/TX/Airfields_TX_HoustonW.htm
647E346897,,TX,Westside Executive Airport / Westside Airpark (T99),,San Antonio,29.39,-98.68,,HISTORICAL_INFORMATIONAL,yes,,https://www.airfields-freeman.com/TX/Airfields_TX_SanAntonioW.htm
3D96BEACC0,,TX,White Rock Airport (WRK),,Dallas,32.8,-96.69,,HISTORICAL_INFORMATIONAL,yes,,https://www.airfields-freeman.com/TX/Airfields_TX_Dallas_E.htm
FC69F070E1,,TX,Williams Airport / North Houston Airport (9X1),,Houston,30.153,-95.322,,HISTORICAL_INFORMATIONAL,yes,,https://www.airfields-freeman.com/TX/Airfields_TX_Houston_NE.htm
BD11CF0EB2,,TX,Winn Exploration Company Airport (6TA4),,Eagle Pass,28.72,-100.41,,HISTORICAL_INFORMATIONAL,yes,,https://www.airfields-freeman.com/TX/Airfields_TX_Laredo.htm
FA30CA24AC,,TX,Worsham Airport,,Worsham,31.36,-103.53,,HISTORICAL_INFORMATIONAL,yes,,https://www.airfields-freeman.com/TX/Airfields_TX_W.htm
15ED9509BE,,TX,Worsham Field / Hunt Dusting Service Field (90R),,Taft,27.98,-97.38,,HISTORICAL_INFORMATIONAL,yes,,https://www.airfields-freeman.com/TX/Airfields_TX_Corpus_NE.htm
E456082DE5,,TX,Yates Airport (XS89),,San Antonio,29.621,-98.456,,HISTORICAL_INFORMATIONAL,yes,,https://www.airfields-freeman.com/TX/Airfields_TX_SanAntonioNE.htm
B586FDE6D3,,UT,(Original) Green River Airport (U20),,Green River,38.99,-110.18,,HISTORICAL_INFORMATIONAL,yes,,https://www.airfields-freeman.com/UT/Airfields_UT_SE.htm
A9163AA465,,UT,(Original) Monticello Airport / San Juan County Airport,,Monticello,37.94,-109.35,,HISTORICAL_INFORMATIONAL,yes,,https://www.airfields-freeman.com/UT/Airfields_UT_SE.htm
549488CAB0,,UT,Alta Airpark,,Sandy,40.59,-111.84,,HISTORICAL_INFORMATIONAL,yes,,https://www.airfields-freeman.com/UT/Airfields_UT_NE.htm
F8968EF85C,,UT,Carter Sky Ranch / Draper Airport,,Draper,40.535,-111.853,,HISTORICAL_INFORMATIONAL,yes,,https://www.airfields-freeman.com/UT/Airfields_UT_NE.htm
E1241E1B05,,UT,Grand County Airport / Spanish Valley Airport,,Moab,38.489,-109.45,,HISTORICAL_INFORMATIONAL,yes,,https://www.airfields-freeman.com/UT/Airfields_UT_SE.htm
40D2AE5EDD,,UT,Halls Crossing Airport,,Halls Crossing,37.47,-110.7,,HISTORICAL_INFORMATIONAL,yes,,https://www.airfields-freeman.com/UT/Airfields_UT_SE.htm
97AD2CE6B5,,UT,"Hurricane Mesa Airport, (UT27)",,Hurricane Mesa,37.25,-113.208,,HISTORICAL_INFORMATIONAL,yes,,https://www.airfields-freeman.com/UT/Airfields_UT_SW.htm
908806D84F,,UT,Jake Garn Airport,,Eagle Mountain,40.26,-112.02,,HISTORICAL_INFORMATIONAL,yes,,https://www.airfields-freeman.com/UT/Airfields_UT_NW.htm
D9029CDCBD,,UT,Locomotive Springs Intermediate Field,,Locomotive Springs,41.71,-112.92,,HISTORICAL_INFORMATIONAL,yes,,https://www.airfields-freeman.com/UT/Airfields_UT_NW.htm
420A77C239,,UT,Low Flight Strip,,Knolls,40.79,-113.2,,HISTORICAL_INFORMATIONAL,yes,,https://www.airfields-freeman.com/UT/Airfields_UT_NW.htm
54E95FD3A2,,UT,Mt Pleasant Airport,,Mt Pleasant,39.527,-111.476,,HISTORICAL_INFORMATIONAL,yes,,https://www.airfields-freeman.com/UT/Airfields_UT_NW.htm
34522383A5,,UT,Oljato Airport,,Oljato,37.034,-110.316,,HISTORICAL_INFORMATIONAL,yes,,https://www.airfields-freeman.com/UT/Airfields_UT_SE.htm
02CCA7D023,,UT,Promontory Point Intermediate Field,,Promontory Point,41.212,-112.435,,HISTORICAL_INFORMATIONAL,yes,,https://www.airfields-freeman.com/UT/Airfields_UT_NE.htm
4381F8B4DA,,UT,Roosevelt Municipal Airport (original location),,Roosevelt,40.325,-109.98,,HISTORICAL_INFORMATIONAL,yes,,https://www.airfields-freeman.com/UT/Airfields_UT_NE.htm
7202A74D9F,,UT,St. George Municipal Airport (original location) (KSGU),,St. George,37.09,-113.594,,HISTORICAL_INFORMATIONAL,yes,,https://www.airfields-freeman.com/UT/Airfields_UT_SW.htm
6C1AF30857,,UT,Thiokol Air Force Plant 78 Airfield (UT23),,Howell,41.715,-112.447,,HISTORICAL_INFORMATIONAL,yes,,https://www.airfields-freeman.com/UT/Airfields_UT_NE.htm
07BD10865D,,UT,Tooele Municipal Airport (U26),,Tooele,40.52,-112.33,,HISTORICAL_INFORMATIONAL,yes,,https://www.airfields-freeman.com/UT/Airfields_UT_NW.htm
C24C7441FC,,UT,Tremonton Municipal Airport (U27),,Tremonton,41.717,-112.185,,HISTORICAL_INFORMATIONAL,yes,,https://www.airfields-freeman.com/UT/Airfields_UT_NE.htm
1FBDB54090,,UT,Utah Central Airport / Commercial Airport,,Granger,40.72,-111.97,,HISTORICAL_INFORMATIONAL,yes,,https://www.airfields-freeman.com/UT/Airfields_UT_NE.htm
AA6083A8A1,,UT,West National Guard Airfield / Camp Williams Airfield,,Bluffdale,40.43,-111.93,,HISTORICAL_INFORMATIONAL,yes,,https://www.airfields-freeman.com/UT/Airfields_UT_NE.htm
B5DAA50699,,VA,(Original) Lee County Airport / Pennington Gap Airport,,Pennington Gap,36.745,-83.038,,HISTORICAL_INFORMATIONAL,yes,,https://www.airfields-freeman.com/VA/Airfields_VA_W.htm
154E563188,,VA,(Original) Naval Air Station Norfolk / Chambers Field,,Norfolk,36.953,-76.303,,HISTORICAL_INFORMATIONAL,yes,,https://www.airfields-freeman.com/VA/Airfields_VA_Norfolk.htm
C27B465D90,,VA,(Original) Virginia Beach Airport,,Virginia Beach,36.839,-76.094,,HISTORICAL_INFORMATIONAL,yes,,https://www.airfields-freeman.com/VA/Airfields_VA_VirginiaBeach.htm
91AB5D65DD,,VA,(Original) Williamsburg Airport / Scott Field,,Williamsburg,37.298,-76.72,,HISTORICAL_INFORMATIONAL,yes,,https://www.airfields-freeman.com/VA/Airfields_VA_Hampton.htm
1FC4953CFE,,VA,A. P. Hill Army Airfield #2 / Port Royal AAF,,Port Royal,38.16,-77.195,,HISTORICAL_INFORMATIONAL,yes,,https://www.airfields-freeman.com/VA/Airfields_VA_E.htm
5C25F25E7A,,VA,Airlie Airport (2VA9),,Warrenton,38.758,-77.787,,HISTORICAL_INFORMATIONAL,yes,,https://www.airfields-freeman.com/VA/Airfields_VA_Fauquier.htm
91AB0FFE18,,VA,Alexandria Airport / Hybla Valley Airport,,Alexandria,38.754,-77.09,,HISTORICAL_INFORMATIONAL,yes,,https://www.airfields-freeman.com/VA/Airfields_VA_Fairfax_SE.htm
1B13E11AC9,,VA,Beacon Field,,Alexandria,38.774,-77.086,,HISTORICAL_INFORMATIONAL,yes,,https://www.airfields-freeman.com/VA/Airfields_VA_Fairfax_SE.htm
A65E4B32C2,,VA,Berkeley Field (7W5),,Charles City,37.318,-77.172,,HISTORICAL_INFORMATIONAL,yes,,https://www.airfields-freeman.com/VA/Airfields_VA_Richmond_S.htm
7BF3295159,,VA,Birch Hollow Airfield,,Hillsboro,39.202,-77.76,,HISTORICAL_INFORMATIONAL,yes,,https://www.airfields-freeman.com/VA/Airfields_VA_Loudoun.htm
CB66CC8711,,VA,Bland's Wharf Intermediate Field,,Freeport,37.55,-76.487,,HISTORICAL_INFORMATIONAL,yes,,https://www.airfields-freeman.com/VA/Airfields_VA_E.htm
4D31F5313B,,VA,Blue Ridge Air Lines Airfield,,Harrisonburg,38.453,-78.878,,HISTORICAL_INFORMATIONAL,yes,,https://www.airfields-freeman.com/VA/Airfields_VA_C.htm
AFBC1C0998,,VA,Blue Ridge Airport,,Chantilly,38.96,-77.454,,HISTORICAL_INFORMATIONAL,yes,,https://www.airfields-freeman.com/VA/Airfields_VA_Loudoun.htm
3927F56935,,VA,Bluefield Airport (original location),,Bluefield,37.248,-81.248,,HISTORICAL_INFORMATIONAL,yes,,https://www.airfields-freeman.com/VA/Airfields_VA_W.htm
D57F7DFA25,,VA,Bradshaw Airpark / Eastview Airport,,Buckingham,37.615,-78.604,,HISTORICAL_INFORMATIONAL,yes,,https://www.airfields-freeman.com/VA/Airfields_VA_C.htm
1B43D46CC5,,VA,Buford Airport / Buford's Airport,,Montvale,37.384,-79.734,,HISTORICAL_INFORMATIONAL,yes,,https://www.airfields-freeman.com/VA/Airfields_VA_W.htm
C5CB1BB1A2,,VA,Burgess Airfield,,Dahlgren,38.35,-77.07,,HISTORICAL_INFORMATIONAL,yes,,https://www.airfields-freeman.com/VA/Airfields_VA_E.htm
65D1D952C9,,VA,Cape Charles Air Force Station Airfield,,Kiptopeke,37.132,-75.957,,HISTORICAL_INFORMATIONAL,yes,,https://www.airfields-freeman.com/VA/Airfields_VA_DelMarVa.htm
495D9E71D2,,VA,Central Airport,,Richmond,37.555,-77.403,,HISTORICAL_INFORMATIONAL,yes,,https://www.airfields-freeman.com/VA/Airfields_VA_Richmond_E.htm
C3AA55DFD2,,VA,Centreville Airport (VA16),,Centreville,38.879,-77.485,,HISTORICAL_INFORMATIONAL,yes,,https://www.airfields-freeman.com/VA/Airfields_VA_Fairfax_W.htm
7B3E091390,,VA,Chilhowie Intermediate Field / CAA Site 29B / Chilhowie Airport,,Chilhowie,36.75,-81.64,,HISTORICAL_INFORMATIONAL,yes,,https://www.airfields-freeman.com/VA/Airfields_VA_W.htm
10A27B9AE1,,VA,Clarksville-Finchley Airport,,Clarksville,36.656,-78.493,,HISTORICAL_INFORMATIONAL,yes,,https://www.airfields-freeman.com/VA/Airfields_VA_C.htm
65D1946517,,VA,Clinchfield Airport,,Clinchfield,36.952,-82.186,,HISTORICAL_INFORMATIONAL,yes,,https://www.airfields-freeman.com/VA/Airfields_VA_W.htm
1E961E89D9,,VA,Clover Airport,,Clover,36.804,-78.772,,HISTORICAL_INFORMATIONAL,yes,,https://www.airfields-freeman.com/VA/Airfields_VA_W.htm
66243E854B,,VA,Coeburn Airport (5VA7),,Coeburn,36.935,-82.5,,HISTORICAL_INFORMATIONAL,yes,,https://www.airfields-freeman.com/VA/Airfields_VA_W.htm
1EB934C5B9,,VA,College Airport / William & Mary Airport / Central Airport,,Williamsburg,37.315,-76.725,,HISTORICAL_INFORMATIONAL,yes,,https://www.airfields-freeman.com/VA/Airfields_VA_Hampton.htm
89D32B77FA,,VA,Colonial Heights Airport,,Colonial Heights,37.248,-77.391,,HISTORICAL_INFORMATIONAL,yes,,https://www.airfields-freeman.com/VA/Airfields_VA_Richmond_S.htm
AFE52475C6,,VA,Coonskin Farm Airfield / Goose Hunt Farm Airfield (3VA5),,Aldie,39.028,-77.625,,HISTORICAL_INFORMATIONAL,yes,,https://www.airfields-freeman.com/VA/Airfields_VA_Loudoun.htm
2F96184FF2,,VA,Covington Airport,,Covington,37.798,-79.984,,HISTORICAL_INFORMATIONAL,yes,,https://www.airfields-freeman.com/VA/Airfields_VA_W.htm
478CB211FE,,VA,Covington Clifton Forge Airport,,Covington,37.796,-79.88,,HISTORICAL_INFORMATIONAL,yes,,https://www.airfields-freeman.com/VA/Airfields_VA_W.htm
7084603D0E,,VA,Crossroads Airport / Washington-Virginia Airport,,Bailey's Crossroads,38.845,-77.121,,HISTORICAL_INFORMATIONAL,yes,,https://www.airfields-freeman.com/VA/Airfields_VA_Fairfax_NE.htm
91117D1FF4,,VA,Cumberland Airport,,Deep Creek,36.703,-76.334,,HISTORICAL_INFORMATIONAL,yes,,https://www.airfields-freeman.com/VA/Airfields_VA_Norfolk.htm
C698BD7356,,VA,Curtiss Aviation School / Atlantic Coast Aeronautical Station / Newport News Airfield / Carey Epes Airfield,,Newport News,36.968,-76.412,,HISTORICAL_INFORMATIONAL,yes,,https://www.airfields-freeman.com/VA/Airfields_VA_Hampton.htm
36A8CDEAE2,,VA,Dover Airport,,Wallaceton,36.61,-76.39,,HISTORICAL_INFORMATIONAL,yes,,https://www.airfields-freeman.com/VA/Airfields_VA_Norfolk.htm
00F0D7C204,,VA,EEBEE Army Airfield,,Springfield,38.755,-77.192,,HISTORICAL_INFORMATIONAL,yes,,https://www.airfields-freeman.com/VA/Airfields_VA_Fairfax_SE.htm
58275F4320,,VA,Elko Decoy Airfield,,Elko,37.478,-77.23,,HISTORICAL_INFORMATIONAL,yes,,https://www.airfields-freeman.com/VA/Airfields_VA_Richmond_E.htm
94F63352F3,,VA,Evans Airport / Gloucester Airport / Francis J. Mellar Field (W57),,Gloucester,37.397,-76.53,,HISTORICAL_INFORMATIONAL,yes,,https://www.airfields-freeman.com/VA/Airfields_VA_Hampton.htm
6123AD1DC6,,VA,Falls Church Airpark,,Falls Church,38.865,-77.2,,HISTORICAL_INFORMATIONAL,yes,,https://www.airfields-freeman.com/VA/Airfields_VA_Fairfax_W.htm
C33A2FA938,,VA,Flying T Farm Airfield,,Stafford,38.432,-77.471,,HISTORICAL_INFORMATIONAL,yes,,https://www.airfields-freeman.com/VA/Airfields_VA_PrinceWilliam.htm
934CE9D15A,,VA,Fort Lee Army Airfield,,Petersburg,37.284,-77.345,,HISTORICAL_INFORMATIONAL,yes,,https://www.airfields-freeman.com/VA/Airfields_VA_Richmond_S.htm
3B959211A3,,VA,Fort Story Auxiliary Army Airfield,,Cape Henry,36.925,-76.03,,HISTORICAL_INFORMATIONAL,yes,,https://www.airfields-freeman.com/VA/Airfields_VA_VirginiaBeach.htm
30ED3852F9,,VA,Galax Airport,,Galax,36.58,-80.913,,HISTORICAL_INFORMATIONAL,yes,,https://www.airfields-freeman.com/VA/Airfields_VA_W.htm
576380750A,,VA,George Washington Air Junction,,Alexandria,38.758,-77.105,,HISTORICAL_INFORMATIONAL,yes,,https://www.airfields-freeman.com/VA/Airfields_VA_Fairfax_SE.htm
A728A86DB7,,VA,Glascock Airport / Glascock Field (98VA),,Arcola,38.942,-77.543,,HISTORICAL_INFORMATIONAL,yes,,https://www.airfields-freeman.com/VA/Airfields_VA_Loudoun.htm
762259118D,,VA,Glenrock Airport,,Norfolk,36.858,-76.205,,HISTORICAL_INFORMATIONAL,yes,,https://www.airfields-freeman.com/VA/Airfields_VA_Norfolk.htm
3ABC074775,,VA,Glenroy Airfield,,Richmond,37.565,-77.59,,HISTORICAL_INFORMATIONAL,yes,,https://www.airfields-freeman.com/VA/Airfields_VA_Richmond_W.htm
D61FFA250A,,VA,Gordonsville Intermediate Field,,Waldrop,38.065,-78.165,,HISTORICAL_INFORMATIONAL,yes,,https://www.airfields-freeman.com/VA/Airfields_VA_C.htm
BE07CA6DF9,,VA,Grundy Municipal Airport / Buchanan County Airport (KGDY),,Vasant,37.233,-82.125,,HISTORICAL_INFORMATIONAL,yes,,https://www.airfields-freeman.com/VA/Airfields_VA_W.htm
67F2FA482E,,VA,Harbor View Airport,,Oak Grove,38.202,-76.975,,HISTORICAL_INFORMATIONAL,yes,,https://www.airfields-freeman.com/VA/Airfields_VA_E.htm
64D5398D8D,,VA,Harcum Airport,,Harcum,37.517,-76.507,,HISTORICAL_INFORMATIONAL,yes,,https://www.airfields-freeman.com/VA/Airfields_VA_Hampton.htm
218FD1672E,,VA,Harkrader-Kilgore Airport / Bristol Airport,,Bristol,36.62,-82.126,,HISTORICAL_INFORMATIONAL,yes,,https://www.airfields-freeman.com/VA/Airfields_VA_W.htm
FE8E7AE287,,VA,Harris Field (VA97),,Rectortown,38.913,-77.882,,HISTORICAL_INFORMATIONAL,yes,,https://www.airfields-freeman.com/VA/Airfields_VA_Fauquier.htm
7F0A88B6BB,,VA,"Hartwood Airport (8W8, 3VG7)",,Hartwood,38.484,-77.612,,HISTORICAL_INFORMATIONAL,yes,,https://www.airfields-freeman.com/VA/Airfields_VA_PrinceWilliam.htm
38CBBF6552,,VA,Heathsville Airport (7W7),,Heathsville,37.944,-76.458,,HISTORICAL_INFORMATIONAL,yes,,https://www.airfields-freeman.com/VA/Airfields_VA_Hampton.htm
FD312B1E14,,VA,Hermitage Airport,,Richmond,37.586,-77.473,,HISTORICAL_INFORMATIONAL,yes,,https://www.airfields-freeman.com/VA/Airfields_VA_Richmond_N.htm
C7E6019476,,VA,Herndon Nike Missile Battery W-83 Integrated Fire Control Site,,Herndon,38.995,-77.313,,HISTORICAL_INFORMATIONAL,yes,,https://www.airfields-freeman.com/VA/Airfields_VA_Fairfax_W.htm
B630FAA568,,VA,Herndon Nike Missile Battery W-83 Launch Site,,Herndon,38.992,-77.327,,HISTORICAL_INFORMATIONAL,yes,,https://www.airfields-freeman.com/VA/Airfields_VA_Fairfax_W.htm
F807F00C62,,VA,Hoover Field / Washington Airport,,Arlington,38.87,-77.055,,HISTORICAL_INFORMATIONAL,yes,,https://www.airfields-freeman.com/VA/Airfields_VA_Arlington.htm
0DEBCAE282,,VA,Hopewell Airport (W89),,Hopewell,37.306,-77.22,,HISTORICAL_INFORMATIONAL,yes,,https://www.airfields-freeman.com/VA/Airfields_VA_Richmond_S.htm
930A87A92A,,VA,June Field,,Countryside,39.062,-77.415,,HISTORICAL_INFORMATIONAL,yes,,https://www.airfields-freeman.com/VA/Airfields_VA_Loudoun.htm
759C57A5E3,,VA,Lester Airport,,Martinsville,36.696,-79.875,,HISTORICAL_INFORMATIONAL,yes,,https://www.airfields-freeman.com/VA/Airfields_VA_C.htm
FC9475F9DD,,VA,Libeau Airport / Le Beau Airport,,Manassas,38.738,-77.458,,HISTORICAL_INFORMATIONAL,yes,,https://www.airfields-freeman.com/VA/Airfields_VA_PrinceWilliam.htm
99195E0722,,VA,Lipscomb Airfield,,Leesburg,39.155,-77.553,,HISTORICAL_INFORMATIONAL,yes,,https://www.airfields-freeman.com/VA/Airfields_VA_Loudoun.htm
192D282DB4,,VA,Lively Intermediate Field / Lively Airport,,Lively,37.755,-76.57,,HISTORICAL_INFORMATIONAL,yes,,https://www.airfields-freeman.com/VA/Airfields_VA_Hampton.htm
32474EBBFF,,VA,Longs Airport,,Edinburg,38.804,-78.573,,HISTORICAL_INFORMATIONAL,yes,,https://www.airfields-freeman.com/VA/Airfields_VA_C.htm
C9ECF816EB,,VA,Meadow Airfield,,Doswell,37.854,-77.425,,HISTORICAL_INFORMATIONAL,yes,,https://www.airfields-freeman.com/VA/Airfields_VA_Richmond_N.htm
6860BF4F25,,VA,Milford Intermediate Field,,Milford,38.007,-77.368,,HISTORICAL_INFORMATIONAL,yes,,https://www.airfields-freeman.com/VA/Airfields_VA_E.htm
53BF719015,,VA,Monogram Naval Auxiliary Air Station,,Driver,36.82,-76.538,,HISTORICAL_INFORMATIONAL,yes,,https://www.airfields-freeman.com/VA/Airfields_VA_Norfolk.htm
B84677A9A5,,VA,Moss Neck Army Airfield #3 / Pender Army Heliport,,Moss Neck,38.215,-77.309,,HISTORICAL_INFORMATIONAL,yes,,https://www.airfields-freeman.com/VA/Airfields_VA_E.htm
BAA94B015F,,VA,Mt. Jackson Airport,,Mt. Jackson,38.718,-78.663,,HISTORICAL_INFORMATIONAL,yes,,https://www.airfields-freeman.com/VA/Airfields_VA_C.htm
E0AC7D63FA,,VA,Norfolk Naval Air Station Seaplane Base,,Norfolk,36.947,-76.28,,HISTORICAL_INFORMATIONAL,yes,,https://www.airfields-freeman.com/VA/Airfields_VA_Norfolk.htm
AD871ED88D,,VA,Northfield Airport,,Richmond,37.643,-77.43,,HISTORICAL_INFORMATIONAL,yes,,https://www.airfields-freeman.com/VA/Airfields_VA_Richmond_N.htm
50B1F0FEA1,,VA,Nottingham Field,,Lee Hill,38.243,-77.395,,HISTORICAL_INFORMATIONAL,yes,,https://www.airfields-freeman.com/VA/Airfields_VA_E.htm
FDA843ABB7,,VA,Original Culpeper Airport,,Culpeper,38.46,-78.022,,HISTORICAL_INFORMATIONAL,yes,,https://www.airfields-freeman.com/VA/Airfields_VA_C.htm
E38A2C1C73,,VA,Original Manassas Municipal Airport,,Manassas,38.775,-77.5,,HISTORICAL_INFORMATIONAL,yes,,https://www.airfields-freeman.com/VA/Airfields_VA_PrinceWilliam.htm
FD536B841F,,VA,Parksley Airport,,Parksley,37.789,-75.665,,HISTORICAL_INFORMATIONAL,yes,,https://www.airfields-freeman.com/VA/Airfields_VA_DelMarVa.htm
68563C6755,,VA,Parnell Airport,,Richmond,37.47,-77.454,,HISTORICAL_INFORMATIONAL,yes,,https://www.airfields-freeman.com/VA/Airfields_VA_Richmond_S.htm
9E9FA651B0,,VA,Pulaski Intermediate Field / Loving Field (PSK),,Pulaski,37.087,-80.779,,HISTORICAL_INFORMATIONAL,yes,,https://www.airfields-freeman.com/VA/Airfields_VA_W.htm
D664A7016B,,VA,Quantico Marine Corps Air Station Brown Field,,Quantico,38.495,-77.315,,HISTORICAL_INFORMATIONAL,yes,,https://www.airfields-freeman.com/VA/Airfields_VA_PrinceWilliam.htm
33C7CB1D2F,,VA,Radford Airport,,Radford,37.115,-80.578,,HISTORICAL_INFORMATIONAL,yes,,https://www.airfields-freeman.com/VA/Airfields_VA_W.htm
7C41EDBC79,,VA,Reno Skypark,,Colonial Beach,38.213,-77.013,,HISTORICAL_INFORMATIONAL,yes,,https://www.airfields-freeman.com/VA/Airfields_VA_E.htm
20FE6EC5C6,,VA,Richardson Field,,Broad Run Farms,39.062,-77.432,,HISTORICAL_INFORMATIONAL,yes,,https://www.airfields-freeman.com/VA/Airfields_VA_Loudoun.htm
94BDDADF98,,VA,Richlands Municipal Airport (7A4),,Richlands,37.09,-81.836,,HISTORICAL_INFORMATIONAL,yes,,https://www.airfields-freeman.com/VA/Airfields_VA_W.htm
709C341178,,VA,Richmond Municipal Heliport,,Richmond,37.557,-77.437,,HISTORICAL_INFORMATIONAL,yes,,https://www.airfields-freeman.com/VA/Airfields_VA_Richmond_N.htm
B83EEC815E,,VA,Roosevelt Field,,Portsmouth,36.817,-76.384,,HISTORICAL_INFORMATIONAL,yes,,https://www.airfields-freeman.com/VA/Airfields_VA_Norfolk.htm
48959DA0C1,,VA,Shannon Field (original location),,Fredericksburg,38.277,-77.456,,HISTORICAL_INFORMATIONAL,yes,,https://www.airfields-freeman.com/VA/Airfields_VA_E.htm
6A0EDEA604,,VA,Shenandoah Airport,,Shenandoah,38.474,-78.627,,HISTORICAL_INFORMATIONAL,yes,,https://www.airfields-freeman.com/VA/Airfields_VA_C.htm
77A1D1C140,,VA,Smith Airport (VG23),,Arcola,38.928,-77.563,,HISTORICAL_INFORMATIONAL,yes,,https://www.airfields-freeman.com/VA/Airfields_VA_Loudoun.htm
0F33D270EE,,VA,South Hill Municipal Airport,,South Hill,36.712,-78.167,,HISTORICAL_INFORMATIONAL,yes,,https://www.airfields-freeman.com/VA/Airfields_VA_C.htm
9E877B58B1,,VA,South Norfolk Airport (W33),,Chesapeake,36.764,-76.258,,HISTORICAL_INFORMATIONAL,yes,,https://www.airfields-freeman.com/VA/Airfields_VA_Norfolk.htm
A70D43DE6C,,VA,Springfield Airport,,Springfield,38.782,-77.175,,HISTORICAL_INFORMATIONAL,yes,,https://www.airfields-freeman.com/VA/Airfields_VA_Fairfax_NE.htm
60A33795EC,,VA,Staunton Airport,,Staunton,38.195,-79.01,,HISTORICAL_INFORMATIONAL,yes,,https://www.airfields-freeman.com/VA/Airfields_VA_C.htm
A3575871B4,,VA,Strobel Airfield,,South Riding,38.92,-77.53,,HISTORICAL_INFORMATIONAL,yes,,https://www.airfields-freeman.com/VA/Airfields_VA_Loudoun.htm
82E91DE3E6,,VA,Tappahannock Flight Strip / (Original) Tappahannock Municipal Airport (W79),,Tappahannock,37.925,-76.872,,HISTORICAL_INFORMATIONAL,yes,,https://www.airfields-freeman.com/VA/Airfields_VA_E.htm
3639645965,,VA,Thalia Airport,,Virginia Beach,36.851,-76.123,,HISTORICAL_INFORMATIONAL,yes,,https://www.airfields-freeman.com/VA/Airfields_VA_VirginiaBeach.htm
0FC004EF66,,VA,Thompson Field / Lee Field / Port Richmond Airport,,Port Richmond,37.56,-76.85,,HISTORICAL_INFORMATIONAL,yes,,https://www.airfields-freeman.com/VA/Airfields_VA_Richmond_E.htm
9D6769FA78,,VA,University of Virginia Airport / Milton Field / Monticello Airport,,Milton,37.995,-78.395,,HISTORICAL_INFORMATIONAL,yes,,https://www.airfields-freeman.com/VA/Airfields_VA_C.htm
C2BF454CCA,,VA,Upperville Airport (2VG2),,Upperville,38.971,-77.868,,HISTORICAL_INFORMATIONAL,yes,,https://www.airfields-freeman.com/VA/Airfields_VA_Fauquier.htm
F4A60A48AA,,VA,Valley Airport (original location),,Waynesboro,38.095,-78.87,,HISTORICAL_INFORMATIONAL,yes,,https://www.airfields-freeman.com/VA/Airfields_VA_C.htm
785D987886,,VA,Valley View Airport,,Nokesville,38.692,-77.552,,HISTORICAL_INFORMATIONAL,yes,,https://www.airfields-freeman.com/VA/Airfields_VA_PrinceWilliam.htm
3B42B3F1FA,,VA,Virginia State Police Airport,,Bon Air,37.502,-77.541,,HISTORICAL_INFORMATIONAL,yes,,https://www.airfields-freeman.com/VA/Airfields_VA_Richmond_W.htm
894A971DE8,,VA,Wallace George Field / Godfrey Field / (Original) Leesburg Municipal Airport,,Leesburg,39.113,-77.546,,HISTORICAL_INFORMATIONAL,yes,,https://www.airfields-freeman.com/VA/Airfields_VA_Loudoun.htm
427BE34052,,VA,Waverly Airport (2nd location),,Waverly,37.06,-77.12,,HISTORICAL_INFORMATIONAL,yes,,https://www.airfields-freeman.com/VA/Airfields_VA_Richmond_E.htm
8A6D3AC2DE,,VA,Westview Airport,,Richmond,37.6,-77.51,,HISTORICAL_INFORMATIONAL,yes,,https://www.airfields-freeman.com/VA/Airfields_VA_Richmond_W.htm
1C48593CCE,,VA,Whitehurst Naval Outlying Landing Field,,Whitehurst,36.915,-76.195,,HISTORICAL_INFORMATIONAL,yes,,https://www.airfields-freeman.com/VA/Airfields_VA_Norfolk.htm
5ABF9270B1,,VA,Wood Field,,Charlottesville,38.1,-78.551,,HISTORICAL_INFORMATIONAL,yes,,https://www.airfields-freeman.com/VA/Airfields_VA_C.htm
23640BE3DB,,VA,Yorktown Naval Aviation Field,,Yorktown,37.27,-76.576,,HISTORICAL_INFORMATIONAL,yes,,https://www.airfields-freeman.com/VA/Airfields_VA_Hampton.htm
FF61DD1E90,,VT,Bristol Airport,,Bristol,44.135,-73.093,,HISTORICAL_INFORMATIONAL,yes,,https://www.airfields-freeman.com/VT/Airfields_VT_N.htm
10D1BC028E,,VT,Brown Airport / St. Johnsbury Airport,,Lyndonville,44.497,-72.012,,HISTORICAL_INFORMATIONAL,yes,,https://www.airfields-freeman.com/VT/Airfields_VT_N.htm
022E8494E0,,VT,Champlain Airport,,Colchester,44.545,-73.282,,HISTORICAL_INFORMATIONAL,yes,,https://www.airfields-freeman.com/VT/Airfields_VT_N.htm
C00664D23A,,VT,Equinox Airport,,Manchester,43.163,-73.045,,HISTORICAL_INFORMATIONAL,yes,,https://www.airfields-freeman.com/VT/Airfields_VT_S.htm
E693D9F06C,,VT,Fair Haven Municipal Airport (1B3),,Fair Haven,43.615,-73.274,,HISTORICAL_INFORMATIONAL,yes,,https://www.airfields-freeman.com/VT/Airfields_VT_S.htm
688FB7A789,,VT,Fort Ethan Allen AAF,,Burlington,44.504,-73.162,,HISTORICAL_INFORMATIONAL,yes,,https://www.airfields-freeman.com/VT/Airfields_VT_N.htm
1D00231EFF,,VT,Miller Airport,,Windsor,43.43,-72.4,,HISTORICAL_INFORMATIONAL,yes,,https://www.airfields-freeman.com/VT/Airfields_VT_S.htm
E9E1EDE82D,,VT,Missisquoi Airport / Warren Austin Airport,,Swanton,44.933,-73.088,,HISTORICAL_INFORMATIONAL,yes,,https://www.airfields-freeman.com/VT/Airfields_VT_N.htm
7AFDFBCAC3,,VT,Mount Snow Airport / Deerfield Valley Regional Airport (4V8),,Dover,42.927,-72.866,,HISTORICAL_INFORMATIONAL,yes,,https://www.airfields-freeman.com/VT/Airfields_VT_S.htm
951A63FFA8,,VT,Wood Airfield / Caledonia Airfield,,St. Johnsbury,44.4,-71.925,,HISTORICAL_INFORMATIONAL,yes,,https://www.airfields-freeman.com/VT/Airfields_VT_N.htm
5EE2D23C1D,,WA,(Original) Everett Airport / Ebey Island Airport,,Everett,48.035,-122.18,,HISTORICAL_INFORMATIONAL,yes,,https://www.airfields-freeman.com/WA/Airfields_WA_Seattle_N.htm
2573D024C2,,WA,Ash Airport,,Ash,46.237,-118.83,,HISTORICAL_INFORMATIONAL,yes,,https://www.airfields-freeman.com/WA/Airfields_WA_E.htm
C81052749F,,WA,Auburn Airfield,,Auburn,47.293,-122.196,,HISTORICAL_INFORMATIONAL,yes,,https://www.airfields-freeman.com/WA/Airfields_WA_Tacoma.htm
AA14375DEA,,WA,Bellevue Airfield (BVU),,Bellevue,47.58,-122.13,,HISTORICAL_INFORMATIONAL,yes,,https://www.airfields-freeman.com/WA/Airfields_WA_Seattle_S.htm
D3DA72D7FF,,WA,Ben Barry's Sky Harbor,,Tacoma,47.247,-122.39,,HISTORICAL_INFORMATIONAL,yes,,https://www.airfields-freeman.com/WA/Airfields_WA_Tacoma.htm
B1DCB2E024,,WA,Blaine Municipal Airport / Dierks Field (4W6),,Blaine,48.99,-122.73,,HISTORICAL_INFORMATIONAL,yes,,https://www.airfields-freeman.com/WA/Airfields_WA_NW.htm
3CA49F6B7B,,WA,Bowers Auxiliary Airfield,,Thorp,47.11,-120.63,,HISTORICAL_INFORMATIONAL,yes,,https://www.airfields-freeman.com/WA/Airfields_WA_C.htm
366574CF7F,,WA,Calkins Air Terminal,,Spokane,47.72,-117.405,,HISTORICAL_INFORMATIONAL,yes,,https://www.airfields-freeman.com/WA/Airfields_WA_E.htm
59938A31E8,,WA,Cameron Airfield,,Kittitas,46.99,-120.419,,HISTORICAL_INFORMATIONAL,yes,,https://www.airfields-freeman.com/WA/Airfields_WA_C.htm
4F99EDAF02,,WA,Canaday Field,,Arlington,48.226,-122.044,,HISTORICAL_INFORMATIONAL,yes,,https://www.airfields-freeman.com/WA/Airfields_WA_NW.htm
7F581AA0A0,,WA,Cedar Grove Airpark,,Cedar Grove,47.45,-122.05,,HISTORICAL_INFORMATIONAL,yes,,https://www.airfields-freeman.com/WA/Airfields_WA_Seattle_S.htm
C8591AA934,,WA,City View Airport,,Tacoma,47.288,-122.38,,HISTORICAL_INFORMATIONAL,yes,,https://www.airfields-freeman.com/WA/Airfields_WA_Tacoma.htm
2B1DC6A3FB,,WA,Clarkston Airport / Asotin County Airport,,Clarkston,46.425,-117.06,,HISTORICAL_INFORMATIONAL,yes,,https://www.airfields-freeman.com/WA/Airfields_WA_E.htm
F5AC95F1B7,,WA,Cougar Flat Airstrip (WN24),,Cougar Flat,46.296,-122.952,,HISTORICAL_INFORMATIONAL,yes,,https://www.airfields-freeman.com/WA/Airfields_WA_SW.htm
64F42463F2,,WA,Curlew Airport,,Curlew,48.886,-118.61,,HISTORICAL_INFORMATIONAL,yes,,https://www.airfields-freeman.com/WA/Airfields_WA_E.htm
A09EEE720B,,WA,Cypress Island Airfield,,Cypress Island,48.572,-122.69,,HISTORICAL_INFORMATIONAL,yes,,https://www.airfields-freeman.com/WA/Airfields_WA_NW.htm
40D38F59AA,,WA,Dayton Airport,,Dayton,46.381,-117.948,,HISTORICAL_INFORMATIONAL,yes,,https://www.airfields-freeman.com/WA/Airfields_WA_E.htm
F2A394FB82,,WA,East Stevens Pass Airport / Nason Creek State Airport / Dardanelles Landing Strip,,Nason Creek,47.76,-120.8,,HISTORICAL_INFORMATIONAL,yes,,https://www.airfields-freeman.com/WA/Airfields_WA_C.htm
C18917062A,,WA,"Elma Municipal Airport (4W8, 1WA7)",,Elma,46.991,-123.43,,HISTORICAL_INFORMATIONAL,yes,,https://www.airfields-freeman.com/WA/Airfields_WA_SW.htm
A8DC6E5006,,WA,Evergreen Airport / Evergreen Industrial Airport,,Federal Way,47.31,-122.32,,HISTORICAL_INFORMATIONAL,yes,,https://www.airfields-freeman.com/WA/Airfields_WA_Tacoma.htm
6728B1CBC2,,WA,Evergreen Field (59S) / Suggs Airport,,Vancouver,45.62,-122.53,,HISTORICAL_INFORMATIONAL,yes,,https://www.airfields-freeman.com/WA/Airfields_WA_SW.htm
81744F6FF5,,WA,Fancher Field,,Wenatchee,47.45,-120.28,,HISTORICAL_INFORMATIONAL,yes,,https://www.airfields-freeman.com/WA/Airfields_WA_C.htm
E4D2861F93,,WA,Fort Lewis #1 Airfield,,Spanaway,47.079,-122.472,,HISTORICAL_INFORMATIONAL,yes,,https://www.airfields-freeman.com/WA/Airfields_WA_Tacoma.htm
882C1F47DD,,WA,Gaffney's Lake Wilderness Resort Airfield,,Maple Valley,47.38,-122.039,,HISTORICAL_INFORMATIONAL,yes,,https://www.airfields-freeman.com/WA/Airfields_WA_Tacoma.htm
CAB457B022,,WA,Hanford Auxiliary Field,,Hanford,46.447,-119.505,,HISTORICAL_INFORMATIONAL,yes,,https://www.airfields-freeman.com/WA/Airfields_WA_C.htm
EE54492070,,WA,Hanford Field,,Hanford,46.6,-119.41,,HISTORICAL_INFORMATIONAL,yes,,https://www.airfields-freeman.com/WA/Airfields_WA_C.htm
8585BC3B20,,WA,Hewitt Field,,Ashford,46.758,-122.018,,HISTORICAL_INFORMATIONAL,yes,,https://www.airfields-freeman.com/WA/Airfields_WA_SW.htm
A5482576CA,,WA,Issaquah Sky Ranch / Seattle Sky Ranch / Seattle Skyport / Issaquah Skyport,,Issaquah,47.55,-122.05,,HISTORICAL_INFORMATIONAL,yes,,https://www.airfields-freeman.com/WA/Airfields_WA_Seattle_S.htm
ABC174E402,,WA,Jackass Field #9 / Naval Outlying Landing Field 35911,,Eltopia,46.43,-119.13,,HISTORICAL_INFORMATIONAL,yes,,https://www.airfields-freeman.com/WA/Airfields_WA_C.htm
B889DCD3D9,,WA,Kent Airport (original location),,Kent,47.37,-122.24,,HISTORICAL_INFORMATIONAL,yes,,https://www.airfields-freeman.com/WA/Airfields_WA_Seattle_S.htm
1B771D33EB,,WA,Lake Airpark,,Newport,47.57,-122.19,,HISTORICAL_INFORMATIONAL,yes,,https://www.airfields-freeman.com/WA/Airfields_WA_Seattle_S.htm
FBBD832BF1,,WA,Lemen Airpark,,Opportunity,47.64,-117.213,,HISTORICAL_INFORMATIONAL,yes,,https://www.airfields-freeman.com/WA/Airfields_WA_E.htm
A53B3E381E,,WA,Longview Airport / Taylor Airport,,Longview,46.11,-122.92,,HISTORICAL_INFORMATIONAL,yes,,https://www.airfields-freeman.com/WA/Airfields_WA_SW.htm
FBA2CD167F,,WA,Martha Lake Airport (S13),,Alderwood Manor,47.86,-122.24,,HISTORICAL_INFORMATIONAL,yes,,https://www.airfields-freeman.com/WA/Airfields_WA_Seattle_N.htm
52FAF7219D,,WA,Moss Field (2WA4),,Graham,47.072,-122.298,,HISTORICAL_INFORMATIONAL,yes,,https://www.airfields-freeman.com/WA/Airfields_WA_Tacoma.htm
558D97213F,,WA,Mueller-Harkins Field / Clover Park Technical College Airfield,,Clover Park,47.174,-122.5,,HISTORICAL_INFORMATIONAL,yes,,https://www.airfields-freeman.com/WA/Airfields_WA_Tacoma.htm
7CCD963CD1,,WA,Naval Air Station Bremerton,,Bremerton,47.558,-122.64,,HISTORICAL_INFORMATIONAL,yes,,https://www.airfields-freeman.com/WA/Airfields_WA_NW.htm
FE9CE874D0,,WA,North Seattle Air Park,,Kirkland,47.73,-122.24,,HISTORICAL_INFORMATIONAL,yes,,https://www.airfields-freeman.com/WA/Airfields_WA_Seattle_N.htm
5318EE9FD7,,WA,Northport Airport / James A. Lowry Municipal Airport,,Northport,48.925,-117.78,,HISTORICAL_INFORMATIONAL,yes,,https://www.airfields-freeman.com/WA/Airfields_WA_E.htm
29697E75F5,,WA,Oak Harbor Naval Seaplane Base,,Oak Harbor,48.29,-122.63,,HISTORICAL_INFORMATIONAL,yes,,https://www.airfields-freeman.com/WA/Airfields_WA_NW.htm
80EC573D19,,WA,Ocean Park Skyport,,Klipsan Beach,46.457,-124.052,,HISTORICAL_INFORMATIONAL,yes,,https://www.airfields-freeman.com/WA/Airfields_WA_SW.htm
E400738937,,WA,Ocean Shores Airport (original location) / Corning Field (S26),,Ocean Shores,47.005,-124.164,,HISTORICAL_INFORMATIONAL,yes,,https://www.airfields-freeman.com/WA/Airfields_WA_SW.htm
B81E0CAAEF,,WA,Pasayten Airstrip,,Pasayten,48.92,-120.63,,HISTORICAL_INFORMATIONAL,yes,,https://www.airfields-freeman.com/WA/Airfields_WA_C.htm
765D6E275A,,WA,Pasco Airport (original location),,Pasco,46.244,-119.082,,HISTORICAL_INFORMATIONAL,yes,,https://www.airfields-freeman.com/WA/Airfields_WA_C.htm
631D903824,,WA,Richland CAP Airport,,Richland,46.255,-119.27,,HISTORICAL_INFORMATIONAL,yes,,https://www.airfields-freeman.com/WA/Airfields_WA_C.htm
9A5CE8B569,,WA,Royal Slope Airfield,,Beverly,46.905,-119.907,,HISTORICAL_INFORMATIONAL,yes,,https://www.airfields-freeman.com/WA/Airfields_WA_C.htm
E862E4B0A0,,WA,Sage Field #4 / Naval Outlying Landing Field #31207,,Glade,46.326,-119.215,,HISTORICAL_INFORMATIONAL,yes,,https://www.airfields-freeman.com/WA/Airfields_WA_C.htm
C040F09B27,,WA,Sand Point Airfield / Naval Air Station Seattle (KNEJ),,Seattle,47.68,-122.25,,HISTORICAL_INFORMATIONAL,yes,,https://www.airfields-freeman.com/WA/Airfields_WA_Seattle_N.htm
D6F3F56649,,WA,Scholl's Airport / Clark County Airport,,Vancouver,45.69,-122.545,,HISTORICAL_INFORMATIONAL,yes,,https://www.airfields-freeman.com/WA/Airfields_WA_SW.htm
68C6078890,,WA,Sky Harbor Airport (S86),,Sultan,47.871,-121.793,,HISTORICAL_INFORMATIONAL,yes,,https://www.airfields-freeman.com/WA/Airfields_WA_Seattle_N.htm
C696C503A9,,WA,Skyline Airport,,Anacortes,48.497,-122.687,,HISTORICAL_INFORMATIONAL,yes,,https://www.airfields-freeman.com/WA/Airfields_WA_NW.htm
5129173269,,WA,Spanaway Airport (S44),,Spanaway,47.087,-122.432,,HISTORICAL_INFORMATIONAL,yes,,https://www.airfields-freeman.com/WA/Airfields_WA_Tacoma.htm
FD363E2591,,WA,Tacoma Airpark / Tacoma Aero Club Airfield / South Tacoma Airport,,Tacoma,47.21,-122.49,,HISTORICAL_INFORMATIONAL,yes,,https://www.airfields-freeman.com/WA/Airfields_WA_Tacoma.htm
4BC9AF9F5B,,WA,Tacoma Airport,,Tacoma,47.24,-122.53,,HISTORICAL_INFORMATIONAL,yes,,https://www.airfields-freeman.com/WA/Airfields_WA_Tacoma.htm
858B919A92,,WA,Valley Airport / Kent Airport (2nd location) / Smith Brothers Airport,,Kent,47.36,-122.24,,HISTORICAL_INFORMATIONAL,yes,,https://www.airfields-freeman.com/WA/Airfields_WA_Seattle_S.htm
FB6ABBD6DC,,WA,Vantage Airport,,Vantage,46.937,-119.987,,HISTORICAL_INFORMATIONAL,yes,,https://www.airfields-freeman.com/WA/Airfields_WA_C.htm
7F937E1421,,WA,Vista Field (S98),,Kennewick,46.22,-119.21,,HISTORICAL_INFORMATIONAL,yes,,https://www.airfields-freeman.com/WA/Airfields_WA_C.htm
8662969628,,WA,Wax Orchards Airport (WA69),,Vashon,47.4,-122.499,,HISTORICAL_INFORMATIONAL,yes,,https://www.airfields-freeman.com/WA/Airfields_WA_Seattle_S.htm
7441078FFD,,WI,(Original) Fond du Lac Airport,,Fond du Lac,43.788,-88.414,,HISTORICAL_INFORMATIONAL,yes,,https://www.airfields-freeman.com/WI/Airfields_WI_SE.htm
96C13A24AD,,WI,(Original) Outagamie County Airport,,Appleton,44.282,-88.37,,HISTORICAL_INFORMATIONAL,yes,,https://www.airfields-freeman.com/WI/Airfields_WI_N.htm
D6AB0A40B5,,WI,(Original) Platteville Airport (C46),,Platteville,42.672,-90.5,,HISTORICAL_INFORMATIONAL,yes,,https://www.airfields-freeman.com/WI/Airfields_WI_SW.htm
FE45A75FF3,,WI,(Original) Rice Lake Municipal Airport,,Rice Lake,45.486,-91.737,,HISTORICAL_INFORMATIONAL,yes,,https://www.airfields-freeman.com/WI/Airfields_WI_N.htm
E17148210F,,WI,Aero Park Airport (76C),,Menomonee Falls,43.108,-88.164,,HISTORICAL_INFORMATIONAL,yes,,https://www.airfields-freeman.com/WI/Airfields_WI_SE.htm
9806A0656A,,WI,Air City Airport,,Sturtevant,42.695,-87.892,,HISTORICAL_INFORMATIONAL,yes,,https://www.airfields-freeman.com/WI/Airfields_WI_SE.htm
AFBA7F0EAA,,WI,Arrowhead Airport / Rice Lake Municipal Airport (2nd location) (RIE),,Rice Lake,45.478,-91.722,,HISTORICAL_INFORMATIONAL,yes,,https://www.airfields-freeman.com/WI/Airfields_WI_N.htm
C396718E7A,,WI,Beaver Dam Airport (1st location),,Beaver Dam,43.478,-88.835,,HISTORICAL_INFORMATIONAL,yes,,https://www.airfields-freeman.com/WI/Airfields_WI_SE.htm
E5B91B57E3,,WI,Beaver Dam Airport (2nd location),,Beaver Dam,43.457,-88.864,,HISTORICAL_INFORMATIONAL,yes,,https://www.airfields-freeman.com/WI/Airfields_WI_SE.htm
CF3113BFD6,,WI,Blesch Field / Brown County Airport / Country Club Airport,,Green Bay,44.497,-88.046,,HISTORICAL_INFORMATIONAL,yes,,https://www.airfields-freeman.com/WI/Airfields_WI_N.htm
F228A1F771,,WI,Chaplin Airpark,,Plymouth,43.761,-87.986,,HISTORICAL_INFORMATIONAL,yes,,https://www.airfields-freeman.com/WI/Airfields_WI_SE.htm
EAC0E07466,,WI,Colby-Abbotsford Airport,,Abbotsford,44.925,-90.32,,HISTORICAL_INFORMATIONAL,yes,,https://www.airfields-freeman.com/WI/Airfields_WI_N.htm
8EB58DB85D,,WI,Cronin Field / Rainbow Airport (Y78),,Franklin,42.865,-88.005,,HISTORICAL_INFORMATIONAL,yes,,https://www.airfields-freeman.com/WI/Airfields_WI_SE.htm
AC132A759D,,WI,George Whiting Field / Wittman Airport,,Appleton,44.223,-88.428,,HISTORICAL_INFORMATIONAL,yes,,https://www.airfields-freeman.com/WI/Airfields_WI_N.htm
8A7C35A7E4,,WI,Gonstead Airport,,Mt. Horeb,42.997,-89.74,,HISTORICAL_INFORMATIONAL,yes,,https://www.airfields-freeman.com/WI/Airfields_WI_SW.htm
1179483CD3,,WI,Governer Dodge-Quinn Airport / Dodgeville Municipal Airport (55C),,Dodgeville,42.995,-90.144,,HISTORICAL_INFORMATIONAL,yes,,https://www.airfields-freeman.com/WI/Airfields_WI_SW.htm
9C1B102573,,WI,Hales Corners Airport,,Hales Corners,42.928,-88.043,,HISTORICAL_INFORMATIONAL,yes,,https://www.airfields-freeman.com/WI/Airfields_WI_SE.htm
00514B2FF4,,WI,Jackson County Airport,,Vaudreuil,44.305,-90.806,,HISTORICAL_INFORMATIONAL,yes,,https://www.airfields-freeman.com/WI/Airfields_WI_SW.htm
3C3A542823,,WI,Janesville City Airport,,Janesville,42.712,-89.01,,HISTORICAL_INFORMATIONAL,yes,,https://www.airfields-freeman.com/WI/Airfields_WI_SE.htm
F8202BED18,,WI,Kickapoo Airfield / Joshua Sanford Field Airport (KHBW),,Hillsboro,43.657,-90.328,,HISTORICAL_INFORMATIONAL,yes,,https://www.airfields-freeman.com/WI/Airfields_WI_SW.htm
4264579ECA,,WI,Kohler Airport,,Kohler,43.747,-87.777,,HISTORICAL_INFORMATIONAL,yes,,https://www.airfields-freeman.com/WI/Airfields_WI_SE.htm
77504E0FEE,,WI,Larson Brothers Airport,,Larsen,44.2,-88.64,,HISTORICAL_INFORMATIONAL,yes,,https://www.airfields-freeman.com/WI/Airfields_WI_SE.htm
E5F2C6474C,,WI,Madison North Street Airport,,Madison,43.11,-89.351,,HISTORICAL_INFORMATIONAL,yes,,https://www.airfields-freeman.com/WI/Airfields_WI_SE.htm
3087D1E689,,WI,Maitland Airport,,Milwaukee,43.032,-87.9,,HISTORICAL_INFORMATIONAL,yes,,https://www.airfields-freeman.com/WI/Airfields_WI_SE.htm
4664B5F3FD,,WI,Old Tomahawk Airport / Forrest Protection Airfield,,Tomahawk,45.474,-89.744,,HISTORICAL_INFORMATIONAL,yes,,https://www.airfields-freeman.com/WI/Airfields_WI_N.htm
3B09F72D06,,WI,Playboy Airport / Americana Airport / Lake Geneva Airport / Grand Geneva Airport (C02),,Lake Geneva,42.613,-88.393,,HISTORICAL_INFORMATIONAL,yes,,https://www.airfields-freeman.com/WI/Airfields_WI_SE.htm
3B17C430DA,,WI,Richard Bong AFB,,Kansasville,42.625,-88.15,,HISTORICAL_INFORMATIONAL,yes,,https://www.airfields-freeman.com/WI/Airfields_WI_SE.htm
EE57A81C32,,WI,River Falls Airport (Y53),,River Falls,44.843,-92.616,,HISTORICAL_INFORMATIONAL,yes,,https://www.airfields-freeman.com/WI/Airfields_WI_N.htm
3641C222F1,,WI,Royal Airport / Pennco Field / Four Lakes Airport,,Monona,43.045,-89.35,,HISTORICAL_INFORMATIONAL,yes,,https://www.airfields-freeman.com/WI/Airfields_WI_SE.htm
EB979ACC6F,,WI,Salzer Field,,La Crosse,43.787,-91.224,,HISTORICAL_INFORMATIONAL,yes,,https://www.airfields-freeman.com/WI/Airfields_WI_SW.htm
066C3AF9C5,,WI,Superior Municipal Airport,,Superior,46.72,-92.13,,HISTORICAL_INFORMATIONAL,yes,,https://www.airfields-freeman.com/WI/Airfields_WI_N.htm
A60F00E8BA,,WI,Vincent Airfield (64C),,Genoa City,42.519,-88.302,,HISTORICAL_INFORMATIONAL,yes,,https://www.airfields-freeman.com/WI/Airfields_WI_SE.htm
C991517924,,WI,Westosha Airport (5K6),,Wilmot,42.514,-88.205,,HISTORICAL_INFORMATIONAL,yes,,https://www.airfields-freeman.com/WI/Airfields_WI_SE.htm
A348C50116,,WV,Beckley Mt. Hope Airport,,Beckley,37.815,-81.184,,HISTORICAL_INFORMATIONAL,yes,,https://www.airfields-freeman.com/WV/Airfields_WV_SW.htm
E9834B6B92,,WV,Bollinger Field / Hilltop Airport,,Ruth,38.32,-81.72,,HISTORICAL_INFORMATIONAL,yes,,https://www.airfields-freeman.com/WV/Airfields_WV_SW.htm
457E5D0B2F,,WV,Boone Airport (2nd location),,Ronceverte,37.774,-80.475,,HISTORICAL_INFORMATIONAL,yes,,https://www.airfields-freeman.com/WV/Airfields_WV_SE.htm
D69DB061C1,,WV,Burlington Airport / Baker Air Park,,Burlington,39.34,-78.91,,HISTORICAL_INFORMATIONAL,yes,,https://www.airfields-freeman.com/WV/Airfields_WV_NE.htm
C11FB1D50E,,WV,Capon Springs Airfield,,High View,39.147,-78.483,,HISTORICAL_INFORMATIONAL,yes,,https://www.airfields-freeman.com/WV/Airfields_WV_NE.htm
6889391DAC,,WV,Cedar Meadows Airpark,,Summit Point,39.243,-77.992,,HISTORICAL_INFORMATIONAL,yes,,https://www.airfields-freeman.com/WV/Airfields_WV_NE.htm
1324B7637A,,WV,Charles Town Airport,,Charles Town,39.33,-77.833,,HISTORICAL_INFORMATIONAL,yes,,https://www.airfields-freeman.com/WV/Airfields_WV_NE.htm
875B740071,,WV,Clark Seaplane Base / Kanawha Seaplane Base / Capital City Seaplane Base,,Charleston,38.35,-81.63,,HISTORICAL_INFORMATIONAL,yes,,https://www.airfields-freeman.com/WV/Airfields_WV_SW.htm
4A1B40DB27,,WV,Dawson Army Airfield (1st location),,Kingwood,39.45,-79.67,,HISTORICAL_INFORMATIONAL,yes,,https://www.airfields-freeman.com/WV/Airfields_WV_NE.htm
A1B334469C,,WV,"Glen Dale Fokker Field (GWV, WV66)",,Glen Dale,39.95,-80.76,,HISTORICAL_INFORMATIONAL,yes,,https://www.airfields-freeman.com/WV/Airfields_WV_NW.htm
8D039EA257,,WV,Greenbrier Airport / Greenbrier Army Airfield,,White Sulphur Springs,37.777,-80.333,,HISTORICAL_INFORMATIONAL,yes,,https://www.airfields-freeman.com/WV/Airfields_WV_SE.htm
6A59E24A0F,,WV,Guinns Airport,,Parkersburg,39.24,-81.56,,HISTORICAL_INFORMATIONAL,yes,,https://www.airfields-freeman.com/WV/Airfields_WV_NW.htm
330BE32804,,WV,Hundred Airport,,Hundred,39.691,-80.457,,HISTORICAL_INFORMATIONAL,yes,,https://www.airfields-freeman.com/WV/Airfields_WV_NW.htm
A5C14A6E1C,,WV,Keyser Airport,,Keyser,39.43,-78.99,,HISTORICAL_INFORMATIONAL,yes,,https://www.airfields-freeman.com/WV/Airfields_WV_NE.htm
7BB71C0236,,WV,Langin Field,,Moundsville,39.928,-80.753,,HISTORICAL_INFORMATIONAL,yes,,https://www.airfields-freeman.com/WV/Airfields_WV_NW.htm
C2459672DE,,WV,Lewis Field / Brushy Fork Airport,,Buckhannon,38.991,-80.27,,HISTORICAL_INFORMATIONAL,yes,,https://www.airfields-freeman.com/WV/Airfields_WV_NE.htm
5AD0F424E3,,WV,Madison Airport / Slippery Gut Airport,,Danville,38.112,-81.85,,HISTORICAL_INFORMATIONAL,yes,,https://www.airfields-freeman.com/WV/Airfields_WV_SW.htm
398EB0A8EA,,WV,Mason County Airport (3I2),,Point Pleasant,38.914,-82.1,,HISTORICAL_INFORMATIONAL,yes,,https://www.airfields-freeman.com/WV/Airfields_WV_NW.htm
661CFA1C8E,,WV,McDonald Airport,,Earling,37.761,-81.903,,HISTORICAL_INFORMATIONAL,yes,,https://www.airfields-freeman.com/WV/Airfields_WV_SW.htm
2014F632C2,,WV,Miller Field (WV18),,Keyser,39.408,-79.014,,HISTORICAL_INFORMATIONAL,yes,,https://www.airfields-freeman.com/WV/Airfields_WV_NE.htm
3932387489,,WV,Mingo County Airport (4I0),,Williamson,37.688,-82.261,,HISTORICAL_INFORMATIONAL,yes,,https://www.airfields-freeman.com/WV/Airfields_WV_SW.htm
1725B08AD4,,WV,Moorefield Airport,,Moorefield,39.07,-78.947,,HISTORICAL_INFORMATIONAL,yes,,https://www.airfields-freeman.com/WV/Airfields_WV_NE.htm
8782333315,,WV,Parkersburg Airport / Stewart Air Park,,Parkersburg,39.302,-81.552,,HISTORICAL_INFORMATIONAL,yes,,https://www.airfields-freeman.com/WV/Airfields_WV_NW.htm
488D352F3B,,WV,Princeton Airport,,Princeton,37.36,-81.11,,HISTORICAL_INFORMATIONAL,yes,,https://www.airfields-freeman.com/WV/Airfields_WV_SE.htm
D668C30BA5,,WV,Rexroad Airfield (1st location),,Peeltree,39.16,-80.17,,HISTORICAL_INFORMATIONAL,yes,,https://www.airfields-freeman.com/WV/Airfields_WV_NE.htm
D863BEDCA8,,WV,Rexroad Airfield (2nd location),,Peeltree,39.14,-80.21,,HISTORICAL_INFORMATIONAL,yes,,https://www.airfields-freeman.com/WV/Airfields_WV_NE.htm
12CB799D77,,WV,Ronceverte Airport / Boone Airport (original location),,Ronceverte,37.763,-80.479,,HISTORICAL_INFORMATIONAL,yes,,https://www.airfields-freeman.com/WV/Airfields_WV_SE.htm
8671040CD1,,WV,Skylanes Field / Half Moon Field,,Weirton,40.387,-80.62,,HISTORICAL_INFORMATIONAL,yes,,https://www.airfields-freeman.com/WV/Airfields_WV_NW.htm
83B498ED8E,,WV,"State 4H Airport / Lt. Louis Bennett Field (49I, WV23)",,Weston,39.092,-80.471,,HISTORICAL_INFORMATIONAL,yes,,https://www.airfields-freeman.com/WV/Airfields_WV_NW.htm
3CA4BECF13,,WV,Steelton Civil Air Patrol Airport / P.W. Johnson Memorial Airport (75D),,Steelton,39.684,-80.862,,HISTORICAL_INFORMATIONAL,yes,,https://www.airfields-freeman.com/WV/Airfields_WV_NW.htm
B2855D8D6C,,WV,Stump's Airfield,,Romney,39.328,-78.78,,HISTORICAL_INFORMATIONAL,yes,,https://www.airfields-freeman.com/WV/Airfields_WV_NE.htm
F0921CD820,,WV,Summersville Airport / (Original) Nicholas County Airport,,Summersville,38.33,-80.83,,HISTORICAL_INFORMATIONAL,yes,,https://www.airfields-freeman.com/WV/Airfields_WV_SW.htm
67FE550E5E,,WV,Summit Point Airport,,Summit Point,39.247,-77.988,,HISTORICAL_INFORMATIONAL,yes,,https://www.airfields-freeman.com/WV/Airfields_WV_NE.htm
647AF79241,,WV,Swope Farm Airfield (WV11),,Fan Rock,37.57,-81.62,,HISTORICAL_INFORMATIONAL,yes,,https://www.airfields-freeman.com/WV/Airfields_WV_SW.htm
85EC09DD94,,WV,Thomas Airfield,,Thomas,39.16,-79.51,,HISTORICAL_INFORMATIONAL,yes,,https://www.airfields-freeman.com/WV/Airfields_WV_NE.htm
4D97BC33B6,,WV,Watoga Airport / Huntersville Airport,,Huntersville,38.097,-80.094,,HISTORICAL_INFORMATIONAL,yes,,https://www.airfields-freeman.com/WV/Airfields_WV_SE.htm
234E76CD96,,WV,Weirton Airport,,Weirton,40.4,-80.55,,HISTORICAL_INFORMATIONAL,yes,,https://www.airfields-freeman.com/WV/Airfields_WV_NW.htm
AB458A286D,,WV,Welch Municipal Airport (I25),,Welch,37.42,-81.53,,HISTORICAL_INFORMATIONAL,yes,,https://www.airfields-freeman.com/WV/Airfields_WV_SW.htm
A68E5BB4F9,,WV,Wertz Field,,Institute,38.38,-81.78,,HISTORICAL_INFORMATIONAL,yes,,https://www.airfields-freeman.com/WV/Airfields_WV_SW.htm
29142602B1,,WV,Woodworth Field,,Burlington,39.336,-78.909,,HISTORICAL_INFORMATIONAL,yes,,https://www.airfields-freeman.com/WV/Airfields_WV_NE.htm
3BE3AD6FC0,,WY,(Original) Hot Springs County Thermopolis Airport (THP),,Thermopolis,43.664,-108.209,,HISTORICAL_INFORMATIONAL,yes,,https://www.airfields-freeman.com/WY/Airfields_WY.htm
5A649BFC30,,WY,(Original) Rock Springs Airport,,Rock Springs,41.63,-109.24,,HISTORICAL_INFORMATIONAL,yes,,https://www.airfields-freeman.com/WY/Airfields_WY.htm
54E6745929,,WY,Casper Central Airport,,Evansville,42.863,-106.274,,HISTORICAL_INFORMATIONAL,yes,,https://www.airfields-freeman.com/WY/Airfields_WY.htm
6715A02BBE,,WY,Douglas Municipal Airport / (Original) Converse County Airport (DGW),,Douglas,42.74,-105.37,,HISTORICAL_INFORMATIONAL,yes,,https://www.airfields-freeman.com/WY/Airfields_WY.htm
5FCE15701C,,WY,Evanston Flying Club Airfield / (Original) Evanston Municipal Airport (EVW),,Almy,41.35,-111,,HISTORICAL_INFORMATIONAL,yes,,https://www.airfields-freeman.com/WY/Airfields_WY.htm
E0716C163A,,WY,Igo Airfield,,Peru,41.54,-109.59,,HISTORICAL_INFORMATIONAL,yes,,https://www.airfields-freeman.com/WY/Airfields_WY.htm
38A5E38E0D,,WY,Ten Sleep Airport (50U),,Ten Sleep,44.023,-107.438,,HISTORICAL_INFORMATIONAL,yes,,https://www.airfields-freeman.com/WY/Airfields_WY.htm
917AD6E113,,WY,Wamsutter Airport,,Wamsutter,41.687,-107.987,,HISTORICAL_INFORMATIONAL,yes,,https://www.airfields-freeman.com/WY/Airfields_WY.htm
31A4834138,,WY,Wardwell Field,,Bar Nunn,42.91,-106.35,,HISTORICAL_INFORMATIONAL,yes,,https://www.airfields-freeman.com/WY/Airfields_WY.htm
